age,job,marital,education,default,balance,housing,loan,contact,day,month,duration,campaign,pdays,previous,poutcome,y
46,unknown,married,primary,no,429,no,no,cellular,28,dec,363,2,-1,0,failure,0
39,blue-collar,divorced,tertiary,no,335,yes,no,cellular,17,aug,218,1,77,0,success,0
48,retired,married,secondary,no,1533,yes,no,cellular,13,dec,64,2,-1,0,unknown,1
57,retired,married,secondary,no,2256,yes,no,cellular,17,may,269,4,-1,0,other,0
38,unknown,married,secondary,no,513,no,no,cellular,11,may,373,2,99,0,unknown,0
38,technician,single,primary,no,1860,yes,yes,cellular,31,mar,165,4,-1,0,success,0
58,management,married,primary,no,3027,no,no,cellular,1,feb,355,7,-1,0,failure,0
49,blue-collar,single,unknown,no,1983,no,no,cellular,24,jun,133,2,-1,0,failure,0
35,services,single,primary,no,-147,yes,no,unknown,13,apr,1012,5,-1,0,unknown,0
46,blue-collar,single,tertiary,no,2434,yes,no,cellular,26,oct,70,1,-1,0,failure,0
35,services,divorced,secondary,no,2034,no,yes,cellular,18,dec,388,1,344,0,other,0
35,student,single,tertiary,no,1459,yes,no,cellular,24,apr,357,1,-1,0,unknown,0
43,management,married,tertiary,no,1940,yes,yes,telephone,29,jun,194,3,-1,0,unknown,0
19,retired,married,tertiary,no,5625,no,no,cellular,28,feb,111,1,-1,0,unknown,0
22,retired,married,secondary,no,646,no,no,cellular,6,feb,152,6,-1,0,unknown,0
34,housemaid,married,primary,no,-95,yes,no,unknown,13,oct,256,4,-1,0,unknown,0
29,housemaid,married,secondary,no,726,yes,no,cellular,21,oct,194,2,-1,0,unknown,0
44,retired,married,secondary,no,-128,no,no,cellular,22,apr,369,2,158,0,other,1
31,technician,married,tertiary,no,322,yes,no,unknown,20,jun,115,3,-1,2,unknown,0
25,admin.,divorced,tertiary,no,1126,yes,yes,cellular,28,feb,29,3,-1,1,unknown,0
57,management,married,secondary,no,355,yes,yes,cellular,11,jul,181,2,-1,0,unknown,1
38,admin.,divorced,primary,yes,1534,yes,no,cellular,19,nov,77,1,-1,0,unknown,0
41,services,married,secondary,no,2388,no,no,cellular,27,aug,247,5,-1,0,unknown,0
25,entrepreneur,single,secondary,no,618,no,yes,cellular,20,sep,189,1,-1,0,unknown,0
35,unknown,single,secondary,no,3255,no,no,cellular,9,jun,389,1,-1,0,unknown,0
42,blue-collar,married,tertiary,no,-75,no,no,cellular,13,feb,220,3,-1,0,unknown,0
28,blue-collar,married,unknown,no,2549,yes,no,cellular,15,jun,145,5,407,0,unknown,0
45,technician,married,primary,no,2445,yes,no,unknown,24,aug,32,1,-1,1,unknown,0
34,admin.,married,primary,no,382,no,no,unknown,11,oct,33,3,-1,1,unknown,0
37,self-employed,divorced,secondary,no,332,yes,yes,cellular,24,jan,263,2,-1,0,unknown,0
34,self-employed,single,secondary,no,345,yes,no,cellular,16,nov,548,3,-1,0,unknown,0
61,management,married,tertiary,yes,2302,yes,no,cellular,31,jun,138,1,-1,0,unknown,0
40,services,married,secondary,no,2472,yes,no,cellular,17,dec,195,3,-1,0,unknown,0
29,admin.,married,primary,no,400,yes,no,unknown,5,nov,230,1,-1,1,unknown,0
50,technician,married,tertiary,no,1146,yes,no,unknown,22,jan,167,3,-1,0,unknown,0
27,management,single,unknown,no,24,yes,no,cellular,30,jun,15,3,-1,0,unknown,0
43,technician,married,secondary,no,748,yes,yes,cellular,14,oct,229,6,162,0,unknown,0
19,services,married,secondary,no,9879,yes,no,unknown,15,apr,38,1,-1,0,unknown,0
26,unknown,married,secondary,no,59,yes,no,unknown,9,mar,209,3,-1,0,unknown,0
43,admin.,married,secondary,no,4222,no,no,cellular,14,mar,385,1,361,0,unknown,0
49,technician,single,tertiary,no,2408,no,no,cellular,10,apr,1,1,-1,0,unknown,0
42,admin.,married,secondary,no,5174,no,no,cellular,26,mar,145,2,-1,0,failure,0
39,management,divorced,secondary,no,96,no,no,unknown,22,sep,353,1,281,0,unknown,0
37,technician,single,secondary,no,160,no,no,cellular,31,apr,193,1,-1,0,unknown,0
24,unknown,married,secondary,no,-174,yes,no,unknown,13,jan,69,3,-1,1,other,0
33,management,married,tertiary,no,1734,yes,no,cellular,17,apr,308,3,-1,0,unknown,0
35,admin.,single,secondary,no,1349,no,no,unknown,1,jan,394,1,-1,0,unknown,0
52,technician,divorced,secondary,no,94,no,no,cellular,14,oct,116,2,-1,0,unknown,0
44,unknown,single,secondary,no,2149,yes,no,cellular,12,oct,91,1,-1,0,failure,0
21,entrepreneur,married,secondary,no,333,no,no,cellular,7,mar,203,7,-1,0,success,0
44,blue-collar,divorced,secondary,no,17,yes,no,cellular,3,apr,117,2,-1,1,unknown,0
36,management,married,secondary,no,623,yes,no,cellular,23,apr,466,1,-1,0,unknown,1
33,management,single,secondary,no,-56,yes,no,cellular,21,sep,389,1,-1,0,other,0
47,services,divorced,tertiary,no,258,yes,no,cellular,1,jun,96,1,-1,0,failure,0
52,technician,married,tertiary,no,496,yes,no,cellular,27,mar,157,1,-1,0,failure,0
51,admin.,divorced,primary,no,2664,no,yes,cellular,30,jul,568,2,-1,1,unknown,0
31,student,married,secondary,no,2159,yes,no,cellular,24,nov,41,5,-1,0,unknown,0
37,technician,divorced,tertiary,no,677,yes,no,cellular,13,apr,362,4,-1,0,unknown,0
44,technician,married,primary,no,1734,yes,yes,cellular,25,jul,98,3,-1,0,unknown,0
51,retired,divorced,secondary,no,1061,yes,no,cellular,22,feb,32,1,-1,0,unknown,0
35,unemployed,married,tertiary,no,425,no,no,cellular,2,jul,32,1,-1,0,unknown,0
38,services,single,secondary,no,1741,yes,yes,cellular,9,aug,83,1,753,0,unknown,0
28,blue-collar,married,secondary,no,1525,yes,no,cellular,18,dec,204,1,-1,0,failure,0
27,admin.,married,tertiary,no,1247,yes,no,cellular,22,jul,615,1,69,0,unknown,0
49,management,married,secondary,no,1243,no,no,telephone,26,jun,93,2,-1,0,unknown,0
55,housemaid,single,secondary,no,1523,yes,no,cellular,4,apr,57,4,-1,0,unknown,0
40,unemployed,married,secondary,no,528,yes,yes,cellular,16,sep,168,1,-1,0,unknown,0
52,management,married,secondary,no,2849,yes,no,unknown,30,jan,43,1,-1,0,unknown,0
44,technician,married,secondary,no,65,yes,no,cellular,6,may,81,1,-1,0,unknown,0
33,management,divorced,tertiary,no,3029,no,no,cellular,20,nov,1113,1,-1,0,failure,0
44,technician,married,tertiary,no,428,yes,no,cellular,27,jan,210,4,504,0,unknown,1
57,admin.,married,tertiary,no,0,yes,no,telephone,29,nov,395,1,-1,1,unknown,1
40,technician,married,secondary,no,1174,no,no,telephone,3,oct,61,3,206,0,unknown,1
58,management,married,unknown,no,507,no,no,unknown,31,nov,189,1,-1,0,unknown,0
18,technician,married,tertiary,no,2335,yes,no,unknown,28,jan,184,2,-1,0,success,0
50,housemaid,married,secondary,no,645,no,no,telephone,11,jun,432,2,603,1,unknown,0
41,unknown,single,primary,no,1456,no,no,unknown,24,jun,5,2,-1,0,unknown,0
37,blue-collar,single,tertiary,no,352,yes,no,cellular,29,nov,508,2,-1,1,unknown,0
42,management,married,tertiary,no,152,yes,no,cellular,5,jul,21,8,-1,0,unknown,0
19,housemaid,married,secondary,no,536,yes,no,unknown,1,oct,640,1,-1,0,unknown,0
38,admin.,single,secondary,no,1200,yes,no,unknown,8,sep,39,2,-1,0,unknown,0
44,technician,married,primary,no,1404,yes,no,cellular,19,jun,196,1,-1,1,unknown,0
57,management,single,secondary,no,1094,no,no,cellular,4,feb,27,15,-1,0,unknown,0
35,management,married,tertiary,no,6441,no,no,unknown,9,apr,152,6,-1,0,failure,0
32,management,married,tertiary,no,1562,yes,no,cellular,3,sep,91,1,-1,0,unknown,0
35,blue-collar,married,primary,no,3821,yes,no,cellular,30,feb,140,8,-1,0,failure,0
51,self-employed,single,secondary,yes,-11,yes,yes,cellular,5,jul,203,3,-1,0,unknown,0
44,blue-collar,married,tertiary,no,-104,no,no,cellular,28,apr,158,10,-1,1,unknown,0
35,services,married,secondary,no,358,no,no,cellular,16,oct,6,3,-1,2,success,0
46,blue-collar,married,tertiary,no,20,yes,no,unknown,8,nov,513,1,-1,0,unknown,0
42,retired,single,tertiary,no,919,no,no,cellular,6,jun,25,3,-1,0,unknown,0
51,admin.,divorced,secondary,no,897,yes,yes,unknown,3,jan,1017,3,-1,1,unknown,0
33,management,married,tertiary,no,1083,no,no,unknown,16,nov,491,1,-1,0,unknown,0
37,technician,married,secondary,no,1851,yes,no,unknown,8,aug,212,3,-1,0,unknown,0
36,unknown,divorced,secondary,no,5127,yes,no,unknown,13,jun,72,3,-1,0,unknown,0
24,management,married,secondary,no,2958,yes,no,cellular,5,nov,23,11,-1,0,unknown,0
44,technician,married,secondary,no,-11,no,no,cellular,6,jul,287,2,-1,1,unknown,0
43,blue-collar,married,secondary,no,419,no,no,unknown,27,jun,58,2,-1,0,unknown,0
41,student,single,secondary,no,243,no,no,cellular,3,jul,340,7,-1,0,unknown,0
38,blue-collar,married,tertiary,no,91,yes,no,cellular,8,may,460,2,-1,0,unknown,0
25,admin.,single,tertiary,no,980,yes,yes,cellular,4,mar,1162,1,-1,1,unknown,0
36,blue-collar,married,tertiary,no,1008,yes,no,telephone,25,jun,181,1,-1,0,unknown,0
37,admin.,married,secondary,no,186,no,no,telephone,21,oct,948,3,-1,1,unknown,0
32,blue-collar,single,primary,no,1666,no,no,telephone,17,sep,41,1,-1,0,failure,0
39,services,married,tertiary,no,1780,no,no,telephone,25,jun,466,6,-1,0,unknown,0
45,blue-collar,married,secondary,no,-168,no,no,telephone,8,sep,115,7,-1,0,unknown,0
61,blue-collar,single,primary,no,555,no,no,cellular,21,feb,117,1,-1,0,unknown,0
42,unknown,divorced,secondary,no,3112,no,no,cellular,19,nov,80,1,-1,0,success,0
43,blue-collar,divorced,tertiary,no,901,yes,no,unknown,29,jan,49,2,498,1,unknown,0
40,management,divorced,secondary,no,440,no,no,cellular,14,apr,150,1,-1,0,unknown,0
19,management,single,secondary,no,238,no,no,unknown,9,may,1126,2,-1,0,success,0
40,management,married,primary,no,218,yes,no,unknown,12,oct,103,2,-1,0,unknown,0
41,services,married,secondary,no,-42,no,no,telephone,13,jul,159,4,-1,1,unknown,0
68,technician,single,secondary,no,2349,yes,no,unknown,23,aug,66,18,689,0,unknown,0
38,technician,married,primary,no,-64,yes,no,cellular,28,dec,106,2,609,0,unknown,0
44,admin.,single,primary,no,318,no,no,cellular,27,jan,14,3,-1,0,unknown,0
40,technician,single,tertiary,no,-129,yes,no,cellular,8,jun,806,1,-1,3,unknown,0
28,blue-collar,married,secondary,no,2080,yes,no,cellular,3,jan,183,4,-1,1,unknown,0
53,management,divorced,secondary,no,-139,no,no,cellular,22,aug,340,1,-1,0,failure,0
49,unemployed,married,tertiary,no,352,yes,no,cellular,28,dec,185,2,-1,0,unknown,0
49,services,married,secondary,no,1077,yes,no,unknown,15,jan,379,1,359,1,failure,0
30,services,divorced,secondary,no,590,no,no,cellular,20,apr,197,1,-1,0,unknown,0
56,entrepreneur,married,tertiary,no,297,yes,no,cellular,29,mar,311,2,-1,1,unknown,0
25,admin.,married,secondary,no,282,yes,yes,cellular,19,feb,297,1,-1,0,unknown,0
47,management,married,secondary,no,2197,yes,no,cellular,4,aug,196,2,-1,1,unknown,0
65,management,single,secondary,no,5273,yes,no,cellular,2,jun,67,1,179,0,unknown,0
30,management,single,secondary,no,441,yes,no,cellular,5,dec,61,2,-1,0,unknown,0
34,blue-collar,single,secondary,no,-140,no,no,telephone,24,apr,535,1,689,0,unknown,0
42,blue-collar,single,secondary,no,-144,yes,no,cellular,21,mar,33,4,-1,0,unknown,0
35,blue-collar,married,secondary,no,1935,yes,no,cellular,2,jun,211,2,-1,0,failure,0
23,management,single,tertiary,no,1005,no,no,cellular,7,jun,180,1,-1,0,unknown,0
41,blue-collar,divorced,primary,yes,2095,no,no,cellular,24,may,413,1,-1,0,unknown,0
29,admin.,married,secondary,no,1593,yes,no,unknown,11,mar,37,1,-1,0,failure,0
46,blue-collar,married,secondary,no,3370,yes,no,unknown,12,nov,299,2,-1,1,unknown,0
30,admin.,divorced,secondary,no,3055,no,no,telephone,4,oct,240,1,-1,0,failure,0
58,technician,single,secondary,no,2129,no,no,cellular,3,sep,311,1,109,0,unknown,1
32,admin.,divorced,secondary,no,767,no,yes,cellular,31,jun,250,2,-1,0,unknown,0
37,blue-collar,divorced,tertiary,no,352,yes,no,cellular,8,may,213,4,-1,0,failure,0
49,technician,married,tertiary,no,860,yes,no,cellular,26,nov,672,1,56,0,unknown,0
27,technician,single,tertiary,no,845,yes,yes,cellular,18,jul,110,1,740,0,unknown,0
43,unknown,married,secondary,no,1213,no,no,telephone,23,jan,52,1,74,0,failure,0
55,admin.,married,secondary,no,108,no,no,cellular,26,jul,409,2,-1,1,unknown,0
23,blue-collar,single,tertiary,no,1399,yes,no,cellular,24,jan,35,1,-1,1,unknown,0
43,technician,married,secondary,no,714,yes,no,cellular,5,sep,293,2,-1,0,unknown,0
43,services,single,tertiary,no,1252,no,no,unknown,16,jun,205,1,-1,0,unknown,0
49,retired,married,tertiary,no,210,yes,no,cellular,23,jul,0,2,-1,0,unknown,0
27,blue-collar,married,tertiary,no,654,yes,no,cellular,12,jul,70,4,-1,1,unknown,0
26,blue-collar,married,primary,no,153,no,no,cellular,9,jan,176,6,-1,0,unknown,0
46,management,married,primary,no,2922,yes,no,cellular,29,feb,103,2,356,0,failure,0
44,unknown,married,tertiary,no,804,yes,no,cellular,8,oct,143,1,-1,0,unknown,0
43,technician,married,tertiary,no,182,yes,no,cellular,5,mar,237,3,-1,1,success,0
44,student,divorced,secondary,no,-136,no,yes,cellular,20,aug,338,4,231,0,unknown,0
33,blue-collar,married,primary,no,1489,yes,no,cellular,19,sep,42,1,-1,0,failure,0
43,blue-collar,married,secondary,no,162,no,no,cellular,15,nov,85,3,-1,0,unknown,0
44,blue-collar,married,secondary,no,6646,yes,no,unknown,31,aug,261,6,-1,0,unknown,0
33,services,single,secondary,no,944,no,no,cellular,22,dec,229,3,-1,0,unknown,0
61,admin.,married,secondary,no,311,yes,no,cellular,20,jun,344,2,-1,0,unknown,1
46,blue-collar,single,secondary,no,1408,yes,no,cellular,11,feb,263,2,-1,0,success,0
27,admin.,single,tertiary,no,282,no,no,telephone,20,feb,103,1,789,0,unknown,0
48,blue-collar,married,secondary,no,2374,yes,no,cellular,13,dec,178,2,-1,0,unknown,0
30,blue-collar,married,secondary,no,352,no,no,cellular,23,oct,557,4,645,0,unknown,0
49,management,divorced,primary,no,6465,yes,no,unknown,30,jul,53,8,-1,0,unknown,0
53,blue-collar,single,tertiary,no,1193,yes,no,cellular,31,sep,121,1,-1,1,unknown,0
31,technician,single,primary,no,2590,yes,no,cellular,26,jun,475,2,575,0,unknown,0
51,services,married,secondary,no,-86,no,no,cellular,13,jan,116,1,-1,0,unknown,0
45,technician,married,tertiary,no,442,yes,no,cellular,21,sep,137,3,-1,0,unknown,1
50,unemployed,married,secondary,no,1806,no,no,unknown,17,jul,99,3,-1,0,unknown,0
61,blue-collar,married,secondary,no,1396,yes,no,cellular,29,mar,592,2,-1,0,unknown,0
38,unknown,married,secondary,no,123,yes,no,cellular,21,feb,280,3,-1,0,unknown,0
32,blue-collar,single,secondary,no,460,yes,no,unknown,29,mar,60,2,-1,0,success,0
31,management,married,secondary,no,258,yes,no,telephone,16,feb,357,3,-1,0,unknown,0
32,technician,single,unknown,no,1225,yes,no,cellular,22,nov,10,1,-1,0,unknown,0
40,management,single,secondary,no,433,no,yes,telephone,17,oct,130,3,688,0,unknown,0
44,unknown,married,secondary,no,354,yes,no,telephone,19,feb,620,2,-1,0,unknown,0
44,blue-collar,single,secondary,no,148,yes,no,telephone,22,apr,301,1,-1,0,unknown,0
50,admin.,married,secondary,no,588,no,no,cellular,14,jun,406,1,-1,0,unknown,0
41,technician,single,tertiary,no,126,yes,no,cellular,31,mar,690,4,-1,0,unknown,0
56,management,married,secondary,no,4727,yes,no,cellular,31,sep,384,1,-1,0,unknown,0
38,entrepreneur,married,tertiary,no,51,yes,no,cellular,23,may,23,1,-1,0,failure,0
70,self-employed,single,secondary,no,3468,yes,no,cellular,7,may,67,1,-1,0,unknown,0
47,admin.,married,tertiary,no,639,yes,no,cellular,23,jul,178,1,-1,0,unknown,0
31,blue-collar,divorced,tertiary,no,511,yes,yes,cellular,9,sep,3,1,-1,0,other,0
29,blue-collar,married,primary,no,194,yes,no,cellular,2,jan,252,1,-1,0,unknown,0
46,management,married,primary,no,1314,no,yes,cellular,19,sep,276,4,-1,0,unknown,0
38,housemaid,married,tertiary,no,1535,no,no,cellular,23,feb,307,7,-1,0,failure,0
48,retired,married,secondary,no,745,no,no,unknown,6,mar,209,2,-1,0,unknown,0
46,technician,married,secondary,no,-114,yes,no,unknown,30,dec,155,2,-1,1,unknown,0
40,blue-collar,single,tertiary,no,3560,yes,no,unknown,1,may,499,3,582,0,unknown,0
31,management,single,primary,no,5692,yes,no,cellular,26,oct,376,3,-1,0,unknown,0
24,unemployed,single,secondary,no,645,yes,no,telephone,7,dec,244,4,-1,0,unknown,0
36,management,divorced,secondary,no,1226,yes,no,unknown,16,apr,12,5,-1,0,failure,0
50,unknown,married,tertiary,no,697,yes,no,unknown,2,may,305,2,-1,0,unknown,0
43,technician,single,secondary,no,382,yes,no,telephone,4,oct,210,2,-1,0,unknown,0
27,admin.,married,secondary,no,-79,no,no,cellular,23,may,305,1,-1,0,unknown,0
42,admin.,single,secondary,no,713,yes,no,cellular,20,dec,96,2,-1,0,unknown,1
45,retired,married,tertiary,no,2358,no,no,unknown,22,may,387,1,-1,0,unknown,0
31,blue-collar,divorced,unknown,no,-174,no,no,unknown,14,oct,139,2,-1,0,unknown,0
42,services,single,secondary,no,1108,yes,no,unknown,29,oct,580,5,-1,0,unknown,0
41,management,divorced,secondary,no,2990,yes,no,cellular,11,oct,28,8,-1,0,unknown,1
28,technician,single,secondary,no,167,no,yes,cellular,9,may,170,1,509,0,failure,1
44,technician,divorced,secondary,no,103,no,no,cellular,5,nov,59,1,447,0,unknown,0
47,housemaid,single,tertiary,no,2019,yes,no,unknown,3,feb,155,1,672,0,failure,0
52,entrepreneur,married,tertiary,no,241,yes,no,unknown,22,nov,112,4,-1,0,unknown,0
52,admin.,married,secondary,no,119,yes,no,cellular,20,jan,419,5,-1,0,unknown,0
25,retired,married,tertiary,no,512,yes,no,telephone,25,oct,47,2,-1,0,unknown,1
30,technician,married,tertiary,no,547,no,no,cellular,2,nov,235,2,-1,0,unknown,0
46,technician,married,secondary,no,2908,yes,no,cellular,10,aug,134,3,-1,0,success,0
46,technician,married,secondary,no,1245,yes,no,cellular,21,mar,188,1,433,0,unknown,0
46,blue-collar,married,unknown,no,581,yes,no,telephone,29,dec,323,1,-1,0,unknown,0
83,technician,divorced,secondary,no,946,no,no,unknown,25,jul,113,1,78,0,unknown,0
47,management,divorced,tertiary,yes,4417,no,no,cellular,10,aug,118,1,-1,0,unknown,1
53,services,married,secondary,no,-19,no,no,cellular,7,nov,20,3,-1,0,unknown,0
51,unemployed,married,tertiary,no,149,no,no,cellular,15,dec,207,1,-1,0,unknown,0
48,technician,married,tertiary,no,4726,no,no,cellular,5,jun,139,4,-1,0,unknown,0
37,technician,married,tertiary,no,4531,yes,no,unknown,8,jun,431,1,-1,0,other,0
49,management,single,primary,no,92,yes,no,unknown,18,nov,149,2,-1,0,unknown,0
32,retired,married,primary,no,35,yes,no,cellular,20,mar,911,1,-1,0,success,0
38,admin.,married,tertiary,no,619,no,no,cellular,29,sep,48,5,-1,0,unknown,1
35,management,single,secondary,no,-123,yes,no,cellular,6,mar,80,4,-1,0,unknown,0
41,management,single,secondary,no,1395,yes,yes,cellular,23,may,128,9,815,0,unknown,0
66,admin.,married,tertiary,no,-79,yes,yes,telephone,11,jun,48,1,-1,0,unknown,0
20,blue-collar,single,tertiary,no,-110,no,no,cellular,8,jan,925,3,-1,0,unknown,0
48,management,married,secondary,yes,795,yes,no,unknown,29,nov,264,1,-1,0,unknown,0
23,unknown,married,secondary,no,4547,yes,no,cellular,4,sep,2,1,38,0,unknown,0
35,technician,married,tertiary,no,634,no,yes,unknown,25,jul,222,1,36,0,unknown,0
52,technician,married,secondary,no,461,yes,yes,cellular,7,nov,392,2,-1,0,unknown,0
41,admin.,married,secondary,no,9089,no,yes,unknown,2,dec,13,1,-1,0,failure,0
29,admin.,married,tertiary,no,938,yes,no,unknown,15,jan,222,1,-1,1,unknown,0
33,entrepreneur,single,tertiary,no,505,no,no,cellular,30,jun,120,1,-1,1,unknown,0
48,self-employed,single,secondary,no,531,no,no,cellular,9,jul,224,8,311,0,unknown,0
32,entrepreneur,married,secondary,no,125,yes,no,unknown,23,may,75,3,766,0,unknown,0
43,admin.,married,secondary,no,876,no,no,cellular,21,may,282,2,-1,0,unknown,1
41,blue-collar,single,secondary,no,666,yes,no,cellular,19,jul,287,5,-1,0,failure,0
33,services,married,tertiary,no,273,yes,yes,unknown,25,mar,200,1,188,0,unknown,0
64,services,divorced,secondary,no,62,no,yes,cellular,23,mar,664,1,-1,1,unknown,0
47,management,single,secondary,no,359,no,no,cellular,19,jan,619,2,782,0,unknown,0
18,self-employed,married,secondary,no,865,yes,yes,telephone,5,aug,12,1,-1,0,unknown,0
43,admin.,married,secondary,no,-109,yes,no,cellular,31,feb,88,1,-1,0,unknown,0
33,admin.,married,unknown,no,50,no,no,cellular,19,mar,116,5,-1,0,unknown,0
50,management,married,secondary,no,4224,yes,no,cellular,3,jul,14,1,-1,0,unknown,0
32,admin.,married,primary,no,974,no,no,telephone,12,oct,191,5,-1,1,unknown,1
39,services,single,primary,no,-101,no,no,cellular,7,oct,6,1,-1,0,unknown,0
46,technician,married,tertiary,no,1571,yes,yes,telephone,25,nov,292,5,-1,0,unknown,0
50,unemployed,married,tertiary,no,-104,yes,no,cellular,5,aug,0,2,-1,0,unknown,0
27,management,married,secondary,no,1814,yes,no,unknown,12,sep,8,2,-1,0,unknown,0
37,management,married,tertiary,no,1879,no,no,cellular,27,aug,462,1,-1,0,unknown,0
35,blue-collar,married,secondary,no,1379,no,no,unknown,4,jul,75,1,-1,1,failure,0
33,blue-collar,married,primary,no,1776,no,no,cellular,20,oct,21,2,-1,0,unknown,0
60,unknown,married,secondary,no,-61,yes,yes,cellular,19,jan,131,1,-1,0,unknown,0
45,management,single,tertiary,no,1746,no,no,cellular,13,jan,13,1,510,0,unknown,0
27,unemployed,married,secondary,no,20,yes,yes,cellular,15,nov,358,1,-1,0,unknown,0
51,management,single,primary,no,422,no,no,cellular,24,aug,175,1,-1,0,failure,0
64,management,married,secondary,no,4090,yes,no,telephone,10,jul,207,4,-1,0,unknown,0
52,management,married,tertiary,no,848,no,no,unknown,28,feb,360,4,-1,0,unknown,0
24,blue-collar,married,secondary,no,4936,no,no,cellular,1,sep,395,1,735,0,unknown,0
35,self-employed,single,secondary,no,-60,yes,no,cellular,3,oct,37,3,-1,0,unknown,0
54,retired,married,tertiary,yes,773,no,no,unknown,18,jul,84,2,-1,0,success,1
33,admin.,married,primary,no,-103,yes,no,cellular,16,sep,49,4,-1,0,unknown,0
45,management,married,secondary,no,1292,yes,yes,cellular,12,nov,14,1,-1,1,unknown,0
49,blue-collar,married,primary,no,-77,yes,no,cellular,16,jan,198,1,-1,0,unknown,0
30,blue-collar,married,tertiary,no,89,no,yes,cellular,11,nov,74,4,-1,0,unknown,0
40,blue-collar,single,primary,no,249,no,no,cellular,11,mar,43,4,-1,0,unknown,0
18,management,married,secondary,no,1871,no,no,telephone,28,oct,184,4,-1,0,failure,0
29,retired,single,secondary,no,68,no,no,cellular,23,feb,259,1,-1,0,failure,1
38,blue-collar,married,primary,no,2612,yes,yes,unknown,22,jun,381,1,684,0,unknown,1
27,admin.,single,secondary,no,12,yes,no,cellular,14,oct,4,1,-1,2,unknown,0
58,blue-collar,single,tertiary,no,-146,yes,yes,cellular,17,apr,192,5,-1,1,other,0
25,management,married,secondary,no,553,no,no,cellular,19,feb,80,1,-1,0,unknown,0
36,unknown,single,secondary,no,5626,no,no,unknown,11,feb,1232,5,-1,0,unknown,1
42,management,single,tertiary,no,-24,yes,no,cellular,4,jun,44,8,639,0,unknown,0
56,services,married,tertiary,no,-39,no,no,cellular,10,sep,148,1,-1,0,unknown,0
25,blue-collar,married,tertiary,no,1886,no,no,cellular,27,jun,904,3,-1,0,success,0
53,management,single,secondary,no,361,yes,no,cellular,23,apr,61,1,-1,0,unknown,0
41,unemployed,married,secondary,no,1694,yes,no,cellular,19,dec,424,1,-1,0,unknown,0
30,blue-collar,married,secondary,no,134,no,yes,cellular,4,sep,71,3,-1,0,unknown,0
46,management,divorced,secondary,no,724,yes,no,cellular,30,feb,20,1,-1,0,unknown,0
43,unknown,married,primary,no,262,no,no,unknown,11,jun,11,1,-1,0,unknown,1
34,technician,single,tertiary,no,700,yes,no,cellular,7,jul,766,2,298,0,unknown,0
41,admin.,single,secondary,no,1998,yes,no,unknown,20,mar,61,3,-1,0,unknown,0
36,admin.,divorced,primary,no,1953,yes,no,cellular,9,apr,89,1,-1,0,unknown,0
42,housemaid,married,secondary,no,887,no,no,cellular,28,jul,879,1,-1,0,unknown,0
48,blue-collar,married,tertiary,no,3754,yes,no,unknown,31,sep,276,1,-1,0,other,0
58,blue-collar,married,secondary,no,259,no,no,unknown,22,may,172,9,-1,0,unknown,0
27,admin.,married,tertiary,no,212,yes,no,cellular,2,nov,147,2,-1,1,unknown,0
64,management,married,secondary,no,1227,yes,no,telephone,27,feb,12,2,-1,0,unknown,0
19,blue-collar,married,secondary,no,1256,no,no,unknown,1,aug,471,1,367,0,unknown,1
39,blue-collar,married,secondary,no,-128,yes,no,cellular,8,sep,370,2,-1,0,unknown,0
47,management,married,secondary,no,1203,no,yes,cellular,27,nov,24,2,-1,0,unknown,0
44,blue-collar,single,secondary,no,503,yes,no,cellular,19,nov,112,1,-1,1,unknown,0
34,services,single,secondary,no,1864,no,no,telephone,23,feb,558,2,328,0,unknown,1
38,services,single,secondary,no,2276,no,no,telephone,16,oct,69,1,-1,0,unknown,0
35,management,divorced,tertiary,no,1004,no,no,telephone,14,oct,243,3,-1,1,unknown,1
34,management,married,secondary,no,-197,yes,no,cellular,4,jan,172,5,-1,0,other,0
50,technician,divorced,tertiary,no,1317,no,yes,unknown,19,apr,440,1,-1,0,unknown,0
44,services,single,secondary,no,1872,yes,no,cellular,30,jan,9,2,-1,0,unknown,0
33,management,married,primary,no,229,yes,no,cellular,25,jan,436,3,-1,0,unknown,0
50,admin.,married,primary,no,737,yes,no,cellular,31,may,37,5,-1,0,failure,0
44,management,married,secondary,no,4860,yes,no,unknown,22,jul,3,1,-1,0,unknown,0
49,unknown,married,tertiary,no,330,no,no,cellular,22,mar,233,5,-1,0,unknown,0
47,technician,married,secondary,no,178,no,no,cellular,6,jul,77,4,-1,1,unknown,0
31,admin.,married,primary,no,155,yes,no,unknown,15,may,318,2,-1,0,unknown,0
34,technician,single,tertiary,no,1027,no,no,unknown,13,oct,163,1,-1,0,unknown,0
49,unknown,married,secondary,no,4287,yes,no,cellular,30,nov,239,3,-1,0,unknown,0
47,technician,married,secondary,no,1207,no,no,unknown,19,aug,301,1,147,0,unknown,0
40,admin.,single,secondary,no,342,no,no,telephone,22,jul,675,1,-1,0,unknown,0
42,services,married,secondary,no,1326,no,no,cellular,4,jan,446,2,-1,0,unknown,0
55,management,divorced,tertiary,no,1270,yes,no,cellular,2,jan,176,2,-1,0,unknown,0
34,services,married,secondary,no,1162,no,no,cellular,3,jul,148,1,177,0,unknown,0
47,blue-collar,divorced,secondary,no,60,yes,yes,cellular,14,jun,274,3,-1,0,unknown,0
38,management,married,secondary,no,1310,no,no,telephone,30,sep,341,10,-1,0,unknown,0
38,blue-collar,married,secondary,no,643,yes,no,cellular,4,aug,48,1,-1,0,unknown,0
53,management,married,secondary,no,-171,no,yes,unknown,16,jun,8,2,-1,0,unknown,0
50,retired,single,primary,no,964,yes,no,unknown,11,jun,156,2,-1,0,unknown,0
49,admin.,single,secondary,no,6601,no,no,cellular,29,sep,27,1,516,0,unknown,0
55,management,married,tertiary,no,445,yes,no,unknown,13,dec,82,2,-1,0,unknown,0
41,blue-collar,divorced,secondary,no,4852,no,yes,unknown,1,apr,226,3,492,0,unknown,0
48,admin.,married,secondary,no,-48,no,no,cellular,13,sep,42,2,-1,0,unknown,1
37,self-employed,single,tertiary,no,1777,no,no,unknown,15,nov,7,2,-1,0,success,0
44,blue-collar,single,secondary,no,-17,no,no,unknown,7,nov,208,2,-1,1,unknown,0
39,unemployed,married,secondary,no,279,yes,yes,cellular,28,aug,161,2,9,0,unknown,0
42,blue-collar,married,tertiary,no,1068,no,no,unknown,5,mar,94,1,-1,0,unknown,0
47,entrepreneur,divorced,secondary,no,1147,yes,yes,cellular,28,nov,163,2,-1,0,failure,0
31,services,divorced,secondary,no,2038,no,no,cellular,27,apr,296,1,-1,0,failure,0
64,blue-collar,divorced,tertiary,no,1232,no,no,unknown,25,jul,29,3,-1,0,success,0
29,blue-collar,divorced,tertiary,no,1150,yes,yes,unknown,30,mar,76,1,343,0,failure,0
27,blue-collar,married,secondary,no,3451,no,no,telephone,6,mar,408,4,-1,0,unknown,0
53,services,single,secondary,no,702,no,no,cellular,30,aug,286,4,-1,0,unknown,0
49,services,married,secondary,no,182,yes,no,telephone,24,may,79,1,-1,0,unknown,0
47,entrepreneur,divorced,secondary,no,64,yes,no,telephone,9,dec,130,4,124,1,unknown,0
47,technician,married,tertiary,no,566,yes,no,cellular,6,may,32,3,-1,0,unknown,0
40,blue-collar,married,primary,no,1671,no,no,cellular,29,aug,75,1,-1,1,unknown,0
31,blue-collar,married,primary,no,-134,yes,no,unknown,23,jun,474,13,85,0,success,1
41,technician,married,secondary,no,7,no,yes,cellular,6,may,149,2,-1,0,other,0
33,admin.,married,secondary,no,-31,yes,no,cellular,22,jan,263,2,-1,0,unknown,0
51,blue-collar,divorced,tertiary,no,1120,yes,no,cellular,2,may,44,5,-1,0,unknown,0
39,technician,single,secondary,no,217,no,no,telephone,31,aug,52,1,-1,0,failure,0
31,management,married,tertiary,no,72,yes,no,cellular,21,sep,729,3,-1,0,unknown,0
37,technician,single,tertiary,no,1147,no,no,cellular,6,jun,475,1,-1,0,unknown,0
45,self-employed,single,primary,no,1948,yes,no,cellular,10,nov,403,2,-1,0,unknown,0
34,technician,married,secondary,no,405,yes,yes,cellular,5,oct,103,1,-1,0,unknown,0
31,management,married,secondary,no,1094,yes,no,cellular,20,mar,213,3,-1,0,unknown,0
43,blue-collar,single,primary,no,-45,no,no,cellular,12,aug,174,2,-1,0,failure,0
43,technician,single,tertiary,no,3904,yes,no,cellular,6,may,807,1,-1,0,unknown,0
35,management,married,primary,no,416,yes,yes,cellular,6,feb,70,1,-1,0,unknown,0
35,technician,single,secondary,no,8790,yes,no,unknown,8,jan,759,3,-1,1,unknown,1
43,blue-collar,married,tertiary,no,5565,yes,no,cellular,24,nov,316,1,-1,0,unknown,0
25,blue-collar,married,tertiary,no,2063,no,yes,unknown,26,aug,137,3,-1,0,unknown,0
25,technician,married,secondary,no,-169,no,no,telephone,17,feb,79,1,-1,0,unknown,0
33,blue-collar,married,tertiary,no,976,yes,no,cellular,18,nov,365,1,-1,0,unknown,0
38,unemployed,single,tertiary,no,-63,yes,no,cellular,11,mar,446,4,-1,0,failure,0
44,technician,divorced,secondary,no,3182,no,no,unknown,1,sep,114,4,-1,0,unknown,0
57,technician,married,secondary,no,2138,yes,no,cellular,26,jan,48,5,-1,0,failure,0
50,technician,married,tertiary,no,5181,yes,yes,cellular,7,aug,174,4,-1,0,unknown,0
39,blue-collar,single,secondary,no,1206,yes,no,cellular,8,dec,163,1,-1,2,unknown,0
40,admin.,single,primary,no,907,yes,no,cellular,31,feb,333,1,-1,0,unknown,0
29,management,single,secondary,no,897,yes,no,unknown,3,aug,933,1,-1,0,success,0
40,retired,single,secondary,no,532,yes,no,unknown,19,feb,195,8,-1,0,unknown,0
37,management,married,unknown,no,748,yes,no,cellular,16,jul,339,2,471,0,unknown,0
44,blue-collar,single,primary,no,1313,yes,no,cellular,23,mar,111,1,543,0,unknown,0
31,admin.,married,secondary,no,3853,no,yes,cellular,8,apr,236,2,-1,0,failure,0
46,technician,married,tertiary,no,1159,no,no,unknown,30,dec,31,3,-1,1,unknown,0
57,blue-collar,married,secondary,no,2718,no,no,cellular,31,nov,435,1,-1,0,other,0
39,management,married,secondary,no,2779,no,no,unknown,29,jan,108,1,-1,0,failure,0
45,admin.,divorced,secondary,no,897,yes,no,cellular,6,dec,21,1,-1,0,unknown,0
48,management,single,secondary,no,440,yes,no,telephone,24,oct,1203,8,-1,0,unknown,0
36,services,married,primary,no,1330,no,yes,cellular,2,jan,598,1,-1,0,unknown,0
43,management,married,tertiary,no,685,yes,no,unknown,23,dec,56,3,-1,0,unknown,0
41,services,married,unknown,yes,-72,yes,no,cellular,12,nov,116,5,332,0,unknown,0
42,technician,married,tertiary,no,511,yes,no,unknown,31,oct,712,4,540,0,unknown,1
32,admin.,single,secondary,no,7492,yes,no,cellular,30,dec,410,1,-1,0,failure,0
41,technician,divorced,tertiary,no,-125,no,no,telephone,21,nov,611,1,-1,0,unknown,1
46,services,divorced,unknown,no,1589,no,no,cellular,6,aug,213,4,-1,1,unknown,0
56,management,single,tertiary,no,2560,no,yes,cellular,14,aug,71,1,-1,1,unknown,0
51,management,single,tertiary,no,1369,no,no,cellular,7,feb,66,3,499,0,failure,0
64,blue-collar,married,primary,no,1065,yes,no,cellular,9,apr,192,4,438,0,unknown,0
32,management,married,secondary,no,1644,no,no,cellular,7,feb,664,4,-1,0,unknown,0
50,management,married,tertiary,no,641,yes,no,cellular,31,aug,257,1,-1,0,unknown,0
43,self-employed,married,primary,no,-56,no,no,cellular,15,jul,9,2,144,0,unknown,0
65,housemaid,single,unknown,no,4720,yes,no,cellular,12,jul,212,1,702,0,unknown,0
32,technician,married,secondary,no,649,no,yes,cellular,27,oct,241,8,-1,0,unknown,0
31,self-employed,married,secondary,no,1442,no,no,cellular,17,mar,224,2,-1,1,failure,0
34,blue-collar,married,tertiary,no,936,yes,no,cellular,15,dec,303,2,-1,0,failure,0
18,technician,divorced,secondary,no,-115,yes,no,cellular,15,nov,89,1,-1,0,failure,0
35,retired,married,tertiary,yes,4378,yes,no,unknown,21,may,40,4,798,0,unknown,0
32,unknown,single,secondary,no,2159,yes,no,cellular,30,jan,357,1,-1,0,unknown,0
42,housemaid,single,secondary,no,42,yes,yes,telephone,27,oct,56,4,-1,0,unknown,0
44,technician,married,secondary,no,5797,no,no,cellular,14,nov,31,5,-1,0,unknown,0
61,retired,married,tertiary,no,1802,yes,no,unknown,11,apr,114,1,655,0,failure,0
51,management,divorced,secondary,no,758,yes,no,cellular,11,apr,461,2,-1,0,unknown,0
34,management,married,secondary,no,1217,no,no,unknown,20,jan,22,2,-1,1,other,0
31,management,divorced,secondary,no,-30,yes,no,cellular,13,dec,56,1,-1,0,unknown,0
46,student,married,secondary,no,1032,yes,no,cellular,13,jul,166,1,-1,0,unknown,0
26,admin.,married,secondary,no,-85,no,yes,cellular,30,may,87,2,-1,0,unknown,0
61,admin.,divorced,secondary,no,980,no,no,cellular,8,jan,329,1,-1,0,failure,0
53,blue-collar,single,tertiary,no,1006,yes,no,cellular,7,may,289,5,-1,0,unknown,0
35,technician,divorced,tertiary,no,2912,yes,no,cellular,20,aug,476,2,-1,0,unknown,0
22,management,single,secondary,no,1736,yes,no,unknown,13,oct,58,1,-1,0,unknown,0
55,technician,divorced,secondary,no,230,yes,no,cellular,11,aug,270,1,-1,0,unknown,0
39,technician,single,tertiary,no,3089,yes,no,cellular,19,feb,384,2,-1,0,unknown,0
54,admin.,single,secondary,no,1077,no,no,telephone,6,jan,16,4,-1,0,unknown,0
23,blue-collar,married,unknown,no,1198,no,no,unknown,8,feb,9,2,-1,0,unknown,0
34,management,married,tertiary,no,77,yes,no,cellular,19,jun,211,9,-1,1,unknown,1
41,management,divorced,secondary,no,2725,no,no,telephone,5,may,228,2,-1,1,unknown,1
41,management,married,secondary,no,3809,yes,no,cellular,10,apr,128,8,294,0,unknown,0
36,blue-collar,married,tertiary,no,2037,yes,no,cellular,1,aug,9,7,-1,0,unknown,0
47,self-employed,married,secondary,no,4039,no,no,cellular,26,may,132,2,751,0,unknown,0
29,unknown,married,secondary,no,339,no,no,cellular,12,apr,265,2,-1,0,unknown,0
39,admin.,married,secondary,no,2761,yes,no,cellular,26,nov,312,1,-1,0,unknown,0
42,blue-collar,married,tertiary,no,806,yes,no,cellular,24,aug,175,6,-1,0,unknown,0
46,technician,divorced,tertiary,no,68,no,no,cellular,7,dec,192,4,138,0,unknown,0
48,management,married,secondary,no,1457,yes,yes,cellular,8,jan,288,2,-1,0,unknown,0
28,services,married,tertiary,no,1528,yes,yes,telephone,30,sep,153,1,-1,0,unknown,0
24,admin.,married,secondary,no,307,yes,no,cellular,18,feb,78,4,-1,0,unknown,0
55,management,married,tertiary,no,-158,yes,yes,telephone,7,aug,65,1,455,0,success,0
44,blue-collar,married,secondary,no,134,yes,no,unknown,14,sep,360,2,326,1,other,0
32,blue-collar,single,tertiary,no,565,no,no,unknown,20,oct,172,1,-1,0,failure,0
58,unknown,married,unknown,no,75,yes,no,unknown,18,aug,252,4,-1,0,unknown,0
42,self-employed,divorced,secondary,no,123,yes,no,cellular,25,sep,164,3,766,0,other,0
53,blue-collar,married,secondary,yes,544,no,no,cellular,21,apr,440,1,792,0,unknown,0
41,blue-collar,married,secondary,no,4696,yes,no,cellular,23,nov,177,1,313,2,unknown,0
63,management,married,secondary,no,1967,yes,no,cellular,4,feb,1142,1,552,1,unknown,1
60,management,married,secondary,no,377,yes,no,cellular,10,mar,71,2,-1,0,unknown,0
38,management,single,primary,no,4342,yes,no,cellular,11,aug,38,1,293,0,unknown,0
51,management,single,primary,no,1356,no,no,unknown,11,may,120,1,771,0,unknown,0
48,admin.,single,secondary,no,711,yes,no,cellular,20,nov,647,4,580,0,unknown,0
56,admin.,married,tertiary,no,747,no,no,cellular,19,apr,493,1,-1,0,unknown,0
30,management,married,tertiary,no,593,no,yes,cellular,1,mar,73,2,-1,0,failure,0
48,services,married,tertiary,no,197,yes,no,telephone,31,nov,236,1,-1,0,success,1
52,management,divorced,secondary,no,533,yes,no,cellular,2,mar,229,1,-1,0,unknown,1
21,technician,married,secondary,no,925,yes,no,cellular,9,oct,89,2,-1,2,other,0
27,technician,single,secondary,no,926,yes,yes,unknown,17,oct,69,2,-1,0,unknown,0
18,technician,married,secondary,no,1951,yes,no,unknown,5,jul,127,1,-1,0,unknown,0
38,technician,married,tertiary,no,466,yes,no,telephone,2,nov,400,1,-1,1,unknown,0
48,blue-collar,married,tertiary,no,1692,no,no,unknown,4,dec,54,1,-1,0,unknown,0
57,entrepreneur,married,secondary,no,1094,yes,no,cellular,27,aug,152,2,-1,0,unknown,0
41,housemaid,single,secondary,no,4699,yes,no,telephone,7,may,169,1,-1,0,unknown,0
58,management,married,primary,no,529,yes,no,cellular,21,aug,722,1,772,0,unknown,0
25,management,single,tertiary,no,3272,yes,no,telephone,17,sep,93,2,-1,0,unknown,0
22,management,married,primary,no,2377,no,no,cellular,3,apr,5,1,634,0,other,0
40,unknown,divorced,secondary,no,1322,no,yes,cellular,26,feb,305,3,-1,0,unknown,0
45,management,married,tertiary,no,1394,yes,no,cellular,9,may,363,2,868,0,unknown,0
40,services,divorced,tertiary,no,-67,no,no,cellular,1,feb,313,1,611,0,unknown,0
18,blue-collar,single,primary,no,4300,no,no,cellular,26,oct,311,3,-1,0,unknown,0
40,blue-collar,divorced,secondary,no,-30,no,yes,cellular,20,feb,170,2,-1,0,unknown,0
26,blue-collar,married,secondary,no,1042,no,no,cellular,21,jun,4,1,-1,1,failure,1
48,management,single,secondary,no,400,no,no,cellular,16,oct,337,1,-1,0,unknown,0
45,management,married,primary,no,642,yes,no,cellular,26,nov,711,2,-1,0,unknown,0
30,technician,married,primary,no,1213,yes,no,cellular,3,oct,44,2,-1,0,unknown,0
35,blue-collar,married,unknown,no,3392,yes,no,telephone,19,jan,18,4,-1,0,unknown,0
29,technician,married,unknown,no,717,yes,no,cellular,16,feb,79,3,-1,0,unknown,0
40,management,divorced,secondary,no,6400,no,no,cellular,1,may,489,5,-1,0,unknown,0
51,housemaid,married,secondary,no,1147,no,no,unknown,31,oct,28,1,-1,0,other,0
30,management,married,secondary,no,62,no,no,cellular,22,may,324,2,-1,0,unknown,0
46,admin.,single,secondary,no,116,yes,yes,cellular,29,oct,16,1,-1,0,failure,0
35,admin.,married,primary,no,1688,no,no,cellular,12,dec,8,2,-1,0,unknown,0
32,technician,single,primary,no,-122,no,no,unknown,20,mar,572,1,-1,0,unknown,0
39,management,married,secondary,no,781,no,no,cellular,24,may,379,4,-1,0,unknown,0
29,management,married,tertiary,no,40,no,no,cellular,6,sep,235,3,-1,0,unknown,0
34,retired,married,primary,no,651,yes,no,unknown,3,feb,48,3,-1,0,other,0
27,unknown,divorced,secondary,no,1878,yes,yes,cellular,28,jun,84,2,-1,0,failure,1
62,admin.,single,secondary,no,720,no,no,cellular,7,aug,12,2,744,0,unknown,0
41,self-employed,divorced,secondary,no,67,yes,no,cellular,3,mar,267,1,-1,0,unknown,0
33,retired,married,secondary,no,235,yes,no,unknown,13,feb,298,3,-1,1,success,0
43,management,married,tertiary,no,487,yes,no,unknown,16,nov,102,1,-1,0,unknown,0
39,technician,married,secondary,no,-91,yes,yes,cellular,14,jan,106,1,-1,0,unknown,0
38,services,married,secondary,no,1116,no,yes,cellular,9,jan,255,1,-1,0,failure,0
47,management,married,unknown,no,1202,no,no,cellular,8,nov,751,6,-1,0,failure,0
49,management,single,tertiary,no,-103,no,no,cellular,15,apr,129,5,-1,1,unknown,0
35,retired,married,secondary,no,572,yes,no,cellular,19,dec,175,5,-1,0,unknown,0
34,entrepreneur,married,unknown,no,601,no,no,cellular,13,jun,309,7,-1,0,unknown,0
37,self-employed,divorced,secondary,no,409,no,no,cellular,14,jul,108,2,-1,2,other,0
18,unknown,single,secondary,no,1023,no,no,unknown,11,aug,524,5,-1,0,unknown,0
24,management,married,primary,no,436,no,no,cellular,18,aug,482,1,-1,0,unknown,0
56,self-employed,married,secondary,no,607,no,no,cellular,3,oct,289,1,676,0,failure,0
59,technician,married,tertiary,no,2195,yes,no,unknown,29,jan,198,2,-1,0,unknown,0
38,technician,married,secondary,no,65,yes,yes,cellular,4,dec,1059,1,-1,0,unknown,0
47,entrepreneur,single,secondary,no,1247,no,no,unknown,3,aug,312,4,-1,0,unknown,0
44,management,married,tertiary,no,856,no,yes,cellular,25,dec,265,1,-1,1,unknown,0
74,blue-collar,single,secondary,no,345,no,no,telephone,13,oct,540,4,-1,0,unknown,0
53,management,single,tertiary,no,1750,yes,no,unknown,16,jan,208,6,149,0,unknown,0
39,entrepreneur,single,tertiary,no,1001,no,no,cellular,28,mar,71,2,-1,0,failure,0
30,technician,married,primary,no,773,yes,yes,cellular,13,dec,38,1,345,0,unknown,0
23,admin.,married,tertiary,no,1452,yes,no,cellular,27,may,164,2,489,0,unknown,1
43,admin.,single,secondary,no,2231,yes,no,cellular,10,nov,187,1,-1,0,unknown,0
32,management,married,primary,no,5199,no,yes,cellular,18,oct,453,1,-1,0,unknown,0
25,technician,married,tertiary,no,1288,yes,no,cellular,8,oct,38,3,-1,0,unknown,0
33,technician,married,tertiary,no,2912,no,no,telephone,7,dec,294,1,-1,0,unknown,0
29,management,married,primary,no,-198,yes,no,unknown,17,aug,93,1,-1,0,unknown,0
59,admin.,single,tertiary,yes,933,no,yes,unknown,22,aug,721,1,77,0,unknown,0
50,retired,married,secondary,no,162,no,no,cellular,6,jun,164,4,836,0,unknown,0
40,management,married,tertiary,no,-51,no,no,cellular,15,apr,251,2,-1,0,other,0
57,technician,married,secondary,no,938,yes,no,unknown,9,apr,270,4,-1,0,unknown,0
41,management,married,secondary,no,1860,yes,no,cellular,28,aug,24,1,-1,0,unknown,1
31,unknown,single,tertiary,no,597,no,no,telephone,10,nov,493,1,-1,0,unknown,0
57,management,single,secondary,no,1463,yes,no,cellular,27,mar,46,2,-1,0,unknown,0
46,housemaid,married,secondary,no,809,yes,yes,cellular,8,aug,130,3,-1,0,unknown,0
29,admin.,married,secondary,no,661,yes,no,cellular,7,apr,288,1,-1,0,unknown,0
38,entrepreneur,married,tertiary,no,314,no,no,cellular,29,oct,14,5,-1,1,unknown,0
31,blue-collar,single,secondary,no,523,yes,yes,cellular,23,sep,224,4,-1,0,unknown,0
25,services,married,tertiary,no,445,yes,no,cellular,5,dec,136,1,163,0,other,0
51,blue-collar,single,secondary,no,1358,no,no,unknown,18,feb,17,1,-1,0,unknown,0
62,management,married,secondary,no,-15,yes,yes,cellular,16,oct,334,3,-1,0,unknown,0
25,technician,single,secondary,no,-54,yes,no,cellular,15,jan,179,5,-1,1,unknown,0
47,services,married,tertiary,no,1418,yes,no,cellular,10,apr,93,1,-1,1,unknown,0
33,unknown,single,secondary,no,985,no,no,cellular,29,sep,22,1,-1,0,unknown,0
35,unknown,married,unknown,no,643,yes,no,cellular,28,dec,204,2,823,0,unknown,0
34,services,single,primary,no,48,no,no,cellular,21,jul,94,3,-1,0,unknown,0
31,services,married,primary,no,594,no,yes,cellular,1,sep,756,3,-1,0,failure,0
41,services,married,primary,no,2139,yes,yes,cellular,31,sep,230,3,-1,0,success,0
31,management,single,secondary,no,3105,no,no,cellular,27,oct,86,1,669,0,unknown,1
43,blue-collar,married,tertiary,no,1618,yes,no,unknown,31,sep,194,2,823,0,unknown,0
40,admin.,single,tertiary,no,-107,yes,yes,cellular,26,sep,200,2,706,0,unknown,0
38,admin.,single,tertiary,yes,1464,no,no,cellular,6,jul,334,6,326,1,unknown,0
31,blue-collar,married,primary,no,213,no,no,unknown,15,aug,599,5,-1,0,unknown,0
34,management,married,tertiary,no,368,yes,no,cellular,2,dec,847,3,-1,0,unknown,0
49,admin.,married,unknown,no,126,yes,no,cellular,12,feb,326,5,-1,0,unknown,0
46,admin.,married,secondary,no,2042,yes,no,cellular,1,sep,203,3,123,1,unknown,0
30,management,married,primary,no,1368,yes,no,cellular,15,feb,65,3,-1,0,unknown,0
42,blue-collar,single,tertiary,no,1219,no,no,cellular,13,aug,133,1,-1,0,failure,0
49,management,married,tertiary,no,1453,no,no,cellular,1,feb,173,2,-1,1,unknown,0
22,technician,married,secondary,no,205,yes,no,cellular,1,nov,35,5,-1,0,success,0
46,management,married,tertiary,no,682,yes,no,unknown,4,dec,76,3,-1,0,unknown,0
33,entrepreneur,married,primary,no,1304,yes,no,cellular,28,aug,1074,2,437,0,unknown,0
47,blue-collar,married,secondary,no,1318,yes,no,cellular,30,mar,364,1,605,1,unknown,0
32,blue-collar,single,tertiary,no,2154,yes,yes,cellular,21,feb,169,3,-1,0,unknown,0
21,retired,single,secondary,no,307,yes,no,cellular,14,jun,66,1,-1,1,unknown,0
23,services,married,unknown,no,2006,yes,no,cellular,21,jun,219,1,-1,0,failure,0
41,technician,divorced,secondary,no,670,yes,no,unknown,27,jan,68,1,-1,0,unknown,0
43,management,married,secondary,no,1463,no,no,cellular,17,jul,55,1,-1,0,unknown,0
31,services,divorced,secondary,no,712,yes,no,unknown,13,dec,25,12,-1,1,unknown,0
48,management,single,tertiary,no,4252,no,yes,cellular,12,dec,109,3,-1,0,unknown,0
22,housemaid,single,secondary,no,96,no,no,cellular,27,nov,201,1,-1,0,unknown,0
40,services,married,tertiary,no,1485,no,no,cellular,6,dec,44,3,61,0,unknown,0
27,blue-collar,married,primary,no,1088,no,no,cellular,19,jan,57,1,-1,0,unknown,0
33,housemaid,married,primary,no,84,no,no,cellular,20,apr,128,2,245,0,failure,0
41,management,single,secondary,no,-97,no,no,telephone,16,jun,173,3,-1,0,failure,0
31,technician,married,unknown,no,2207,yes,no,cellular,21,aug,370,3,-1,0,failure,0
36,unknown,single,tertiary,no,56,no,no,cellular,16,nov,215,1,-1,0,failure,0
52,technician,married,secondary,no,109,no,no,telephone,12,nov,248,4,-1,0,unknown,0
34,self-employed,single,secondary,no,5554,yes,no,cellular,29,aug,307,6,-1,0,failure,0
50,management,married,secondary,no,1694,no,yes,cellular,20,oct,154,1,-1,0,unknown,0
28,blue-collar,married,primary,no,232,yes,no,cellular,20,jul,108,1,-1,0,unknown,0
46,blue-collar,married,secondary,no,1140,yes,no,cellular,26,nov,415,6,-1,0,unknown,0
56,unknown,married,secondary,no,945,yes,no,unknown,13,may,454,9,-1,0,other,0
18,technician,married,tertiary,no,2591,no,no,cellular,1,jun,43,2,-1,0,unknown,0
32,technician,single,tertiary,no,1760,no,no,unknown,18,aug,790,1,-1,1,unknown,1
47,services,married,tertiary,no,2473,no,no,unknown,2,mar,685,6,-1,0,other,0
38,management,married,tertiary,no,156,no,no,cellular,2,jun,528,1,-1,0,unknown,0
45,admin.,single,secondary,no,1333,yes,yes,cellular,26,apr,141,1,-1,1,unknown,0
34,blue-collar,married,primary,no,-138,no,no,unknown,1,mar,476,1,-1,0,unknown,0
41,admin.,divorced,secondary,no,-92,yes,no,unknown,10,mar,255,2,-1,1,unknown,0
39,admin.,divorced,tertiary,no,1675,no,no,cellular,30,apr,59,1,-1,0,unknown,0
53,management,married,tertiary,no,-162,yes,no,unknown,24,jun,384,1,591,0,unknown,0
43,blue-collar,married,secondary,yes,1100,yes,no,unknown,1,nov,134,2,-1,0,other,0
44,services,married,unknown,no,2552,no,no,cellular,14,jan,89,1,-1,0,unknown,0
36,blue-collar,single,secondary,no,516,no,yes,unknown,8,feb,543,2,-1,0,unknown,0
35,unemployed,married,secondary,no,-131,yes,yes,cellular,1,apr,511,1,-1,0,unknown,0
36,blue-collar,single,primary,no,1676,no,no,cellular,14,dec,515,1,-1,0,failure,0
45,management,single,tertiary,no,3782,yes,no,cellular,10,oct,506,6,618,0,unknown,0
36,entrepreneur,married,tertiary,no,1694,yes,no,cellular,19,sep,208,3,-1,0,unknown,0
44,unemployed,single,tertiary,no,1095,no,no,telephone,25,aug,247,6,-1,0,unknown,0
63,technician,single,primary,yes,192,yes,no,cellular,8,oct,767,2,-1,0,unknown,0
50,services,married,secondary,no,-176,no,no,cellular,2,aug,35,5,-1,0,unknown,0
37,services,divorced,secondary,no,1579,yes,no,unknown,31,nov,423,4,-1,0,unknown,0
54,technician,single,secondary,no,194,yes,no,cellular,31,jul,192,13,-1,0,unknown,0
36,management,married,secondary,no,2729,yes,no,cellular,4,dec,989,2,-1,1,unknown,0
18,admin.,married,tertiary,no,742,yes,no,cellular,24,jun,263,3,-1,0,failure,0
29,technician,married,secondary,no,934,yes,no,cellular,12,jul,45,1,-1,0,unknown,0
20,admin.,married,secondary,no,1903,no,no,unknown,29,jun,436,6,-1,0,unknown,1
37,blue-collar,divorced,secondary,no,2067,no,no,cellular,31,mar,288,1,-1,0,unknown,0
41,blue-collar,married,tertiary,no,1343,no,no,cellular,9,dec,41,5,-1,1,unknown,1
59,admin.,single,primary,no,3981,no,no,cellular,23,jun,2,1,-1,1,unknown,0
44,entrepreneur,married,secondary,no,5851,yes,yes,cellular,1,dec,202,2,-1,0,unknown,0
38,blue-collar,married,tertiary,no,4202,yes,no,cellular,8,jul,71,1,-1,0,unknown,0
50,technician,divorced,secondary,no,2407,yes,no,cellular,30,jun,520,2,-1,0,unknown,0
18,technician,single,tertiary,no,1634,yes,no,cellular,28,nov,74,1,-1,0,unknown,1
43,blue-collar,married,secondary,no,1432,no,no,cellular,17,feb,280,2,-1,0,failure,1
49,admin.,married,secondary,no,-35,yes,no,cellular,16,jun,109,2,-1,0,unknown,0
24,technician,married,tertiary,no,275,yes,no,cellular,15,feb,111,4,-1,0,unknown,0
53,blue-collar,married,primary,no,-191,yes,no,cellular,9,jan,51,1,-1,0,unknown,0
44,retired,married,secondary,no,21,yes,no,unknown,8,oct,180,2,-1,0,unknown,1
36,technician,married,tertiary,no,667,yes,no,cellular,20,oct,223,1,757,0,unknown,0
47,technician,divorced,tertiary,no,37,no,no,cellular,26,oct,224,5,101,0,unknown,0
65,self-employed,married,primary,no,3279,yes,no,unknown,14,may,501,2,-1,0,unknown,0
43,admin.,divorced,secondary,no,2257,no,yes,unknown,12,apr,272,1,-1,0,failure,0
43,blue-collar,single,secondary,no,-88,yes,no,cellular,27,sep,347,2,-1,0,unknown,0
35,unknown,married,primary,no,229,no,no,cellular,15,sep,100,2,-1,0,unknown,1
31,management,single,secondary,no,2364,no,no,cellular,31,sep,140,3,-1,0,unknown,0
50,blue-collar,married,secondary,no,2237,no,yes,unknown,4,mar,4,8,-1,0,unknown,0
31,blue-collar,single,secondary,no,4162,yes,no,cellular,30,oct,21,1,-1,0,unknown,0
41,blue-collar,married,primary,no,8816,yes,no,unknown,4,dec,125,1,-1,0,unknown,0
35,technician,married,secondary,no,5411,no,no,cellular,22,dec,60,3,-1,0,unknown,0
46,management,single,primary,no,591,yes,no,cellular,31,mar,432,5,-1,0,unknown,0
44,management,married,secondary,no,232,yes,no,unknown,2,mar,291,2,676,1,unknown,0
52,unemployed,divorced,secondary,no,1930,yes,no,unknown,4,nov,907,1,32,0,unknown,0
35,entrepreneur,divorced,secondary,no,333,no,no,telephone,20,oct,562,2,185,0,unknown,0
38,blue-collar,married,secondary,yes,2262,yes,no,unknown,24,may,980,3,140,0,success,0
30,management,married,tertiary,no,945,no,no,telephone,18,jun,117,1,-1,0,unknown,0
36,management,married,tertiary,no,2169,yes,yes,cellular,15,jun,170,4,-1,0,unknown,0
45,admin.,single,secondary,no,284,yes,no,cellular,8,mar,120,1,-1,0,unknown,0
49,blue-collar,single,secondary,no,863,yes,yes,cellular,28,dec,859,1,-1,0,unknown,0
30,blue-collar,married,tertiary,no,1045,yes,yes,cellular,10,feb,132,5,423,0,unknown,0
50,technician,married,primary,no,4099,yes,no,cellular,27,jun,32,2,-1,0,unknown,0
55,admin.,single,tertiary,no,265,yes,no,cellular,2,apr,74,1,-1,0,unknown,1
45,management,married,primary,no,3939,yes,no,cellular,25,sep,142,1,240,0,unknown,0
61,management,single,secondary,no,2251,no,no,cellular,9,feb,238,3,-1,0,unknown,0
32,blue-collar,single,primary,no,1768,no,no,unknown,16,apr,248,1,-1,0,unknown,0
27,technician,divorced,secondary,no,2118,yes,no,cellular,22,nov,366,10,-1,0,unknown,0
21,technician,married,secondary,no,1194,no,no,cellular,26,nov,269,5,-1,0,unknown,0
57,unknown,married,primary,no,219,yes,yes,cellular,12,feb,174,1,-1,0,unknown,0
48,unknown,married,primary,no,115,yes,no,cellular,5,may,7,5,241,0,unknown,0
40,admin.,married,tertiary,no,2818,yes,no,cellular,7,mar,306,3,-1,1,failure,0
44,blue-collar,divorced,secondary,no,1737,no,no,cellular,15,apr,23,2,-1,0,unknown,0
28,management,married,secondary,no,159,no,no,cellular,13,sep,163,1,-1,0,unknown,0
67,technician,single,secondary,no,1232,no,no,unknown,8,oct,584,1,-1,0,unknown,0
42,housemaid,married,primary,no,690,yes,yes,telephone,24,nov,234,2,-1,0,unknown,0
42,blue-collar,married,secondary,no,59,no,yes,cellular,19,may,57,2,-1,0,unknown,1
48,retired,married,primary,no,938,no,no,telephone,19,sep,425,2,-1,0,unknown,0
46,management,single,secondary,no,295,yes,no,cellular,5,may,92,1,-1,0,unknown,0
43,blue-collar,married,primary,no,-48,no,no,telephone,21,oct,222,1,-1,0,unknown,0
32,management,married,primary,no,743,yes,no,cellular,18,sep,260,4,-1,0,unknown,0
46,blue-collar,divorced,secondary,no,1137,yes,no,cellular,21,aug,338,5,-1,0,unknown,0
61,self-employed,married,secondary,no,-127,yes,no,telephone,17,jan,17,3,76,0,success,1
55,unemployed,married,primary,no,571,no,yes,cellular,27,mar,496,1,779,0,failure,0
58,blue-collar,married,tertiary,no,246,no,yes,cellular,7,may,31,1,-1,1,unknown,0
35,blue-collar,married,tertiary,no,-153,no,no,cellular,14,dec,25,2,-1,0,unknown,0
30,self-employed,divorced,tertiary,no,1,no,no,telephone,15,mar,157,2,702,0,unknown,1
39,retired,married,secondary,no,24,yes,no,cellular,27,oct,120,2,-1,0,unknown,0
41,management,married,primary,no,102,no,no,cellular,23,jan,14,5,-1,0,unknown,0
53,blue-collar,married,secondary,no,2239,no,no,unknown,17,nov,46,3,-1,0,unknown,0
22,technician,single,primary,no,668,no,no,unknown,3,feb,149,5,-1,0,unknown,0
57,blue-collar,married,secondary,no,38,yes,no,cellular,24,feb,455,1,-1,0,unknown,0
39,blue-collar,single,tertiary,no,-41,no,yes,cellular,13,apr,33,3,-1,0,unknown,0
36,blue-collar,married,secondary,no,330,yes,no,cellular,11,jun,28,6,-1,0,other,0
29,technician,married,secondary,no,2199,no,yes,cellular,25,feb,421,2,-1,1,unknown,0
22,management,single,secondary,no,479,no,no,telephone,3,jun,174,7,-1,0,other,0
50,blue-collar,married,tertiary,no,61,no,yes,unknown,30,nov,115,2,-1,0,unknown,0
41,services,single,tertiary,no,576,yes,no,cellular,6,jan,159,6,-1,0,unknown,0
26,retired,married,primary,no,1015,yes,no,cellular,6,aug,136,3,-1,1,unknown,0
26,technician,single,secondary,no,-154,yes,yes,cellular,31,mar,392,2,-1,0,unknown,1
37,self-employed,married,tertiary,no,1281,no,no,cellular,22,aug,2,1,-1,1,unknown,1
59,services,single,tertiary,no,554,no,yes,cellular,21,mar,146,3,-1,1,unknown,0
38,management,married,secondary,no,-185,no,no,cellular,6,jan,44,1,531,1,success,1
24,management,married,secondary,no,1480,yes,no,cellular,6,apr,95,1,-1,0,unknown,0
38,admin.,married,secondary,no,1669,yes,no,cellular,26,mar,30,1,-1,0,unknown,0
38,admin.,married,secondary,no,1286,yes,no,cellular,6,aug,143,2,-1,0,unknown,0
18,unemployed,married,secondary,no,427,yes,no,cellular,29,jan,265,1,-1,0,unknown,0
40,services,married,tertiary,no,931,no,no,cellular,24,sep,279,8,-1,0,unknown,0
38,blue-collar,married,secondary,no,534,no,no,cellular,14,nov,411,3,-1,0,success,0
48,blue-collar,single,tertiary,no,1609,no,no,cellular,11,sep,435,1,-1,0,unknown,0
61,management,single,primary,no,1114,yes,no,unknown,16,jun,234,1,-1,0,unknown,0
53,technician,single,tertiary,no,-71,yes,no,telephone,22,may,112,3,-1,0,unknown,1
38,blue-collar,married,tertiary,no,1345,yes,no,unknown,28,nov,13,1,-1,0,unknown,0
28,unknown,married,secondary,no,1543,no,yes,cellular,19,dec,9,2,-1,0,unknown,0
69,blue-collar,married,primary,no,494,no,no,cellular,7,may,31,1,-1,0,failure,0
41,admin.,single,secondary,no,2928,yes,no,cellular,6,dec,1064,1,-1,0,failure,0
41,technician,married,tertiary,no,2577,yes,yes,unknown,30,jun,397,1,-1,0,unknown,0
40,blue-collar,married,unknown,no,88,no,no,unknown,11,jul,133,2,-1,0,unknown,0
43,management,single,tertiary,no,3319,no,no,unknown,25,aug,161,6,56,0,unknown,0
39,blue-collar,married,tertiary,no,672,yes,no,cellular,4,mar,344,1,-1,1,unknown,0
34,admin.,divorced,secondary,no,1729,no,no,unknown,1,oct,186,2,-1,0,unknown,0
34,retired,single,secondary,no,2323,yes,no,unknown,22,jan,115,1,466,0,other,0
40,student,married,tertiary,no,855,no,no,cellular,9,may,110,1,-1,0,failure,1
35,technician,married,secondary,no,563,yes,yes,cellular,13,nov,60,3,43,0,unknown,0
33,blue-collar,married,tertiary,no,3505,yes,no,cellular,8,jan,559,2,-1,0,unknown,0
42,technician,single,secondary,no,193,yes,no,cellular,2,feb,137,3,-1,0,unknown,0
38,blue-collar,married,primary,no,245,yes,no,cellular,16,dec,360,8,-1,0,unknown,0
57,services,single,secondary,no,473,yes,no,unknown,19,aug,220,2,-1,0,unknown,0
18,retired,married,tertiary,no,2743,no,no,unknown,8,mar,361,1,-1,0,unknown,0
53,services,married,tertiary,no,3990,yes,no,unknown,12,nov,99,1,-1,0,unknown,0
54,management,married,secondary,no,172,no,no,cellular,11,oct,359,3,-1,0,unknown,0
18,services,single,secondary,no,2791,yes,no,cellular,9,apr,402,3,154,0,unknown,0
37,management,married,secondary,no,248,yes,no,telephone,24,nov,28,1,-1,1,unknown,0
36,services,single,secondary,no,5092,no,no,cellular,31,jun,24,3,-1,0,unknown,1
25,technician,married,secondary,no,1164,no,no,cellular,10,aug,1092,2,-1,0,failure,0
32,technician,married,secondary,no,-189,yes,no,telephone,1,jan,32,8,-1,0,unknown,0
28,blue-collar,single,tertiary,no,-147,yes,no,cellular,19,feb,297,5,-1,0,unknown,0
60,self-employed,single,secondary,no,39,no,no,cellular,29,nov,355,4,-1,0,unknown,0
51,management,married,unknown,no,111,yes,yes,cellular,27,jun,16,1,-1,0,unknown,0
54,technician,married,secondary,no,1989,no,no,unknown,24,aug,354,1,-1,0,unknown,0
48,services,single,secondary,no,178,yes,no,cellular,17,dec,140,2,-1,0,unknown,0
28,entrepreneur,married,secondary,no,5017,yes,no,cellular,28,aug,82,2,-1,0,unknown,0
35,management,married,primary,no,1316,yes,no,unknown,23,mar,282,3,-1,0,unknown,0
46,blue-collar,divorced,secondary,no,1569,no,no,cellular,4,apr,461,5,-1,0,unknown,0
27,entrepreneur,married,tertiary,no,168,yes,yes,cellular,12,oct,219,4,675,0,unknown,0
48,services,married,tertiary,no,3148,yes,no,cellular,23,apr,527,1,-1,0,unknown,0
38,admin.,married,secondary,no,1453,no,no,cellular,20,apr,5,2,-1,0,unknown,0
36,blue-collar,single,primary,no,2797,no,no,cellular,8,feb,346,1,-1,0,unknown,0
48,housemaid,single,secondary,no,4501,yes,no,unknown,28,jun,47,3,-1,1,unknown,0
45,blue-collar,married,secondary,no,1,no,no,cellular,22,aug,86,5,-1,0,unknown,0
37,management,married,primary,no,-47,no,no,telephone,26,sep,219,1,-1,0,unknown,0
53,technician,married,tertiary,no,2239,yes,no,cellular,26,jan,82,2,-1,0,unknown,0
29,blue-collar,single,primary,no,2816,yes,yes,cellular,29,jan,47,3,-1,0,unknown,0
47,management,married,tertiary,no,1114,no,no,cellular,16,sep,559,1,174,0,failure,1
47,self-employed,divorced,tertiary,no,483,yes,no,cellular,24,nov,612,7,698,0,other,0
37,admin.,married,primary,no,1386,yes,no,cellular,28,apr,9,4,-1,1,unknown,0
44,technician,divorced,secondary,no,347,no,no,cellular,1,nov,178,2,-1,0,unknown,0
27,blue-collar,married,tertiary,no,208,yes,no,cellular,9,jul,58,3,-1,0,unknown,0
51,admin.,single,tertiary,no,804,no,no,telephone,11,feb,513,4,-1,0,failure,0
38,self-employed,married,secondary,no,165,yes,no,cellular,12,oct,160,2,-1,0,failure,0
35,services,married,secondary,no,791,yes,no,cellular,31,jan,167,2,-1,0,unknown,0
52,blue-collar,single,secondary,no,4506,yes,no,telephone,31,nov,254,4,-1,0,unknown,0
33,admin.,single,tertiary,no,2546,yes,no,cellular,9,jul,14,4,-1,0,unknown,0
25,blue-collar,married,tertiary,no,4061,no,no,unknown,6,jun,35,1,-1,0,unknown,0
23,blue-collar,single,unknown,no,2262,no,no,cellular,29,mar,178,5,-1,0,unknown,0
47,management,married,secondary,no,457,yes,no,unknown,9,oct,877,1,138,0,unknown,0
26,management,single,tertiary,no,2307,no,no,cellular,6,apr,478,3,104,0,unknown,0
60,blue-collar,married,secondary,no,3644,yes,no,unknown,6,jan,567,3,-1,2,failure,0
18,technician,married,tertiary,no,4207,yes,no,cellular,29,jul,38,1,-1,1,other,0
59,management,married,tertiary,no,1524,yes,yes,telephone,20,sep,821,1,-1,0,unknown,0
43,admin.,married,tertiary,no,156,yes,no,unknown,3,jan,337,3,-1,0,failure,0
39,management,divorced,primary,no,-139,no,no,cellular,3,feb,101,1,-1,0,other,0
35,blue-collar,married,primary,no,38,yes,no,unknown,16,feb,515,4,-1,0,unknown,0
45,blue-collar,married,secondary,no,4852,yes,yes,cellular,2,jun,354,1,402,0,unknown,0
40,unemployed,married,secondary,no,730,yes,no,cellular,4,may,344,1,-1,0,failure,0
53,blue-collar,single,tertiary,no,2696,no,yes,cellular,9,jun,342,1,69,0,unknown,0
42,management,married,secondary,no,738,no,no,cellular,7,jan,416,1,-1,0,failure,1
42,blue-collar,married,secondary,no,1421,no,no,cellular,3,jun,765,8,-1,0,unknown,1
37,services,divorced,tertiary,no,-163,yes,no,unknown,24,nov,37,1,-1,0,unknown,0
40,student,married,secondary,no,231,no,no,unknown,30,jun,1972,2,-1,0,unknown,1
44,blue-collar,single,secondary,no,659,yes,no,telephone,13,jul,531,3,516,0,unknown,0
22,technician,single,primary,no,1293,yes,no,cellular,14,dec,150,1,-1,0,unknown,1
26,services,married,secondary,no,82,no,no,cellular,29,feb,44,5,-1,0,unknown,0
49,management,divorced,secondary,no,1969,yes,no,cellular,9,jun,156,1,-1,0,unknown,0
42,blue-collar,single,secondary,no,479,yes,no,cellular,1,sep,389,2,-1,0,failure,0
38,entrepreneur,married,primary,no,2350,yes,yes,cellular,12,sep,237,3,-1,0,failure,0
41,management,married,unknown,no,-45,yes,no,telephone,1,feb,84,2,-1,0,failure,0
44,technician,single,tertiary,no,1508,yes,no,unknown,9,may,134,3,-1,1,unknown,0
35,technician,married,secondary,no,320,yes,no,cellular,25,jul,796,6,-1,1,unknown,0
32,retired,single,primary,no,2179,yes,no,cellular,7,may,420,6,-1,0,unknown,0
43,self-employed,married,tertiary,no,571,no,no,cellular,3,mar,34,2,332,1,unknown,1
30,technician,married,primary,no,1442,no,no,cellular,4,jan,203,1,-1,1,unknown,0
45,admin.,married,tertiary,no,3884,no,yes,cellular,7,jul,689,1,-1,0,unknown,0
22,management,married,secondary,no,-168,no,no,cellular,31,aug,9,5,-1,1,unknown,0
52,blue-collar,married,secondary,no,-183,no,no,cellular,25,jun,11,4,492,3,unknown,0
46,management,single,secondary,no,2006,yes,no,unknown,15,dec,325,1,307,0,unknown,0
43,self-employed,single,secondary,no,1359,yes,yes,cellular,24,dec,221,1,-1,0,unknown,0
51,admin.,single,tertiary,no,320,no,no,unknown,24,jul,12,4,-1,0,unknown,0
59,unknown,single,primary,no,823,yes,no,cellular,1,sep,1425,2,-1,0,unknown,0
52,admin.,single,tertiary,no,-135,yes,yes,cellular,6,feb,223,1,-1,2,failure,0
20,unknown,married,secondary,no,120,yes,no,unknown,22,may,174,2,19,0,unknown,0
26,unemployed,single,secondary,no,628,no,no,cellular,31,mar,153,1,-1,1,unknown,1
34,admin.,married,secondary,no,2494,no,no,cellular,5,dec,311,1,-1,0,unknown,0
41,self-employed,divorced,secondary,no,779,yes,no,cellular,11,feb,158,2,-1,0,unknown,0
46,blue-collar,single,secondary,no,1124,yes,no,telephone,17,mar,277,2,756,1,unknown,0
33,management,married,tertiary,no,2904,no,no,cellular,3,apr,172,1,-1,1,unknown,0
43,blue-collar,married,secondary,no,354,yes,yes,cellular,12,feb,243,8,-1,0,success,0
32,management,married,unknown,no,1609,yes,no,cellular,20,feb,422,2,301,1,failure,0
34,blue-collar,married,secondary,no,2767,yes,no,cellular,30,aug,438,3,-1,1,success,0
25,blue-collar,married,primary,no,139,no,no,unknown,10,mar,487,1,303,1,unknown,0
30,unknown,married,tertiary,no,461,yes,no,unknown,7,mar,58,2,-1,0,failure,0
26,management,married,secondary,no,5653,yes,no,cellular,15,apr,16,4,825,1,unknown,0
30,management,divorced,tertiary,no,5931,yes,no,cellular,21,nov,466,4,-1,0,unknown,0
52,blue-collar,single,tertiary,no,178,no,no,unknown,18,may,11,1,-1,1,other,1
30,unemployed,single,tertiary,no,-96,no,no,cellular,19,mar,61,1,-1,0,unknown,0
69,entrepreneur,single,tertiary,no,273,yes,no,unknown,29,jun,192,1,558,0,unknown,0
46,blue-collar,married,secondary,no,560,no,no,cellular,30,oct,498,5,-1,1,unknown,0
43,admin.,married,tertiary,no,672,yes,no,cellular,1,mar,585,3,-1,0,unknown,0
31,blue-collar,single,primary,no,1246,yes,no,unknown,30,aug,255,2,-1,0,unknown,0
48,technician,divorced,secondary,no,3246,no,no,cellular,22,apr,878,3,-1,1,unknown,0
34,blue-collar,married,secondary,no,401,yes,no,telephone,13,may,337,5,594,0,unknown,0
42,technician,single,primary,no,2645,yes,no,telephone,29,mar,193,1,-1,0,failure,0
69,unemployed,divorced,secondary,no,-52,yes,no,cellular,24,may,37,1,159,0,other,0
39,management,single,tertiary,no,-135,no,no,unknown,4,nov,144,1,47,0,unknown,0
53,technician,divorced,tertiary,no,851,no,yes,cellular,18,jul,445,1,-1,0,unknown,1
33,management,married,tertiary,no,-107,no,no,telephone,12,mar,86,1,-1,0,other,0
40,technician,divorced,secondary,no,547,no,no,unknown,4,mar,222,2,-1,0,unknown,0
60,admin.,single,secondary,no,3206,no,no,unknown,26,jan,1057,8,-1,0,unknown,0
34,management,married,secondary,no,214,yes,yes,unknown,4,feb,49,2,-1,1,other,0
60,management,divorced,tertiary,no,1636,no,yes,cellular,5,apr,27,3,-1,0,unknown,0
48,blue-collar,married,tertiary,no,340,no,no,telephone,19,dec,409,4,-1,0,unknown,0
34,management,married,tertiary,no,-131,yes,yes,telephone,9,sep,6,4,-1,0,unknown,0
47,management,married,tertiary,no,1020,yes,yes,cellular,7,mar,265,2,9,0,failure,0
51,admin.,married,secondary,no,2501,yes,no,cellular,25,oct,105,2,-1,0,unknown,0
47,admin.,married,secondary,no,590,no,no,cellular,31,may,331,1,-1,0,unknown,0
23,services,single,primary,no,1240,yes,no,cellular,7,sep,33,3,-1,0,other,0
33,services,married,secondary,no,3254,yes,no,unknown,12,apr,103,1,-1,0,unknown,0
38,retired,married,secondary,no,2138,yes,no,cellular,10,apr,4,1,-1,1,unknown,0
40,management,married,secondary,no,123,yes,no,cellular,29,jun,69,2,-1,0,unknown,0
47,admin.,married,secondary,no,1782,no,no,cellular,20,jul,170,1,58,1,unknown,0
42,services,single,secondary,no,845,yes,yes,unknown,21,dec,50,2,-1,0,unknown,0
26,admin.,single,primary,no,1855,yes,no,unknown,13,nov,236,3,-1,0,unknown,0
45,blue-collar,divorced,primary,no,823,no,no,cellular,23,jun,32,4,350,0,unknown,0
47,technician,single,primary,no,5,no,no,unknown,31,nov,352,2,-1,0,unknown,0
47,services,married,primary,no,1065,yes,no,cellular,6,apr,657,2,-1,0,unknown,1
52,admin.,divorced,primary,no,816,yes,no,cellular,31,jul,125,3,-1,0,unknown,0
50,housemaid,single,tertiary,no,894,no,no,unknown,9,dec,193,1,-1,0,unknown,0
46,management,married,secondary,no,2966,yes,no,cellular,19,nov,172,2,-1,0,unknown,0
40,technician,single,tertiary,no,3178,no,no,cellular,24,oct,397,4,-1,0,failure,0
22,technician,divorced,secondary,no,706,yes,no,cellular,16,mar,1328,5,-1,0,unknown,1
45,admin.,single,secondary,no,712,yes,no,cellular,27,mar,343,3,306,1,unknown,0
43,management,married,secondary,no,885,yes,no,cellular,26,dec,62,1,-1,0,unknown,0
43,management,single,tertiary,no,899,yes,no,cellular,11,jul,307,2,-1,0,unknown,0
26,student,married,secondary,no,4305,no,yes,cellular,4,dec,246,1,-1,0,unknown,1
29,management,married,secondary,no,1372,no,no,cellular,25,jun,60,1,-1,0,unknown,0
52,services,married,secondary,no,287,no,no,cellular,1,feb,71,1,586,0,unknown,0
40,technician,married,primary,no,937,no,no,cellular,21,jan,272,1,-1,0,success,0
48,services,married,tertiary,no,1280,no,no,unknown,12,jun,425,1,-1,0,unknown,0
41,blue-collar,married,primary,no,1331,no,no,cellular,4,sep,370,2,-1,0,unknown,0
41,services,single,secondary,no,1120,no,no,unknown,5,mar,240,1,-1,0,unknown,0
51,self-employed,single,secondary,no,93,yes,no,cellular,6,sep,715,2,763,0,unknown,0
35,management,divorced,tertiary,no,-148,yes,no,telephone,14,jun,338,13,-1,0,success,1
42,management,married,secondary,no,418,no,no,cellular,29,apr,201,2,213,0,unknown,0
35,technician,married,tertiary,no,636,no,no,telephone,1,oct,437,3,-1,0,unknown,0
36,retired,divorced,tertiary,no,-104,no,no,cellular,8,oct,88,1,-1,0,success,0
37,services,married,tertiary,no,2330,no,no,cellular,15,oct,78,7,-1,0,unknown,0
43,blue-collar,single,primary,no,432,yes,no,cellular,12,dec,917,1,-1,0,unknown,0
35,blue-collar,single,secondary,no,3473,no,no,cellular,27,feb,771,2,-1,0,unknown,0
54,management,married,secondary,no,51,no,no,telephone,19,sep,548,9,-1,0,unknown,0
31,admin.,single,tertiary,no,-112,yes,no,unknown,23,may,62,4,-1,0,other,0
38,unemployed,single,secondary,no,787,no,no,cellular,7,may,228,10,-1,0,unknown,0
36,technician,married,secondary,no,114,yes,no,unknown,9,feb,197,1,-1,0,unknown,0
56,blue-collar,married,secondary,no,3956,no,yes,cellular,11,may,58,1,-1,0,unknown,0
43,management,married,secondary,no,-184,no,no,telephone,27,jun,153,1,104,0,failure,0
52,blue-collar,married,secondary,no,598,yes,no,unknown,23,feb,161,7,-1,1,unknown,0
24,blue-collar,married,secondary,no,3720,yes,yes,cellular,28,jan,71,1,-1,0,unknown,1
43,management,married,tertiary,no,527,yes,no,cellular,8,jun,799,1,-1,0,unknown,0
50,blue-collar,married,tertiary,no,-53,yes,no,cellular,4,sep,175,2,-1,0,unknown,0
41,technician,divorced,tertiary,no,341,yes,no,cellular,10,sep,192,2,-1,0,unknown,0
52,blue-collar,married,tertiary,no,833,yes,no,telephone,20,sep,235,1,-1,0,unknown,0
35,blue-collar,married,secondary,no,107,no,yes,telephone,10,may,562,2,-1,0,unknown,0
56,management,married,secondary,no,742,yes,yes,unknown,8,oct,196,2,-1,0,unknown,1
66,admin.,married,secondary,no,2514,yes,no,cellular,14,jan,200,1,-1,3,unknown,0
37,admin.,married,primary,no,2890,no,yes,cellular,4,mar,70,1,617,0,unknown,0
36,technician,married,tertiary,no,-124,no,yes,cellular,29,aug,238,4,-1,0,unknown,0
56,management,married,secondary,no,63,no,no,unknown,20,sep,123,2,-1,0,unknown,0
58,admin.,single,secondary,no,282,no,no,cellular,26,apr,268,1,-1,0,failure,0
35,unemployed,divorced,unknown,no,1155,yes,no,unknown,3,nov,92,2,-1,0,unknown,0
36,technician,married,tertiary,no,471,yes,yes,cellular,28,dec,324,3,-1,0,unknown,0
37,technician,married,primary,no,2587,yes,no,cellular,3,mar,248,2,-1,3,failure,0
26,management,single,secondary,no,1691,no,no,cellular,27,feb,165,1,-1,0,success,0
30,blue-collar,single,secondary,no,-41,yes,no,unknown,4,may,26,1,-1,0,unknown,0
29,management,married,tertiary,no,1269,no,no,cellular,12,feb,254,1,-1,0,unknown,0
32,technician,divorced,tertiary,no,-20,yes,no,telephone,29,nov,505,1,-1,0,unknown,0
40,retired,married,tertiary,no,241,yes,no,cellular,30,sep,48,1,-1,0,unknown,0
43,blue-collar,married,tertiary,no,93,yes,no,cellular,18,oct,22,4,405,1,failure,0
58,entrepreneur,single,tertiary,no,85,no,no,cellular,28,nov,10,1,-1,0,unknown,0
30,blue-collar,divorced,tertiary,no,1237,yes,no,unknown,19,sep,8,2,-1,0,unknown,0
51,blue-collar,single,secondary,no,1043,yes,no,cellular,11,mar,476,4,-1,0,unknown,0
38,management,married,secondary,no,90,yes,no,unknown,28,apr,335,5,-1,0,failure,0
40,management,married,primary,no,6733,yes,no,cellular,18,dec,58,2,-1,0,unknown,1
48,services,married,secondary,no,621,no,yes,cellular,14,dec,642,2,-1,0,unknown,0
28,management,married,tertiary,no,-46,yes,no,cellular,11,sep,37,6,-1,0,unknown,1
45,retired,single,tertiary,no,-7,yes,yes,cellular,14,jan,120,3,-1,1,unknown,0
42,self-employed,single,unknown,no,1115,no,no,telephone,22,jul,155,5,-1,0,unknown,0
46,technician,single,secondary,no,5599,yes,no,unknown,29,feb,20,3,-1,0,other,0
44,technician,divorced,secondary,no,1072,yes,yes,cellular,3,sep,110,1,176,1,other,0
68,blue-collar,married,primary,no,4265,yes,no,unknown,2,nov,27,1,-1,0,unknown,0
33,services,single,primary,no,680,yes,yes,cellular,9,dec,402,6,-1,1,unknown,0
35,self-employed,single,tertiary,no,658,yes,no,unknown,8,dec,12,4,-1,0,unknown,0
34,admin.,married,secondary,no,839,no,no,cellular,5,mar,4,2,-1,0,unknown,0
34,management,single,secondary,no,1593,no,no,cellular,29,jun,340,1,-1,0,unknown,0
33,retired,married,tertiary,no,487,yes,no,cellular,9,may,391,1,-1,0,unknown,0
54,blue-collar,single,primary,no,2791,no,no,cellular,5,feb,176,5,717,0,unknown,0
56,blue-collar,married,primary,no,-155,yes,no,unknown,21,sep,98,1,-1,0,unknown,0
34,management,married,secondary,no,669,yes,no,cellular,13,mar,69,1,-1,0,failure,0
31,management,single,secondary,no,873,no,no,cellular,11,jun,32,5,375,0,unknown,0
46,admin.,single,secondary,no,1201,yes,no,cellular,11,sep,170,1,-1,0,unknown,0
34,blue-collar,married,unknown,no,284,yes,no,cellular,20,aug,174,2,59,0,success,0
47,technician,married,tertiary,no,636,no,no,cellular,12,oct,157,1,-1,0,unknown,0
43,entrepreneur,married,secondary,no,794,yes,yes,cellular,19,may,388,1,-1,0,unknown,0
24,services,married,secondary,no,1541,yes,no,cellular,13,jun,27,2,-1,0,unknown,0
58,admin.,single,tertiary,no,2027,no,yes,cellular,26,mar,286,2,-1,1,unknown,0
60,technician,divorced,secondary,no,1808,no,no,cellular,9,may,132,1,763,0,unknown,0
34,management,married,primary,no,426,no,no,cellular,4,jun,71,1,-1,0,unknown,0
36,technician,single,tertiary,no,11059,yes,no,telephone,7,mar,295,3,-1,1,unknown,0
44,self-employed,married,secondary,no,2632,yes,yes,unknown,31,oct,56,3,209,0,unknown,0
44,blue-collar,single,secondary,no,251,yes,no,unknown,5,feb,67,2,46,1,failure,0
48,blue-collar,married,primary,no,125,yes,yes,unknown,7,oct,1685,1,-1,0,success,0
63,blue-collar,married,secondary,no,365,yes,no,unknown,28,sep,566,4,-1,0,unknown,0
39,technician,single,secondary,no,703,no,no,cellular,8,jul,308,1,-1,0,unknown,0
32,admin.,married,primary,no,2653,yes,yes,cellular,14,apr,97,3,-1,1,unknown,0
25,blue-collar,single,primary,no,2060,yes,yes,unknown,24,mar,198,1,512,0,unknown,0
32,management,single,primary,no,2658,yes,yes,cellular,10,apr,34,1,530,0,unknown,0
40,management,married,secondary,no,276,no,no,cellular,6,sep,104,2,-1,0,unknown,0
60,blue-collar,married,secondary,no,1150,no,no,cellular,5,sep,18,1,193,0,unknown,0
35,self-employed,single,secondary,no,299,no,no,unknown,15,dec,243,1,-1,0,success,0
43,technician,single,secondary,no,-26,yes,no,unknown,16,jun,502,1,-1,1,unknown,0
40,services,married,tertiary,no,1528,yes,no,cellular,27,nov,427,8,-1,1,unknown,0
54,admin.,married,secondary,no,31,yes,yes,unknown,2,dec,500,3,-1,0,unknown,0
68,technician,single,tertiary,no,1452,no,yes,unknown,28,sep,49,4,35,0,unknown,0
35,management,married,secondary,no,1366,yes,no,cellular,15,sep,270,3,-1,1,unknown,0
35,management,married,secondary,no,2293,yes,yes,unknown,8,jun,810,1,338,1,unknown,0
52,admin.,married,unknown,no,25,yes,no,unknown,21,may,394,3,414,1,unknown,0
48,management,divorced,secondary,no,2095,yes,no,cellular,24,nov,0,3,-1,1,unknown,0
61,technician,single,secondary,no,10647,yes,no,telephone,22,mar,552,2,-1,0,unknown,0
47,blue-collar,divorced,secondary,no,2656,yes,no,cellular,24,jan,315,1,-1,0,unknown,1
37,admin.,single,secondary,no,1890,yes,no,telephone,13,apr,33,1,-1,0,unknown,0
47,management,divorced,secondary,no,1427,yes,no,unknown,17,jan,97,1,-1,0,unknown,0
53,entrepreneur,married,secondary,no,621,yes,no,cellular,15,dec,32,1,-1,0,unknown,0
50,blue-collar,single,tertiary,no,1766,no,no,cellular,25,jan,337,1,188,0,unknown,0
46,blue-collar,married,primary,no,1731,yes,no,unknown,14,jun,0,4,-1,0,unknown,0
52,admin.,single,tertiary,no,1297,no,no,unknown,25,nov,161,1,802,0,unknown,0
53,management,married,secondary,no,2186,yes,no,cellular,19,may,2209,3,-1,1,unknown,1
56,admin.,married,tertiary,no,693,yes,no,unknown,13,jul,491,1,-1,0,failure,1
48,retired,single,secondary,no,-6,no,no,cellular,21,jan,228,2,-1,0,failure,0
39,blue-collar,single,tertiary,no,1028,no,no,cellular,28,jan,305,1,-1,0,unknown,0
42,retired,married,tertiary,no,261,no,no,telephone,7,aug,238,1,-1,0,unknown,0
54,blue-collar,single,secondary,no,527,yes,no,unknown,8,jun,429,1,-1,0,unknown,0
32,management,married,primary,no,-173,yes,no,telephone,31,aug,560,1,-1,0,unknown,0
45,retired,married,primary,no,523,yes,no,cellular,7,jun,375,1,545,0,success,0
36,blue-collar,single,primary,no,2281,yes,no,cellular,19,jun,51,6,-1,0,unknown,0
41,unknown,married,secondary,no,973,yes,no,unknown,31,oct,120,1,-1,0,unknown,0
55,technician,divorced,tertiary,no,-185,yes,no,cellular,15,jul,395,2,-1,0,unknown,0
43,services,married,primary,no,751,yes,no,cellular,7,dec,447,1,439,1,unknown,0
41,blue-collar,single,secondary,no,316,no,no,unknown,17,feb,255,1,-1,0,unknown,0
26,management,single,primary,no,773,no,yes,cellular,21,mar,323,3,-1,0,unknown,1
49,blue-collar,married,secondary,no,578,yes,no,cellular,25,dec,49,8,-1,0,unknown,0
48,admin.,married,secondary,no,3831,no,no,cellular,18,apr,120,3,196,1,unknown,0
64,admin.,single,tertiary,no,-136,no,no,unknown,19,jan,197,5,-1,0,unknown,0
37,blue-collar,single,tertiary,no,1526,yes,no,unknown,25,sep,1062,1,-1,0,other,0
43,services,married,tertiary,no,2655,yes,no,cellular,3,sep,414,1,-1,0,unknown,1
43,technician,married,primary,no,4600,no,no,cellular,24,apr,55,5,-1,0,unknown,0
58,blue-collar,married,secondary,no,93,yes,no,cellular,22,jan,112,2,-1,0,other,0
39,services,married,secondary,no,936,no,no,unknown,7,jan,63,4,-1,1,unknown,0
44,services,married,primary,no,-133,yes,no,cellular,21,jun,42,1,-1,0,unknown,0
47,retired,married,secondary,no,837,yes,no,telephone,10,feb,32,1,-1,0,failure,0
43,services,single,tertiary,no,1,no,yes,cellular,28,jan,870,1,-1,0,unknown,0
36,management,single,tertiary,no,2529,no,no,cellular,7,oct,611,5,-1,0,unknown,0
43,services,divorced,secondary,no,-18,yes,no,unknown,26,nov,170,7,-1,0,unknown,0
52,technician,single,secondary,no,880,no,no,cellular,11,dec,205,4,-1,0,failure,0
29,management,divorced,tertiary,no,904,yes,no,unknown,26,feb,470,2,-1,0,unknown,1
42,technician,married,primary,no,5144,no,no,cellular,29,jul,269,1,-1,0,unknown,0
33,blue-collar,single,tertiary,no,1396,no,yes,cellular,3,apr,340,2,-1,0,unknown,0
54,technician,divorced,tertiary,no,309,yes,no,cellular,31,jul,404,2,771,0,unknown,0
24,technician,single,secondary,no,213,yes,no,cellular,27,jul,170,2,-1,0,other,0
34,management,married,secondary,no,5,yes,yes,cellular,21,apr,949,2,-1,0,unknown,1
45,technician,single,secondary,no,1919,yes,no,unknown,22,feb,255,2,-1,0,unknown,0
58,blue-collar,divorced,secondary,no,1560,yes,no,cellular,9,sep,258,3,-1,0,other,0
40,blue-collar,single,secondary,no,1211,no,yes,unknown,4,oct,39,4,-1,0,other,0
34,technician,married,secondary,no,-137,yes,no,cellular,8,oct,1135,5,645,0,unknown,0
61,admin.,single,secondary,no,1958,yes,no,cellular,30,mar,18,1,-1,0,success,0
25,services,divorced,secondary,no,1340,no,yes,cellular,31,jan,1094,1,-1,1,unknown,0
18,admin.,married,secondary,no,4781,yes,no,unknown,30,nov,622,1,-1,0,unknown,0
45,technician,single,tertiary,no,1127,yes,yes,cellular,24,aug,500,2,-1,0,unknown,0
35,admin.,married,tertiary,no,343,yes,no,cellular,26,apr,288,3,-1,0,unknown,0
29,management,single,secondary,no,520,no,yes,cellular,31,sep,242,3,-1,0,failure,0
48,management,single,primary,no,90,yes,no,cellular,31,aug,1467,9,-1,0,unknown,0
43,technician,married,secondary,no,1725,no,no,cellular,22,nov,941,1,-1,0,unknown,0
34,admin.,married,primary,no,1645,yes,no,cellular,12,nov,430,2,-1,0,unknown,0
26,technician,single,secondary,yes,135,no,no,cellular,31,jul,23,2,-1,1,unknown,0
50,management,married,primary,no,58,no,no,cellular,8,sep,120,4,363,0,unknown,0
48,management,married,secondary,no,-79,no,no,unknown,15,feb,518,3,-1,0,unknown,0
39,services,single,tertiary,no,3445,yes,no,unknown,28,apr,312,2,-1,0,unknown,0
61,unknown,married,secondary,no,198,yes,no,telephone,14,may,33,3,-1,0,unknown,0
29,technician,married,tertiary,no,432,no,no,cellular,5,may,110,2,-1,0,unknown,0
24,blue-collar,divorced,secondary,no,293,yes,no,cellular,17,dec,5,3,-1,0,unknown,0
33,blue-collar,married,secondary,no,600,yes,no,unknown,20,jan,576,1,-1,1,unknown,0
40,unknown,married,tertiary,no,1677,no,no,cellular,11,sep,354,2,-1,0,unknown,0
43,technician,single,secondary,no,2867,no,no,cellular,22,sep,147,4,406,0,unknown,0
38,services,single,primary,no,102,yes,no,unknown,15,may,368,1,-1,0,unknown,0
44,technician,divorced,secondary,no,1539,no,no,unknown,25,oct,699,4,132,0,unknown,0
27,retired,divorced,secondary,no,452,yes,no,unknown,13,mar,84,3,-1,0,unknown,1
56,management,single,tertiary,no,5708,yes,no,unknown,30,aug,86,2,-1,0,failure,0
40,technician,married,secondary,no,332,no,no,unknown,4,jul,170,1,-1,1,unknown,0
53,technician,married,secondary,no,-189,no,no,telephone,22,may,316,4,110,0,other,1
44,blue-collar,married,tertiary,no,887,no,no,cellular,13,dec,1281,1,578,0,success,0
46,management,married,tertiary,no,45,yes,no,unknown,26,jan,45,2,-1,0,unknown,0
47,admin.,single,primary,no,-131,no,yes,unknown,13,jul,108,3,453,0,unknown,0
45,technician,single,secondary,no,1597,yes,no,cellular,11,nov,116,2,-1,0,unknown,0
48,retired,married,secondary,no,1776,yes,no,cellular,5,jan,333,1,228,0,failure,0
55,admin.,single,secondary,no,726,no,no,cellular,25,jan,561,4,-1,0,unknown,1
43,blue-collar,married,secondary,no,1494,yes,no,unknown,26,sep,52,5,-1,0,unknown,1
48,admin.,married,tertiary,no,959,yes,no,cellular,14,jun,322,2,-1,0,failure,0
40,retired,single,secondary,no,1290,yes,no,cellular,22,jul,620,4,-1,0,unknown,0
56,technician,married,secondary,no,1162,yes,no,cellular,3,feb,33,2,-1,0,unknown,0
33,admin.,married,secondary,no,1444,yes,yes,unknown,18,nov,260,2,-1,0,success,0
60,technician,married,tertiary,no,134,yes,no,cellular,3,aug,58,1,-1,0,unknown,0
40,blue-collar,married,primary,no,269,yes,no,cellular,6,jul,150,2,-1,0,unknown,0
25,admin.,single,tertiary,no,669,yes,no,cellular,26,may,34,3,-1,0,unknown,1
42,technician,divorced,secondary,no,686,no,no,cellular,8,aug,296,2,-1,0,unknown,0
33,technician,married,tertiary,no,2033,no,yes,cellular,24,feb,132,2,341,0,unknown,0
50,blue-collar,married,tertiary,no,486,yes,no,cellular,28,jun,216,5,-1,0,unknown,0
33,admin.,single,secondary,no,66,yes,no,cellular,21,apr,191,1,-1,0,unknown,0
36,self-employed,divorced,secondary,no,234,no,no,cellular,17,jul,305,4,-1,1,unknown,0
20,blue-collar,married,secondary,no,162,no,no,cellular,1,jun,582,1,-1,1,unknown,0
36,retired,married,secondary,no,1773,yes,no,cellular,28,dec,84,4,-1,0,failure,0
18,services,single,primary,no,753,no,yes,unknown,7,jun,233,1,572,0,unknown,0
23,management,single,secondary,no,1649,yes,yes,cellular,18,may,220,1,225,0,unknown,0
49,technician,married,secondary,no,607,yes,yes,cellular,29,nov,97,2,-1,0,unknown,0
49,retired,single,primary,no,3107,yes,no,cellular,4,may,178,3,-1,0,unknown,0
45,admin.,married,primary,no,5958,yes,no,cellular,10,feb,10,6,-1,1,unknown,0
30,services,married,tertiary,no,1462,yes,no,cellular,5,nov,143,1,185,0,unknown,0
40,blue-collar,married,secondary,no,2790,no,yes,cellular,8,jul,81,1,-1,0,unknown,0
40,management,single,secondary,no,863,no,no,telephone,26,jul,514,2,-1,0,unknown,1
28,blue-collar,married,secondary,no,3891,yes,no,cellular,25,aug,114,1,409,0,unknown,0
57,technician,married,secondary,no,2471,no,yes,cellular,13,apr,55,2,-1,2,unknown,0
50,technician,married,secondary,no,7001,no,no,unknown,17,nov,194,6,-1,0,failure,0
38,admin.,single,tertiary,no,1263,yes,yes,cellular,25,nov,429,3,-1,0,unknown,0
41,management,married,secondary,no,2065,yes,yes,unknown,21,nov,112,2,-1,0,success,0
43,admin.,married,secondary,no,974,no,no,cellular,4,sep,484,1,234,0,failure,0
18,blue-collar,married,secondary,no,249,no,no,cellular,10,oct,101,1,-1,0,unknown,0
38,blue-collar,single,tertiary,no,457,yes,no,cellular,21,mar,343,2,-1,0,unknown,0
33,management,married,tertiary,no,3166,no,no,cellular,30,mar,31,5,-1,0,failure,1
29,technician,married,tertiary,no,-113,yes,no,unknown,25,feb,16,2,-1,0,unknown,0
37,management,married,secondary,no,1142,yes,no,cellular,8,oct,345,2,-1,0,unknown,0
60,unemployed,single,secondary,no,498,yes,no,cellular,10,jul,118,2,-1,0,unknown,0
48,admin.,married,secondary,no,533,no,yes,cellular,13,dec,128,4,212,0,unknown,0
34,blue-collar,single,secondary,no,3038,yes,no,cellular,12,oct,220,3,-1,0,unknown,0
47,technician,divorced,primary,no,2684,yes,no,telephone,21,feb,1117,6,-1,0,unknown,0
56,self-employed,divorced,unknown,no,1170,yes,no,cellular,13,jul,48,2,-1,1,unknown,0
51,technician,married,tertiary,no,278,no,no,telephone,27,mar,91,1,507,0,unknown,0
41,management,divorced,primary,no,767,no,no,unknown,30,jan,269,1,-1,0,unknown,0
33,blue-collar,married,tertiary,no,587,yes,no,cellular,10,nov,311,1,-1,0,unknown,0
48,self-employed,married,secondary,no,454,no,no,cellular,21,aug,315,1,-1,0,unknown,1
45,management,divorced,unknown,no,-37,yes,no,cellular,1,aug,233,2,425,0,unknown,0
50,technician,married,secondary,no,974,yes,no,cellular,9,oct,228,1,-1,0,unknown,0
47,self-employed,married,tertiary,no,338,yes,no,cellular,3,jan,41,2,-1,0,unknown,0
52,management,married,secondary,no,1421,yes,yes,unknown,17,nov,464,1,-1,0,failure,0
35,management,single,secondary,no,376,yes,no,cellular,21,jun,2,1,118,1,unknown,0
55,blue-collar,married,tertiary,no,646,no,no,cellular,10,apr,139,3,-1,0,unknown,1
43,services,single,secondary,no,-119,no,no,cellular,19,may,62,2,-1,0,unknown,0
63,blue-collar,divorced,secondary,no,7146,no,no,cellular,6,aug,28,5,-1,0,unknown,0
33,student,single,secondary,no,862,no,no,cellular,7,aug,99,1,-1,0,unknown,0
60,retired,married,secondary,no,-163,no,no,cellular,11,jul,276,2,-1,0,unknown,0
43,management,divorced,unknown,no,968,yes,no,cellular,16,may,177,3,204,0,unknown,0
33,student,married,tertiary,no,2864,no,no,cellular,4,jun,533,2,-1,0,success,0
35,entrepreneur,married,secondary,no,2021,no,no,telephone,4,aug,236,7,-1,0,failure,1
37,technician,married,secondary,no,1610,no,no,unknown,18,may,75,1,-1,0,unknown,0
45,blue-collar,married,primary,no,25,yes,yes,cellular,18,mar,186,1,803,0,unknown,0
46,technician,married,secondary,yes,1408,yes,no,unknown,7,sep,66,1,-1,0,unknown,0
34,management,married,secondary,no,1980,no,no,cellular,11,sep,50,1,-1,1,unknown,0
40,management,married,secondary,no,1074,no,no,unknown,5,oct,800,3,-1,0,unknown,0
64,blue-collar,married,primary,no,3148,yes,yes,cellular,21,jan,162,2,-1,1,unknown,0
60,services,single,secondary,no,286,no,no,unknown,28,jul,271,1,-1,0,failure,0
45,blue-collar,single,secondary,no,215,yes,yes,unknown,18,apr,533,2,-1,0,unknown,0
41,student,single,secondary,no,2855,no,no,unknown,7,jun,100,4,-1,0,unknown,0
42,technician,married,secondary,no,1272,yes,no,unknown,2,jul,401,2,-1,0,failure,0
47,technician,married,tertiary,no,-197,yes,yes,cellular,29,aug,401,1,-1,0,unknown,0
29,management,divorced,secondary,no,453,yes,no,cellular,28,nov,448,1,-1,0,unknown,0
38,management,married,secondary,no,2726,yes,no,cellular,5,may,54,2,773,0,unknown,0
22,technician,single,secondary,no,-158,yes,no,cellular,5,may,849,2,-1,0,unknown,0
45,admin.,married,secondary,no,-195,no,no,cellular,19,dec,82,5,-1,0,unknown,0
48,services,divorced,primary,no,295,no,no,cellular,2,jun,386,8,-1,0,unknown,0
35,housemaid,married,primary,no,3480,yes,no,telephone,19,jul,45,8,-1,0,unknown,0
58,technician,married,secondary,no,3276,no,no,cellular,27,may,665,2,-1,0,failure,0
27,services,single,secondary,no,897,yes,no,cellular,5,may,144,1,565,0,unknown,0
24,technician,married,secondary,no,1008,yes,no,telephone,12,dec,284,1,-1,0,unknown,0
43,management,married,tertiary,no,405,yes,no,cellular,13,apr,489,2,-1,1,unknown,0
52,services,married,tertiary,no,219,yes,no,cellular,22,jan,85,5,412,0,unknown,0
59,unknown,single,secondary,no,2332,no,no,unknown,20,jul,127,1,-1,0,unknown,0
35,management,married,tertiary,no,-31,yes,yes,unknown,7,jul,97,2,306,0,unknown,0
52,blue-collar,married,tertiary,no,802,no,yes,cellular,2,jun,85,3,-1,0,unknown,0
40,technician,married,primary,no,1309,no,no,cellular,30,oct,184,1,-1,0,unknown,0
39,admin.,married,secondary,no,-35,no,no,cellular,22,feb,204,1,-1,0,failure,0
50,blue-collar,single,secondary,no,899,no,no,cellular,14,feb,20,1,-1,0,unknown,0
48,housemaid,married,secondary,no,1092,no,no,cellular,25,jun,288,1,-1,0,unknown,0
23,management,married,primary,no,1835,yes,no,unknown,26,dec,140,2,840,0,unknown,0
57,technician,married,tertiary,no,201,yes,no,unknown,5,sep,568,1,-1,0,unknown,0
56,blue-collar,married,tertiary,no,320,yes,no,unknown,20,may,559,1,-1,1,unknown,0
34,blue-collar,married,secondary,no,1064,no,no,cellular,30,jul,328,1,763,0,failure,0
45,technician,married,secondary,no,5923,yes,no,cellular,25,feb,496,2,-1,0,unknown,0
46,admin.,married,secondary,no,167,no,no,cellular,22,jun,659,3,-1,0,unknown,0
43,services,divorced,tertiary,no,6192,yes,no,cellular,12,nov,222,2,-1,1,unknown,0
34,self-employed,married,secondary,no,1679,yes,yes,cellular,31,jun,921,2,-1,0,unknown,0
33,admin.,single,secondary,no,2423,yes,no,telephone,4,oct,802,2,-1,0,other,0
40,services,married,tertiary,no,-59,no,no,telephone,31,jun,30,2,-1,1,unknown,0
53,blue-collar,married,secondary,no,335,yes,no,unknown,17,jun,190,1,-1,1,unknown,0
46,admin.,married,secondary,no,-110,yes,no,cellular,16,apr,31,1,-1,0,unknown,0
36,technician,married,secondary,no,496,yes,no,unknown,25,may,297,6,-1,0,success,0
49,entrepreneur,divorced,primary,no,5768,yes,no,cellular,10,apr,373,2,-1,0,unknown,0
18,technician,divorced,tertiary,no,-33,yes,no,telephone,3,jun,557,4,-1,0,unknown,0
53,blue-collar,single,primary,no,1039,yes,no,cellular,22,sep,270,5,-1,0,unknown,0
21,technician,single,secondary,no,-190,yes,yes,cellular,1,may,156,2,-1,1,unknown,0
37,unemployed,married,primary,no,1670,yes,no,cellular,6,may,43,1,-1,0,unknown,0
28,technician,married,primary,no,129,no,no,cellular,3,mar,34,3,-1,0,unknown,0
26,management,divorced,tertiary,no,8,no,no,unknown,19,nov,171,2,-1,1,unknown,0
53,blue-collar,single,primary,no,416,yes,no,cellular,27,jul,461,8,-1,0,unknown,0
35,management,married,secondary,no,2011,yes,no,unknown,7,may,358,4,-1,0,unknown,0
44,management,married,secondary,no,-30,yes,no,cellular,27,feb,548,4,221,0,unknown,0
40,technician,married,secondary,no,191,no,no,cellular,9,sep,429,2,-1,0,failure,0
46,blue-collar,divorced,tertiary,no,-187,yes,no,cellular,22,may,59,1,-1,0,unknown,1
41,blue-collar,married,tertiary,no,4982,yes,no,cellular,12,jul,57,4,-1,0,unknown,0
26,admin.,married,tertiary,yes,1145,yes,no,cellular,30,dec,158,1,-1,0,unknown,0
51,admin.,married,secondary,no,1708,yes,no,cellular,14,jul,54,1,-1,0,unknown,0
35,blue-collar,single,secondary,no,1380,yes,yes,unknown,1,oct,53,4,676,0,other,0
23,technician,married,secondary,no,33,no,no,cellular,25,dec,80,1,-1,0,unknown,0
36,technician,single,tertiary,no,1155,no,no,cellular,13,aug,5,4,-1,1,unknown,0
57,admin.,married,secondary,no,11,no,no,cellular,21,apr,218,1,-1,0,unknown,0
50,management,divorced,primary,no,569,yes,no,telephone,2,jul,130,3,-1,0,unknown,0
37,management,single,secondary,no,1062,no,no,telephone,3,mar,69,2,-1,0,unknown,0
37,admin.,married,secondary,no,1027,yes,no,cellular,11,sep,37,3,-1,0,unknown,0
37,blue-collar,married,primary,no,-9,yes,no,cellular,5,aug,157,4,-1,0,unknown,0
63,management,married,secondary,no,-147,no,no,cellular,28,dec,237,9,441,0,unknown,0
45,technician,married,secondary,no,2200,no,no,unknown,2,oct,934,1,-1,0,unknown,0
45,self-employed,single,secondary,no,1741,yes,no,cellular,14,sep,75,3,-1,0,unknown,0
52,services,married,secondary,no,-71,yes,no,unknown,28,feb,6,7,-1,0,other,0
43,retired,married,unknown,no,4,yes,no,cellular,13,apr,343,1,495,0,unknown,0
38,blue-collar,married,tertiary,no,3146,no,no,cellular,14,jan,69,1,-1,0,unknown,0
38,blue-collar,married,secondary,no,1998,yes,no,unknown,28,aug,170,3,587,0,unknown,0
40,housemaid,single,tertiary,no,8143,yes,no,cellular,3,apr,426,2,-1,0,unknown,0
40,unemployed,married,secondary,no,239,yes,no,unknown,8,apr,9,1,794,0,unknown,0
49,technician,divorced,tertiary,no,803,yes,no,cellular,13,jul,39,1,551,0,unknown,0
41,admin.,divorced,primary,no,204,yes,no,cellular,22,jun,26,1,-1,0,unknown,0
49,management,married,primary,no,1262,no,no,telephone,12,mar,68,3,-1,0,unknown,0
40,technician,married,secondary,no,-16,yes,no,unknown,18,aug,49,5,-1,0,unknown,0
41,retired,single,secondary,no,4,no,no,unknown,18,feb,98,4,-1,0,unknown,0
19,entrepreneur,married,secondary,no,-88,yes,no,cellular,17,jan,353,2,-1,0,unknown,0
51,self-employed,married,tertiary,no,1574,no,no,cellular,7,dec,11,2,-1,0,unknown,0
44,management,married,tertiary,no,822,no,no,cellular,22,dec,19,2,-1,0,unknown,0
51,blue-collar,married,secondary,no,1242,yes,no,cellular,13,dec,214,2,-1,0,unknown,0
18,services,single,primary,no,2971,no,no,cellular,13,feb,189,7,-1,0,unknown,0
63,services,married,secondary,no,1822,yes,no,cellular,6,sep,165,5,-1,0,unknown,0
39,management,married,secondary,no,729,yes,no,telephone,21,may,187,1,-1,0,unknown,0
53,technician,divorced,secondary,no,6036,yes,no,telephone,19,may,349,4,-1,0,unknown,0
29,blue-collar,single,secondary,no,713,yes,no,unknown,24,jun,221,1,-1,0,unknown,0
47,management,married,secondary,no,-21,no,no,unknown,19,mar,157,3,-1,0,unknown,0
29,unemployed,single,secondary,no,7170,no,no,cellular,21,jan,22,1,-1,0,success,0
34,services,married,secondary,no,-165,yes,yes,unknown,24,aug,949,3,-1,0,unknown,1
62,management,single,secondary,no,997,no,yes,telephone,30,jul,70,1,-1,0,unknown,0
38,management,married,tertiary,no,354,no,no,unknown,28,dec,524,1,-1,0,unknown,1
43,management,married,secondary,no,850,yes,no,cellular,16,aug,122,1,-1,2,failure,0
50,services,single,tertiary,no,1027,yes,no,cellular,3,sep,297,7,790,0,unknown,0
46,management,married,secondary,no,211,yes,yes,telephone,14,feb,156,1,-1,0,unknown,0
42,blue-collar,divorced,tertiary,no,1020,no,yes,unknown,21,may,112,1,-1,0,unknown,0
45,blue-collar,married,primary,no,1916,yes,yes,unknown,27,feb,245,2,-1,0,unknown,0
67,blue-collar,divorced,secondary,no,264,yes,no,telephone,6,aug,198,3,-1,0,unknown,1
40,management,divorced,secondary,no,525,no,no,cellular,17,apr,68,3,-1,1,failure,1
43,technician,married,primary,no,268,no,yes,telephone,16,nov,105,1,225,0,unknown,0
52,self-employed,single,tertiary,no,2376,yes,no,unknown,2,apr,9,1,-1,1,unknown,0
53,services,married,secondary,no,1736,no,yes,telephone,23,oct,55,1,-1,0,success,0
54,admin.,divorced,secondary,no,2874,no,no,telephone,9,aug,105,1,-1,1,unknown,0
48,management,married,tertiary,no,79,yes,no,cellular,13,jul,923,3,-1,0,unknown,1
28,technician,single,primary,no,-85,no,no,telephone,14,jan,193,6,14,0,unknown,0
58,unknown,married,secondary,no,-9,yes,no,cellular,26,jul,311,2,536,0,failure,0
28,technician,married,secondary,no,63,yes,no,unknown,20,oct,288,1,-1,0,unknown,1
44,services,married,secondary,no,942,yes,no,cellular,21,mar,1021,1,254,0,unknown,0
32,unknown,married,secondary,no,5106,yes,no,cellular,12,may,209,1,-1,0,unknown,0
40,management,single,secondary,no,462,yes,no,unknown,20,aug,227,1,-1,0,unknown,0
44,services,single,secondary,no,4573,yes,no,cellular,11,jun,92,2,-1,0,other,0
44,unemployed,single,secondary,no,-141,no,yes,cellular,19,aug,253,3,759,0,other,0
45,management,married,secondary,no,3723,no,no,telephone,10,may,365,1,489,2,success,1
58,blue-collar,married,primary,no,99,yes,no,cellular,18,oct,28,2,-1,0,unknown,0
45,technician,married,secondary,no,3453,yes,no,cellular,30,sep,168,2,-1,0,unknown,0
38,entrepreneur,single,secondary,yes,-113,no,no,unknown,3,nov,141,1,-1,1,unknown,0
51,management,divorced,secondary,no,4241,yes,no,cellular,16,jun,31,5,-1,0,unknown,0
54,blue-collar,married,primary,no,136,yes,no,cellular,31,nov,107,2,-1,0,unknown,1
27,unemployed,married,tertiary,no,340,yes,no,cellular,18,sep,197,1,-1,0,failure,0
47,blue-collar,married,tertiary,no,812,no,no,cellular,14,apr,270,1,-1,1,unknown,0
48,management,single,secondary,no,518,no,no,cellular,24,feb,87,2,-1,0,other,1
37,unknown,single,primary,no,1451,no,no,cellular,17,aug,166,1,-1,0,failure,0
56,technician,single,secondary,no,5321,yes,no,unknown,5,may,341,7,-1,0,unknown,0
39,services,married,secondary,no,1198,no,no,cellular,17,feb,141,1,-1,0,failure,0
42,blue-collar,single,tertiary,no,1717,yes,no,cellular,21,jun,729,5,-1,0,unknown,0
39,management,single,primary,no,-61,yes,no,cellular,14,mar,8,3,-1,0,unknown,0
41,management,married,tertiary,no,1282,yes,no,cellular,3,jan,77,1,-1,0,unknown,0
28,admin.,married,primary,no,707,no,no,cellular,31,dec,36,6,-1,1,unknown,0
25,technician,married,primary,no,3054,yes,no,cellular,25,jun,201,1,83,0,unknown,0
58,admin.,married,secondary,no,537,yes,no,unknown,15,nov,50,2,-1,0,failure,0
31,management,divorced,secondary,no,1506,no,no,cellular,12,aug,349,6,-1,0,failure,0
30,technician,married,secondary,no,188,no,no,cellular,17,jan,646,4,-1,0,success,0
18,blue-collar,single,primary,no,250,no,no,unknown,26,mar,59,2,335,2,unknown,1
33,self-employed,married,secondary,no,507,yes,yes,cellular,17,jun,612,1,-1,1,unknown,0
26,self-employed,married,primary,no,343,no,no,cellular,24,oct,257,2,-1,0,unknown,0
59,management,married,secondary,no,239,no,no,cellular,19,mar,56,2,-1,0,failure,0
52,technician,married,secondary,no,-123,no,yes,unknown,27,jul,344,12,-1,0,unknown,0
33,management,married,secondary,no,2518,yes,no,unknown,7,jun,24,4,-1,0,unknown,0
65,blue-collar,married,secondary,no,-100,yes,no,cellular,26,sep,303,4,-1,0,unknown,0
51,blue-collar,married,primary,no,3075,yes,no,cellular,5,jun,509,9,-1,0,unknown,0
37,services,married,secondary,no,1,yes,no,cellular,2,jul,774,2,673,0,unknown,0
18,self-employed,married,secondary,no,-98,yes,no,telephone,16,feb,14,2,-1,0,unknown,0
66,entrepreneur,married,secondary,no,1041,yes,no,cellular,30,oct,16,2,-1,0,unknown,1
25,blue-collar,married,secondary,no,847,yes,no,cellular,13,apr,687,1,-1,0,unknown,1
22,services,divorced,secondary,no,813,no,no,unknown,11,may,402,2,-1,0,unknown,0
52,admin.,married,secondary,no,1081,yes,no,cellular,7,feb,384,2,-1,1,unknown,0
67,management,single,primary,no,307,yes,no,cellular,23,nov,350,1,670,0,unknown,0
56,technician,married,secondary,no,1431,no,no,unknown,3,oct,325,3,-1,1,unknown,1
47,blue-collar,single,secondary,no,846,yes,yes,telephone,6,oct,245,1,-1,0,unknown,0
47,technician,married,tertiary,no,411,yes,no,telephone,5,oct,432,2,398,0,unknown,0
50,management,divorced,secondary,no,2427,yes,no,unknown,1,jul,8,3,261,0,unknown,0
49,management,married,secondary,no,1751,no,no,cellular,1,apr,347,1,-1,0,unknown,0
44,unknown,single,tertiary,no,550,no,no,cellular,18,sep,225,4,443,0,unknown,0
42,technician,married,secondary,no,2622,no,yes,cellular,23,aug,614,1,441,0,unknown,0
40,management,married,tertiary,no,3593,no,no,cellular,3,oct,710,3,727,0,unknown,0
32,technician,single,secondary,no,954,yes,no,cellular,25,sep,71,1,-1,0,unknown,0
37,admin.,married,tertiary,no,163,no,yes,cellular,19,aug,401,2,-1,0,failure,0
22,services,married,primary,no,3511,no,no,cellular,10,may,811,2,-1,1,failure,0
39,blue-collar,married,secondary,no,115,no,no,cellular,20,sep,80,1,-1,0,failure,0
30,blue-collar,single,secondary,no,-125,no,yes,cellular,11,may,491,2,705,1,unknown,0
28,housemaid,divorced,secondary,no,395,yes,no,cellular,8,aug,227,3,-1,0,unknown,0
42,management,married,secondary,no,1747,yes,no,telephone,20,apr,129,2,-1,0,unknown,0
56,technician,single,primary,no,3651,no,yes,cellular,23,may,447,2,-1,0,unknown,0
51,technician,married,tertiary,no,1321,no,no,cellular,11,nov,526,5,-1,0,unknown,0
23,management,married,secondary,no,4349,no,no,unknown,5,apr,85,3,-1,0,unknown,0
30,technician,divorced,tertiary,no,-54,no,no,telephone,22,feb,408,5,-1,0,unknown,0
51,services,divorced,secondary,no,-105,no,no,cellular,24,apr,13,2,-1,0,failure,0
30,blue-collar,single,tertiary,no,1190,no,no,cellular,4,nov,139,1,-1,1,other,0
38,blue-collar,married,tertiary,no,4877,yes,no,cellular,13,may,18,1,317,0,failure,0
47,self-employed,married,tertiary,no,847,yes,no,cellular,6,jun,89,1,-1,1,unknown,0
30,management,married,secondary,no,-120,no,no,cellular,29,apr,774,1,-1,0,success,0
42,technician,married,tertiary,no,175,yes,yes,cellular,26,nov,342,2,-1,0,unknown,0
26,blue-collar,married,secondary,no,221,no,no,cellular,2,oct,363,1,-1,0,unknown,0
34,blue-collar,single,tertiary,no,418,no,no,cellular,25,dec,37,2,-1,0,unknown,0
44,management,divorced,secondary,no,-133,no,no,cellular,28,apr,223,1,-1,0,unknown,0
23,entrepreneur,married,secondary,no,3329,yes,no,cellular,25,jun,127,2,386,0,unknown,0
45,unknown,married,tertiary,no,887,yes,no,unknown,31,jul,341,2,-1,0,unknown,0
40,retired,single,primary,no,1467,no,no,cellular,28,jul,44,2,-1,0,unknown,0
47,unknown,married,secondary,no,-95,yes,no,cellular,26,apr,85,2,-1,0,unknown,0
43,technician,single,primary,no,-116,no,no,cellular,26,may,590,9,-1,0,unknown,0
56,management,married,tertiary,no,1124,no,yes,cellular,6,mar,48,2,-1,0,unknown,0
42,blue-collar,married,tertiary,no,3074,yes,no,cellular,22,may,258,3,-1,0,unknown,0
36,management,divorced,primary,no,927,no,no,cellular,10,oct,97,2,-1,0,unknown,0
42,self-employed,married,secondary,no,2953,yes,no,cellular,23,may,22,1,-1,1,unknown,0
46,blue-collar,married,primary,no,2298,yes,no,unknown,4,apr,65,5,-1,0,unknown,0
41,technician,married,secondary,no,-81,yes,no,cellular,16,jun,525,3,-1,0,success,0
41,admin.,divorced,secondary,no,138,no,yes,cellular,23,may,622,2,-1,0,unknown,0
33,blue-collar,single,tertiary,no,1408,yes,no,unknown,31,aug,140,1,-1,0,unknown,0
33,technician,married,primary,no,679,yes,no,cellular,10,feb,250,1,-1,0,unknown,0
25,admin.,married,primary,no,315,yes,no,cellular,1,jun,189,1,-1,1,unknown,0
60,services,single,tertiary,no,613,yes,no,cellular,13,feb,84,2,-1,1,unknown,0
27,retired,married,tertiary,no,683,yes,yes,cellular,14,dec,109,5,-1,0,success,0
33,management,single,secondary,no,3421,yes,no,cellular,23,jun,193,5,-1,0,unknown,0
33,blue-collar,married,unknown,no,-36,no,no,cellular,12,apr,306,3,-1,1,unknown,0
50,admin.,married,secondary,no,292,yes,no,cellular,13,jan,111,2,-1,0,unknown,0
37,management,single,tertiary,no,956,no,no,cellular,1,jun,309,1,-1,0,unknown,0
54,technician,married,tertiary,no,1597,yes,no,cellular,27,mar,836,2,-1,0,unknown,0
33,services,single,tertiary,no,1293,no,no,telephone,14,jul,6,3,-1,0,unknown,0
44,management,married,secondary,no,4061,yes,no,unknown,8,mar,46,2,-1,0,unknown,0
31,admin.,married,unknown,no,2181,no,no,cellular,26,oct,639,2,-1,0,success,0
64,blue-collar,divorced,tertiary,no,1021,no,yes,unknown,22,apr,19,2,-1,0,failure,0
27,blue-collar,married,primary,no,162,no,no,telephone,14,sep,373,3,-1,0,unknown,0
44,management,single,secondary,no,699,no,no,telephone,30,jul,252,4,790,0,unknown,0
47,admin.,married,tertiary,no,1573,yes,no,cellular,1,apr,12,3,-1,0,unknown,0
45,technician,single,tertiary,no,2529,no,no,unknown,27,feb,0,6,6,0,unknown,0
38,blue-collar,single,tertiary,no,4618,yes,no,unknown,28,may,179,3,662,0,unknown,0
39,retired,married,primary,no,1195,no,no,cellular,17,aug,32,2,784,0,unknown,0
41,retired,single,secondary,no,922,no,no,telephone,16,feb,530,2,-1,1,unknown,1
39,unemployed,single,secondary,no,-173,no,no,telephone,12,sep,169,2,-1,0,unknown,0
51,blue-collar,married,secondary,no,-87,yes,no,cellular,29,may,68,2,-1,1,unknown,0
65,entrepreneur,married,secondary,no,54,yes,no,cellular,29,jun,47,5,-1,0,unknown,0
34,unemployed,married,unknown,no,-115,yes,no,cellular,20,jul,466,1,599,0,success,0
25,unknown,married,secondary,no,568,yes,no,cellular,23,sep,327,1,379,0,unknown,0
40,technician,married,secondary,no,416,yes,no,cellular,5,jul,326,3,179,0,unknown,0
69,management,married,secondary,no,1321,yes,no,cellular,21,apr,23,1,-1,0,unknown,0
32,services,married,tertiary,no,950,no,no,cellular,24,may,252,1,-1,0,unknown,0
59,technician,single,secondary,no,1159,no,no,unknown,18,dec,525,10,-1,0,unknown,0
59,retired,married,secondary,no,757,no,no,cellular,4,mar,374,1,-1,1,unknown,0
34,blue-collar,divorced,secondary,no,288,yes,no,cellular,20,jan,32,1,665,1,success,0
47,management,married,secondary,no,4380,no,no,cellular,11,mar,769,1,387,0,unknown,0
58,blue-collar,married,unknown,no,-64,no,no,unknown,8,jan,18,2,781,0,success,0
36,management,single,secondary,no,3992,no,no,cellular,22,may,210,2,-1,0,unknown,1
38,blue-collar,married,tertiary,no,359,yes,no,telephone,26,jul,748,2,-1,0,unknown,0
34,blue-collar,married,unknown,no,878,yes,no,cellular,9,sep,445,1,754,1,unknown,0
29,blue-collar,married,tertiary,yes,-27,no,no,cellular,26,apr,294,2,-1,0,unknown,0
33,admin.,married,unknown,no,-89,yes,no,cellular,25,oct,500,2,287,0,failure,0
27,admin.,married,unknown,no,641,no,no,cellular,20,oct,288,1,-1,0,unknown,0
41,admin.,divorced,secondary,no,1830,yes,yes,unknown,10,jan,14,3,-1,0,unknown,0
32,management,married,tertiary,no,270,yes,no,cellular,7,jul,111,2,337,0,unknown,0
43,management,divorced,secondary,no,1039,no,no,cellular,19,mar,143,3,-1,0,unknown,0
23,blue-collar,single,secondary,no,289,yes,no,unknown,22,jan,203,5,-1,0,unknown,0
44,self-employed,married,primary,no,538,yes,no,cellular,29,apr,67,1,-1,0,unknown,0
50,services,married,secondary,no,3353,yes,no,cellular,1,nov,549,5,-1,0,unknown,0
19,services,single,tertiary,no,2705,no,no,unknown,5,sep,66,1,-1,0,success,0
45,technician,divorced,tertiary,no,888,yes,no,cellular,6,jun,276,1,-1,1,unknown,0
54,blue-collar,married,secondary,no,207,no,no,unknown,12,jun,539,3,-1,0,unknown,0
27,blue-collar,married,primary,no,121,yes,yes,unknown,28,jul,340,1,-1,0,unknown,0
59,management,married,secondary,no,4421,no,no,cellular,12,jan,37,2,-1,0,unknown,0
45,management,married,secondary,no,139,no,no,cellular,21,may,780,1,-1,0,unknown,0
33,self-employed,married,primary,no,2276,yes,no,cellular,14,apr,24,2,-1,1,unknown,0
40,technician,single,secondary,no,490,yes,no,cellular,7,apr,57,4,-1,0,unknown,0
47,technician,married,tertiary,no,6167,yes,no,telephone,28,jul,38,1,-1,1,failure,1
41,management,single,tertiary,no,488,no,no,cellular,20,feb,283,2,409,0,unknown,0
46,self-employed,single,secondary,no,449,yes,yes,cellular,21,may,424,3,-1,0,unknown,0
30,blue-collar,married,primary,no,1321,yes,no,cellular,20,jul,70,1,-1,0,unknown,0
42,retired,married,tertiary,no,4686,yes,no,cellular,14,mar,999,1,-1,0,failure,0
25,services,single,secondary,no,5407,yes,no,telephone,16,feb,38,2,-1,0,unknown,0
39,technician,single,secondary,no,1642,yes,no,telephone,9,dec,97,1,-1,0,success,0
31,unknown,single,primary,no,1907,no,no,telephone,2,jan,173,1,819,0,unknown,0
32,management,married,secondary,no,1043,no,no,unknown,17,may,426,10,-1,0,unknown,0
54,management,married,primary,no,1914,yes,yes,cellular,31,dec,121,1,-1,0,unknown,1
53,services,married,secondary,no,2746,no,no,cellular,4,dec,51,4,-1,0,unknown,0
47,admin.,married,tertiary,no,798,no,no,cellular,14,may,161,4,570,0,unknown,0
28,technician,single,primary,no,1250,no,no,unknown,14,apr,166,1,-1,0,unknown,0
37,technician,married,secondary,no,956,yes,no,cellular,28,aug,4,2,480,0,success,0
54,blue-collar,single,tertiary,no,1039,yes,yes,unknown,15,feb,5,6,-1,0,unknown,0
42,management,married,tertiary,no,3111,no,no,telephone,31,dec,83,2,-1,0,unknown,0
66,technician,single,tertiary,no,459,no,no,telephone,28,apr,348,4,-1,0,unknown,0
45,management,divorced,tertiary,yes,150,yes,no,cellular,12,may,117,2,-1,0,unknown,0
43,technician,married,tertiary,no,713,yes,no,cellular,13,sep,61,3,-1,0,failure,0
37,admin.,divorced,tertiary,no,149,yes,no,cellular,22,mar,30,1,-1,1,unknown,1
42,technician,married,primary,no,834,yes,yes,cellular,10,jan,84,4,-1,0,unknown,0
39,management,married,tertiary,no,3307,yes,yes,unknown,16,apr,169,3,-1,0,unknown,0
48,blue-collar,single,secondary,no,1241,yes,no,unknown,29,oct,25,1,-1,0,unknown,0
51,services,divorced,unknown,no,2701,yes,no,unknown,29,jun,3,2,-1,0,unknown,0
32,technician,married,secondary,no,72,no,no,cellular,30,jul,35,1,-1,0,unknown,0
26,management,married,secondary,no,3267,yes,no,cellular,15,apr,345,2,803,0,unknown,0
20,technician,single,secondary,no,1181,no,no,telephone,8,apr,162,1,-1,0,unknown,0
46,admin.,single,secondary,no,-151,no,yes,cellular,4,jun,151,4,868,0,unknown,0
28,blue-collar,married,secondary,no,1304,yes,no,unknown,1,jan,5,2,-1,0,unknown,0
18,admin.,single,secondary,no,4336,yes,no,unknown,14,may,320,1,713,0,unknown,0
45,unemployed,married,secondary,no,-76,no,no,cellular,9,nov,58,2,284,0,unknown,0
68,admin.,married,tertiary,no,1110,yes,no,cellular,19,mar,24,6,-1,0,unknown,0
40,blue-collar,married,secondary,no,3506,no,no,telephone,6,aug,476,1,-1,0,unknown,0
50,blue-collar,married,secondary,no,-185,no,no,cellular,16,may,171,1,-1,0,unknown,0
41,management,divorced,secondary,no,1295,no,no,cellular,26,jul,356,1,-1,0,other,0
39,housemaid,married,secondary,no,766,no,no,cellular,30,aug,445,3,-1,0,unknown,1
51,entrepreneur,divorced,secondary,no,439,no,no,cellular,24,aug,862,2,-1,1,unknown,0
37,management,married,tertiary,no,1281,yes,no,telephone,11,feb,252,2,-1,0,failure,0
43,retired,single,unknown,no,-118,no,no,cellular,21,feb,18,10,-1,0,unknown,0
44,technician,single,primary,no,1897,yes,no,unknown,27,oct,210,1,-1,0,unknown,0
33,blue-collar,single,primary,no,-193,yes,yes,cellular,23,may,183,4,-1,0,failure,0
51,blue-collar,single,secondary,no,349,yes,no,unknown,11,mar,15,1,-1,0,unknown,0
39,blue-collar,married,secondary,no,851,no,no,unknown,14,dec,94,1,-1,0,unknown,0
32,services,single,secondary,no,509,yes,no,telephone,11,dec,137,1,-1,0,unknown,0
46,technician,single,tertiary,no,351,no,no,cellular,26,oct,45,5,-1,0,unknown,0
31,blue-collar,married,secondary,no,2465,yes,no,cellular,14,jan,2,2,-1,0,unknown,0
41,blue-collar,single,tertiary,no,3896,no,yes,cellular,25,aug,364,1,-1,0,unknown,0
40,retired,married,secondary,no,2903,yes,no,cellular,1,jun,492,2,-1,0,unknown,0
52,admin.,married,secondary,no,908,yes,no,cellular,11,mar,67,2,-1,0,unknown,0
46,entrepreneur,single,unknown,no,3033,yes,no,unknown,30,aug,0,2,-1,0,unknown,0
40,unknown,married,tertiary,no,3604,yes,no,cellular,24,nov,569,7,748,1,unknown,1
49,management,single,primary,yes,589,yes,no,cellular,18,jan,37,1,-1,1,other,0
56,self-employed,married,tertiary,no,299,no,yes,cellular,17,mar,133,2,-1,0,unknown,0
47,entrepreneur,married,primary,no,-44,yes,no,unknown,4,sep,117,2,-1,0,unknown,0
41,admin.,married,tertiary,no,778,no,no,cellular,22,jun,46,3,-1,0,unknown,0
26,management,married,primary,no,4186,yes,no,cellular,31,jan,235,7,-1,0,unknown,0
29,management,single,secondary,no,1034,yes,no,unknown,14,sep,646,1,-1,0,unknown,0
37,blue-collar,married,tertiary,no,1451,yes,no,cellular,8,jul,186,7,-1,0,unknown,0
34,services,married,tertiary,no,-20,yes,no,telephone,15,jan,931,4,-1,0,other,0
38,blue-collar,married,secondary,no,32,no,no,cellular,16,jan,54,4,-1,0,unknown,0
41,self-employed,married,primary,no,736,no,yes,cellular,1,may,486,1,-1,0,unknown,1
46,blue-collar,single,unknown,no,4332,yes,no,cellular,1,nov,76,6,-1,0,unknown,0
40,blue-collar,married,secondary,no,471,no,yes,unknown,10,apr,74,4,-1,0,unknown,0
46,management,single,secondary,no,2949,yes,no,cellular,2,dec,32,3,-1,0,unknown,0
41,admin.,divorced,secondary,no,-7,no,no,cellular,25,aug,514,1,-1,0,unknown,0
19,technician,single,primary,no,1239,no,no,cellular,12,feb,333,2,335,0,failure,0
30,services,single,tertiary,no,1176,no,no,cellular,4,jun,107,4,573,0,unknown,0
39,services,married,secondary,no,2747,yes,no,cellular,23,aug,110,2,121,1,unknown,0
27,self-employed,married,tertiary,no,-195,yes,no,unknown,19,jan,480,2,256,0,unknown,0
47,blue-collar,divorced,secondary,no,115,yes,no,unknown,27,mar,677,1,-1,0,failure,0
57,retired,single,tertiary,no,172,no,yes,cellular,1,jan,237,1,-1,0,failure,0
54,admin.,single,secondary,no,4292,no,no,cellular,1,jul,134,2,-1,0,unknown,0
38,management,single,secondary,no,50,yes,no,cellular,9,jan,14,3,-1,0,unknown,0
57,blue-collar,married,tertiary,no,-143,no,no,unknown,30,dec,34,1,-1,1,unknown,0
42,management,married,secondary,no,946,no,yes,cellular,20,sep,39,5,-1,0,unknown,0
37,blue-collar,single,secondary,no,927,yes,no,cellular,13,aug,83,2,828,1,failure,1
34,management,single,secondary,no,2587,no,yes,unknown,11,nov,76,4,-1,0,success,0
37,management,married,secondary,no,4259,yes,no,cellular,19,mar,201,3,-1,0,unknown,0
36,technician,divorced,secondary,no,960,yes,no,cellular,21,dec,744,1,-1,0,unknown,0
42,blue-collar,married,unknown,no,3788,yes,no,cellular,17,dec,510,5,-1,2,unknown,0
42,unknown,married,primary,no,1737,yes,no,cellular,3,apr,183,3,-1,0,unknown,0
41,management,single,primary,no,260,no,yes,telephone,20,sep,4,1,-1,0,unknown,0
45,blue-collar,single,primary,no,3755,yes,no,cellular,13,oct,18,2,258,0,unknown,0
54,management,married,secondary,no,1451,yes,no,cellular,28,jun,507,2,-1,0,unknown,0
51,blue-collar,married,secondary,no,601,yes,no,cellular,22,may,86,4,-1,1,unknown,0
24,unknown,married,secondary,no,1510,no,no,telephone,25,may,98,1,-1,0,unknown,0
18,blue-collar,single,primary,no,569,no,no,unknown,19,jan,38,2,523,0,unknown,0
51,admin.,married,tertiary,no,-18,no,no,cellular,31,dec,65,1,-1,0,unknown,0
25,technician,single,secondary,no,1703,yes,no,cellular,20,jan,73,1,-1,0,failure,0
38,admin.,divorced,secondary,no,2406,no,no,cellular,21,mar,137,1,-1,0,unknown,0
28,blue-collar,single,secondary,no,1757,no,no,cellular,31,feb,251,1,-1,0,unknown,1
21,blue-collar,married,tertiary,no,190,yes,yes,cellular,24,oct,112,1,-1,0,failure,0
46,unknown,single,primary,no,4507,no,no,cellular,9,jan,154,2,249,0,unknown,0
49,management,married,secondary,yes,-161,no,yes,unknown,19,dec,51,3,-1,0,unknown,0
34,unknown,married,primary,no,406,no,no,cellular,19,may,14,2,-1,0,failure,0
18,blue-collar,married,secondary,no,251,no,no,cellular,23,nov,110,1,-1,0,unknown,0
34,technician,married,tertiary,no,-126,no,no,unknown,25,mar,16,1,-1,0,success,0
45,management,divorced,primary,no,580,yes,no,cellular,1,jul,91,1,-1,1,unknown,0
24,management,married,primary,no,1263,no,no,cellular,17,aug,468,8,-1,0,unknown,0
43,self-employed,married,secondary,no,3012,no,yes,cellular,14,oct,117,1,-1,1,failure,0
40,retired,divorced,secondary,no,6661,yes,no,cellular,12,jun,55,1,-1,1,unknown,0
47,management,married,secondary,no,2276,no,no,unknown,2,dec,599,2,-1,0,unknown,0
42,technician,single,secondary,no,748,no,no,cellular,22,may,263,6,-1,0,unknown,0
30,blue-collar,married,tertiary,no,1729,yes,no,cellular,3,oct,1146,1,-1,1,unknown,0
54,services,married,primary,no,2583,no,no,unknown,31,dec,92,1,-1,0,unknown,0
39,management,divorced,secondary,no,739,yes,yes,cellular,28,may,57,9,-1,0,unknown,0
40,technician,married,secondary,no,2106,no,no,cellular,24,jan,91,2,227,2,unknown,0
30,services,married,secondary,no,788,yes,no,cellular,5,dec,431,2,-1,0,unknown,0
36,management,married,primary,no,532,no,no,unknown,3,jun,42,8,-1,0,unknown,0
31,management,married,unknown,no,920,yes,no,cellular,14,jun,71,2,-1,0,success,1
39,unemployed,married,secondary,no,1489,no,no,cellular,24,mar,312,1,-1,0,unknown,1
59,blue-collar,married,secondary,no,1746,no,no,cellular,24,apr,345,1,-1,0,failure,0
25,technician,married,tertiary,no,461,yes,no,unknown,18,apr,823,3,-1,1,unknown,0
23,management,single,tertiary,no,1070,no,no,unknown,5,jun,1011,1,373,0,failure,0
57,management,married,secondary,no,3409,yes,no,cellular,3,aug,281,2,682,0,other,0
38,technician,married,primary,no,5414,no,no,unknown,23,dec,116,2,-1,0,unknown,0
33,services,married,unknown,no,186,no,no,unknown,2,sep,155,3,-1,0,unknown,0
52,blue-collar,divorced,tertiary,no,121,no,no,telephone,9,sep,149,1,-1,0,unknown,0
34,admin.,divorced,tertiary,no,1493,no,no,telephone,18,may,126,3,-1,0,failure,0
61,services,single,secondary,no,603,yes,no,cellular,27,aug,106,5,-1,0,unknown,0
48,entrepreneur,divorced,tertiary,no,-163,yes,no,cellular,2,aug,47,1,-1,0,unknown,0
35,management,married,secondary,no,438,no,no,telephone,22,oct,117,1,-1,0,unknown,0
64,blue-collar,married,secondary,no,2265,yes,no,cellular,19,apr,898,3,408,0,failure,1
34,services,single,secondary,no,2194,yes,no,cellular,3,apr,551,1,-1,1,unknown,0
49,admin.,single,secondary,no,823,yes,no,cellular,31,mar,247,2,23,0,unknown,0
44,management,married,secondary,no,759,no,no,unknown,26,may,55,3,-1,0,unknown,0
55,retired,married,tertiary,no,1099,yes,no,telephone,18,aug,544,5,-1,0,failure,0
58,blue-collar,divorced,tertiary,no,171,no,yes,cellular,14,aug,96,1,676,0,unknown,0
41,services,single,tertiary,no,919,no,no,unknown,13,sep,203,2,-1,0,success,0
32,management,married,secondary,no,-183,no,no,telephone,16,jan,626,1,-1,0,unknown,0
46,blue-collar,single,secondary,no,768,yes,no,unknown,21,dec,105,1,-1,0,unknown,0
33,services,married,primary,no,414,yes,no,cellular,28,apr,631,1,154,0,unknown,0
63,blue-collar,married,secondary,no,1485,yes,no,cellular,11,jun,69,1,-1,0,unknown,0
42,blue-collar,married,unknown,no,1325,no,no,telephone,21,may,681,1,409,0,unknown,0
36,management,married,secondary,no,519,yes,no,cellular,23,apr,114,2,-1,0,unknown,0
43,technician,married,tertiary,no,-189,yes,yes,cellular,24,nov,121,3,-1,0,unknown,0
26,technician,single,secondary,no,236,yes,no,cellular,24,mar,207,2,-1,0,success,0
30,self-employed,married,tertiary,no,1305,no,no,unknown,12,feb,109,1,-1,0,unknown,1
54,technician,married,primary,no,-87,no,no,cellular,30,sep,154,3,566,0,success,0
33,blue-collar,married,primary,no,-29,yes,no,cellular,3,oct,179,2,820,0,unknown,0
29,retired,married,unknown,no,1362,yes,no,cellular,6,mar,174,6,-1,0,failure,1
46,management,divorced,secondary,no,1914,no,no,cellular,31,apr,837,2,525,0,unknown,1
54,blue-collar,single,tertiary,no,381,yes,no,unknown,16,jan,85,2,-1,0,unknown,0
48,admin.,divorced,secondary,no,809,no,yes,cellular,12,jan,86,1,-1,1,unknown,1
51,services,divorced,tertiary,no,4170,no,no,cellular,21,oct,469,1,-1,0,failure,0
32,unknown,married,secondary,no,4165,no,no,cellular,20,sep,128,1,-1,0,unknown,0
25,retired,married,primary,no,351,no,yes,cellular,26,nov,19,2,-1,0,unknown,0
57,management,single,primary,no,2291,no,yes,unknown,6,apr,169,1,-1,0,failure,0
37,self-employed,divorced,secondary,no,1151,no,no,unknown,20,oct,206,4,-1,3,failure,0
38,management,single,secondary,no,5362,yes,no,cellular,14,apr,248,4,525,0,unknown,0
55,admin.,single,secondary,no,774,yes,no,cellular,24,jun,69,3,-1,0,failure,1
47,technician,single,tertiary,no,2035,no,no,cellular,9,feb,934,1,-1,1,unknown,0
46,self-employed,married,secondary,no,1992,yes,yes,cellular,17,jun,344,1,-1,0,failure,0
64,admin.,married,primary,no,832,no,no,cellular,12,jul,328,2,-1,0,unknown,0
33,admin.,single,tertiary,no,2181,yes,no,cellular,1,jan,532,3,-1,0,unknown,0
51,technician,single,tertiary,no,253,no,no,telephone,20,aug,6,1,-1,0,unknown,0
41,blue-collar,married,tertiary,no,-4,no,no,telephone,22,jun,245,1,-1,0,unknown,0
43,blue-collar,married,secondary,no,630,no,yes,cellular,8,sep,439,1,-1,0,unknown,0
57,admin.,married,primary,no,4113,yes,no,unknown,31,apr,9,1,-1,0,unknown,1
46,management,married,tertiary,no,841,no,no,unknown,31,nov,364,2,-1,0,unknown,0
46,unemployed,divorced,unknown,no,1312,yes,no,cellular,28,feb,1180,1,-1,1,unknown,0
52,services,married,tertiary,no,1267,yes,no,unknown,12,sep,232,1,-1,0,unknown,0
36,technician,married,tertiary,no,13,yes,no,unknown,16,aug,142,2,92,0,unknown,0
31,admin.,married,secondary,no,542,no,yes,cellular,1,feb,155,2,-1,0,unknown,0
29,blue-collar,single,tertiary,no,1641,yes,no,unknown,3,aug,293,4,544,0,failure,0
19,blue-collar,married,tertiary,no,5162,no,no,cellular,12,nov,217,1,769,0,failure,0
63,technician,married,tertiary,no,75,no,no,cellular,4,aug,399,1,-1,0,unknown,0
28,blue-collar,married,tertiary,no,592,no,no,cellular,10,may,141,6,-1,0,failure,0
38,admin.,married,secondary,no,-50,no,no,unknown,2,jul,139,4,205,0,unknown,0
37,blue-collar,married,unknown,no,216,no,yes,cellular,29,jul,353,2,662,0,unknown,0
44,unknown,married,unknown,no,509,no,no,cellular,9,apr,267,3,-1,0,unknown,0
49,retired,divorced,secondary,no,966,no,no,cellular,3,jun,388,2,-1,0,unknown,0
50,admin.,married,primary,no,193,yes,no,cellular,31,oct,562,5,-1,0,unknown,0
34,management,married,secondary,no,187,yes,no,telephone,20,jun,78,2,847,0,failure,0
39,services,single,tertiary,no,2056,yes,no,cellular,31,jun,97,3,-1,0,other,0
44,blue-collar,married,secondary,no,4730,yes,no,cellular,20,sep,193,3,-1,0,other,0
38,technician,single,unknown,no,386,yes,no,unknown,1,feb,687,3,-1,0,unknown,0
58,technician,married,secondary,no,1547,no,no,telephone,5,oct,464,3,-1,0,failure,0
46,blue-collar,married,secondary,no,247,no,no,unknown,5,aug,163,1,418,0,unknown,0
49,services,single,secondary,no,3745,yes,no,cellular,2,aug,219,2,-1,0,unknown,0
48,technician,divorced,secondary,no,1476,no,no,cellular,15,jan,321,3,-1,0,other,0
53,admin.,married,tertiary,no,2234,yes,no,telephone,1,nov,190,1,-1,0,unknown,0
42,management,married,secondary,no,-124,yes,no,cellular,21,feb,26,5,451,1,unknown,0
26,blue-collar,married,tertiary,no,1168,no,no,unknown,5,apr,112,6,-1,0,unknown,0
45,student,divorced,unknown,no,924,no,yes,cellular,7,may,12,1,-1,0,unknown,0
33,admin.,divorced,primary,no,320,yes,no,cellular,11,may,285,2,-1,0,other,0
35,technician,married,primary,no,256,yes,no,cellular,26,jun,106,1,-1,0,failure,0
47,blue-collar,married,secondary,no,1101,yes,no,cellular,10,jul,345,1,413,1,unknown,0
54,technician,married,secondary,no,1638,yes,no,cellular,2,jan,144,2,21,0,unknown,0
41,entrepreneur,married,tertiary,no,-149,no,no,cellular,30,jul,12,1,585,0,unknown,0
44,admin.,married,secondary,no,1056,no,yes,telephone,29,jun,123,1,-1,1,unknown,0
59,admin.,married,primary,no,80,no,no,cellular,28,may,63,3,533,0,unknown,1
43,technician,single,secondary,no,26,yes,yes,cellular,14,jun,62,2,-1,1,unknown,0
69,self-employed,divorced,primary,no,1263,no,no,cellular,24,nov,122,2,-1,0,failure,0
47,blue-collar,divorced,secondary,no,358,yes,yes,cellular,21,aug,988,1,-1,1,unknown,0
21,technician,married,primary,no,672,no,no,cellular,5,dec,830,3,-1,0,failure,0
49,blue-collar,married,secondary,no,469,yes,no,unknown,31,jun,419,2,-1,0,unknown,0
45,blue-collar,single,secondary,no,1367,no,no,cellular,16,may,72,5,752,0,unknown,0
55,blue-collar,married,tertiary,no,752,no,no,cellular,25,jun,372,2,809,0,unknown,1
48,blue-collar,single,secondary,no,4763,no,yes,cellular,31,sep,3,2,-1,0,unknown,0
39,blue-collar,married,tertiary,no,451,yes,no,telephone,2,dec,14,4,-1,0,unknown,0
27,management,married,tertiary,no,1822,no,no,cellular,10,jan,466,2,225,0,unknown,0
38,admin.,married,secondary,no,246,no,no,cellular,31,mar,214,1,-1,0,unknown,0
31,blue-collar,married,primary,no,866,no,yes,cellular,27,mar,120,1,103,0,unknown,0
34,management,single,secondary,no,1006,yes,no,cellular,18,sep,348,2,838,0,other,0
47,admin.,married,tertiary,no,398,yes,no,cellular,5,mar,31,2,-1,0,unknown,0
59,self-employed,married,secondary,no,757,yes,no,cellular,17,jun,87,1,302,0,unknown,0
45,self-employed,married,tertiary,no,291,yes,no,cellular,11,sep,335,1,48,0,other,0
27,technician,single,secondary,no,-190,no,no,cellular,5,oct,59,3,746,0,unknown,0
45,management,married,secondary,no,164,no,no,cellular,21,may,236,2,293,0,unknown,0
54,blue-collar,married,tertiary,no,1606,yes,no,cellular,24,oct,153,2,-1,0,unknown,0
34,management,married,secondary,no,2010,no,no,cellular,6,nov,58,1,-1,0,unknown,0
39,self-employed,married,secondary,no,293,yes,no,cellular,27,sep,565,2,-1,1,unknown,0
41,management,married,tertiary,no,586,yes,yes,cellular,22,sep,147,2,175,0,unknown,0
32,technician,single,tertiary,no,-142,yes,no,unknown,16,jun,235,3,333,3,failure,0
48,entrepreneur,married,secondary,no,205,no,no,cellular,5,aug,75,2,-1,0,unknown,0
39,entrepreneur,married,secondary,no,2065,no,no,cellular,21,sep,109,1,-1,1,failure,0
45,admin.,single,secondary,no,1197,yes,no,telephone,24,sep,12,1,771,0,unknown,0
31,blue-collar,married,secondary,no,145,no,no,cellular,30,aug,170,3,-1,0,unknown,1
36,management,married,secondary,no,246,yes,no,cellular,16,apr,109,1,-1,0,unknown,1
48,technician,married,secondary,no,2345,yes,no,cellular,17,aug,103,1,-1,0,unknown,1
36,blue-collar,married,unknown,no,151,yes,no,cellular,9,feb,569,5,203,0,unknown,0
59,management,single,tertiary,no,410,yes,yes,cellular,22,mar,313,1,-1,0,unknown,0
36,blue-collar,single,secondary,no,1437,no,no,cellular,25,sep,157,3,-1,0,unknown,0
43,blue-collar,single,secondary,no,1035,no,no,cellular,2,oct,56,2,-1,1,unknown,1
51,admin.,single,tertiary,no,726,yes,no,unknown,19,apr,934,5,-1,0,unknown,1
25,self-employed,married,secondary,no,3249,yes,no,unknown,17,feb,20,1,-1,1,unknown,0
21,services,married,tertiary,no,172,yes,no,unknown,5,mar,37,1,-1,0,unknown,0
24,self-employed,married,primary,no,1828,yes,no,cellular,2,jul,81,2,-1,0,unknown,0
54,technician,married,tertiary,no,59,yes,no,unknown,11,sep,797,1,-1,0,unknown,0
34,management,divorced,secondary,no,1234,yes,no,unknown,1,jul,84,3,-1,2,unknown,0
69,technician,single,tertiary,no,2867,no,no,unknown,9,aug,174,3,-1,0,unknown,0
34,services,married,unknown,no,718,yes,no,cellular,27,mar,369,1,772,0,other,0
43,housemaid,married,tertiary,no,1732,yes,no,unknown,25,jul,683,2,-1,0,unknown,0
57,services,married,tertiary,no,2375,no,no,cellular,6,jan,239,4,-1,0,failure,0
63,management,married,secondary,no,19,yes,yes,cellular,11,dec,125,1,-1,0,failure,0
63,self-employed,married,secondary,no,1635,yes,no,cellular,27,jun,1092,1,-1,0,unknown,0
54,blue-collar,married,tertiary,no,3585,yes,no,unknown,8,mar,6,3,-1,0,unknown,0
52,management,single,primary,no,1088,yes,no,cellular,13,feb,460,5,-1,0,unknown,0
47,blue-collar,single,tertiary,no,108,yes,no,cellular,31,apr,83,3,-1,0,unknown,0
49,management,married,tertiary,no,3,yes,no,unknown,27,nov,438,4,-1,0,unknown,0
34,blue-collar,married,secondary,no,251,no,no,cellular,31,sep,45,13,-1,0,unknown,0
31,technician,married,secondary,no,-36,no,yes,unknown,12,jun,109,2,-1,0,unknown,0
40,blue-collar,single,tertiary,no,880,no,no,unknown,9,dec,14,6,716,0,unknown,0
39,blue-collar,single,secondary,no,-91,yes,yes,cellular,15,sep,57,1,-1,1,unknown,0
36,services,divorced,tertiary,no,179,yes,no,cellular,5,aug,238,3,-1,0,failure,0
48,retired,married,secondary,no,669,yes,no,cellular,15,may,369,5,-1,0,unknown,0
51,blue-collar,single,tertiary,yes,763,yes,no,unknown,2,aug,624,2,-1,0,unknown,0
41,admin.,married,primary,no,1049,yes,no,unknown,15,feb,32,2,-1,0,unknown,0
57,services,married,secondary,no,1634,yes,yes,cellular,31,aug,39,7,610,0,unknown,0
28,management,married,secondary,no,-127,yes,no,cellular,20,jan,720,1,-1,0,unknown,0
38,blue-collar,married,tertiary,no,-73,yes,no,cellular,3,nov,374,1,416,0,unknown,0
33,technician,single,unknown,no,-105,yes,no,telephone,10,dec,200,3,-1,0,unknown,0
20,management,married,tertiary,no,625,yes,no,cellular,7,mar,167,1,-1,0,unknown,0
40,retired,married,secondary,no,-135,yes,no,cellular,10,jul,44,2,-1,0,unknown,0
39,services,married,secondary,no,1856,yes,no,telephone,26,apr,123,1,-1,2,unknown,0
57,management,married,secondary,no,178,yes,yes,cellular,10,nov,120,2,-1,0,unknown,0
47,admin.,married,secondary,yes,4000,yes,no,cellular,8,jul,269,2,-1,0,unknown,0
29,services,married,primary,no,799,yes,yes,unknown,13,jan,235,1,-1,0,unknown,0
61,services,married,primary,no,686,yes,yes,cellular,21,jul,15,1,-1,0,unknown,0
54,technician,married,secondary,no,2074,yes,yes,cellular,2,mar,486,2,-1,0,failure,0
47,services,divorced,secondary,no,1673,no,no,telephone,12,feb,715,3,-1,0,unknown,0
38,technician,married,secondary,no,1202,yes,no,cellular,9,sep,390,1,-1,0,unknown,0
30,blue-collar,married,primary,no,3903,yes,no,cellular,30,feb,50,1,-1,1,unknown,0
36,management,married,secondary,no,622,yes,no,unknown,1,mar,48,1,-1,0,unknown,0
52,management,single,tertiary,no,2279,yes,no,cellular,21,mar,334,2,-1,0,unknown,0
61,admin.,single,secondary,no,517,yes,no,telephone,12,apr,149,2,-1,0,unknown,0
57,blue-collar,married,tertiary,no,2533,no,no,cellular,12,nov,389,3,-1,0,unknown,0
35,technician,married,secondary,no,250,no,no,cellular,3,jul,20,1,242,0,unknown,0
28,management,single,secondary,no,312,yes,yes,cellular,24,jul,325,3,-1,0,unknown,0
42,retired,single,tertiary,no,1499,no,no,cellular,8,sep,142,5,-1,0,unknown,0
21,management,single,tertiary,no,158,yes,no,telephone,13,oct,8,1,-1,0,success,0
44,admin.,single,secondary,no,190,yes,no,cellular,28,aug,203,1,-1,0,unknown,0
39,management,single,secondary,no,346,no,no,cellular,28,jun,309,1,-1,0,unknown,0
35,management,married,secondary,no,1504,yes,yes,telephone,17,jun,193,2,-1,0,unknown,0
23,entrepreneur,married,secondary,no,3102,yes,no,cellular,20,may,33,2,-1,0,unknown,0
46,blue-collar,single,tertiary,no,1483,no,no,telephone,28,feb,436,1,-1,0,unknown,0
35,technician,single,primary,no,2438,yes,no,cellular,31,jun,98,3,-1,0,unknown,0
28,technician,married,secondary,no,976,no,no,cellular,10,jun,656,1,-1,0,failure,0
18,unemployed,divorced,secondary,no,-92,no,no,cellular,15,dec,612,3,-1,0,unknown,0
40,unknown,married,secondary,no,-41,no,yes,cellular,24,may,57,1,35,0,unknown,0
60,management,married,secondary,no,1012,yes,no,cellular,25,jun,166,3,-1,2,success,0
59,blue-collar,single,secondary,no,395,yes,yes,cellular,9,may,38,2,-1,0,failure,0
35,services,married,tertiary,no,173,no,yes,cellular,18,nov,292,2,-1,0,unknown,0
34,technician,married,secondary,no,741,no,yes,telephone,25,dec,492,2,-1,0,failure,0
46,management,married,tertiary,no,1447,yes,no,cellular,8,apr,269,4,65,0,unknown,1
30,admin.,married,primary,no,529,no,no,unknown,27,mar,77,2,-1,0,unknown,0
44,blue-collar,married,primary,no,2233,yes,no,cellular,14,jan,20,1,-1,0,failure,0
49,blue-collar,married,unknown,no,1812,yes,no,cellular,11,nov,18,2,-1,2,unknown,0
54,management,married,tertiary,no,1791,yes,no,cellular,13,apr,243,2,-1,0,failure,0
39,management,divorced,primary,no,6118,yes,yes,cellular,16,sep,790,1,-1,0,unknown,0
38,unknown,divorced,secondary,no,324,no,yes,unknown,14,jul,306,2,-1,1,unknown,1
31,management,married,secondary,no,1352,yes,no,unknown,9,jul,338,1,-1,0,unknown,0
31,blue-collar,single,secondary,no,2701,no,no,cellular,9,jul,103,3,-1,0,unknown,0
38,blue-collar,married,tertiary,no,1099,yes,yes,cellular,19,apr,227,3,-1,0,unknown,0
45,technician,married,primary,no,2137,yes,no,unknown,5,dec,98,2,-1,0,unknown,0
51,self-employed,married,secondary,no,602,no,no,telephone,15,jul,598,3,319,0,unknown,0
32,services,divorced,tertiary,no,1139,yes,no,cellular,29,nov,36,1,-1,0,unknown,0
57,admin.,divorced,tertiary,no,-114,no,no,cellular,11,feb,257,2,-1,0,other,0
38,management,married,primary,no,6178,yes,no,cellular,19,dec,338,1,-1,0,unknown,1
40,management,married,tertiary,no,2214,yes,no,telephone,6,aug,309,9,-1,0,unknown,0
32,blue-collar,married,unknown,no,2846,no,no,unknown,10,oct,76,1,-1,0,unknown,0
18,management,married,secondary,no,1577,no,no,cellular,16,aug,171,1,-1,0,unknown,0
50,housemaid,married,secondary,no,108,no,no,cellular,29,sep,280,2,-1,0,unknown,0
49,management,married,tertiary,no,-152,no,no,unknown,5,may,689,1,-1,0,failure,0
37,blue-collar,single,secondary,no,2799,no,no,unknown,18,oct,178,2,-1,2,failure,0
41,technician,married,secondary,no,557,yes,no,cellular,19,aug,92,4,-1,0,unknown,0
46,unknown,divorced,tertiary,no,259,no,no,cellular,23,feb,126,1,766,0,unknown,1
23,management,single,tertiary,no,1037,yes,no,cellular,10,oct,201,2,-1,0,unknown,0
35,blue-collar,married,tertiary,no,619,yes,no,cellular,10,oct,966,1,-1,2,unknown,0
49,technician,single,secondary,no,1381,yes,no,cellular,12,aug,255,4,-1,0,failure,0
27,services,single,tertiary,no,791,yes,yes,cellular,21,oct,43,4,-1,0,failure,0
44,management,married,secondary,no,1592,yes,yes,unknown,3,sep,477,1,-1,0,unknown,0
26,services,married,secondary,no,2680,yes,no,unknown,4,jun,51,1,93,0,unknown,0
46,services,divorced,tertiary,no,126,yes,no,cellular,22,jun,10,4,-1,1,unknown,0
40,technician,married,secondary,no,399,no,no,unknown,24,apr,27,5,-1,0,failure,0
23,admin.,married,secondary,no,661,no,no,telephone,12,aug,397,1,159,0,unknown,0
53,management,married,tertiary,no,4707,no,no,cellular,7,jul,599,2,-1,0,unknown,0
32,unemployed,single,secondary,no,481,yes,yes,unknown,12,dec,80,6,-1,0,other,0
32,blue-collar,single,unknown,yes,519,no,no,cellular,3,sep,177,3,118,0,unknown,0
43,technician,divorced,tertiary,no,1389,yes,no,unknown,18,jan,234,4,-1,1,unknown,0
53,technician,married,unknown,no,615,no,no,cellular,19,oct,139,1,-1,0,unknown,0
29,management,married,secondary,no,4330,yes,yes,cellular,5,aug,17,1,-1,0,unknown,0
41,housemaid,married,tertiary,no,3173,yes,no,cellular,14,aug,15,1,-1,0,failure,0
45,management,single,secondary,no,880,yes,no,cellular,23,sep,149,1,608,0,unknown,1
48,unknown,married,primary,no,1352,no,no,cellular,30,jul,412,4,-1,0,unknown,0
42,blue-collar,married,secondary,no,-110,no,no,unknown,8,sep,22,2,-1,0,failure,1
36,self-employed,married,secondary,no,1584,no,no,cellular,22,oct,59,1,468,0,failure,0
31,technician,married,primary,no,1642,yes,no,cellular,15,aug,81,5,-1,0,unknown,0
41,blue-collar,divorced,secondary,no,467,yes,no,cellular,16,sep,211,3,-1,0,unknown,0
29,blue-collar,single,secondary,no,172,no,yes,unknown,29,sep,11,3,-1,0,unknown,0
18,retired,divorced,secondary,no,3499,yes,no,cellular,18,jan,507,1,-1,0,unknown,0
45,management,married,tertiary,no,634,no,no,cellular,11,mar,164,1,-1,0,unknown,0
50,management,divorced,secondary,no,1390,yes,yes,unknown,2,jun,171,2,-1,0,unknown,0
18,technician,single,secondary,no,-149,no,no,unknown,10,dec,101,2,-1,0,unknown,0
29,admin.,married,secondary,no,601,no,yes,telephone,11,nov,61,1,248,0,unknown,0
47,management,divorced,tertiary,no,2349,no,yes,cellular,5,jul,116,1,-1,0,unknown,0
63,blue-collar,married,tertiary,no,535,yes,no,cellular,27,apr,631,1,-1,0,failure,0
41,technician,divorced,secondary,no,1186,yes,no,telephone,30,oct,25,2,-1,0,unknown,0
32,services,divorced,secondary,no,153,no,no,unknown,21,feb,16,1,-1,0,unknown,0
38,self-employed,single,secondary,no,608,no,no,unknown,17,dec,31,2,-1,1,unknown,0
56,blue-collar,married,secondary,no,3739,yes,yes,cellular,1,apr,387,1,21,0,unknown,0
33,technician,married,secondary,no,1053,yes,yes,unknown,25,jun,12,1,-1,0,unknown,0
32,technician,married,secondary,no,3283,no,no,cellular,14,apr,104,1,-1,0,unknown,1
35,management,married,tertiary,no,3284,no,no,cellular,15,dec,142,3,-1,0,unknown,0
30,technician,single,primary,no,4127,no,no,cellular,7,oct,182,2,-1,0,unknown,0
42,unknown,single,secondary,no,3186,no,no,unknown,8,feb,0,4,-1,0,unknown,0
58,blue-collar,divorced,tertiary,no,-195,no,no,cellular,28,sep,172,1,-1,0,unknown,0
44,self-employed,married,tertiary,no,3877,yes,no,cellular,16,jan,55,1,790,1,other,0
38,entrepreneur,single,tertiary,no,21,yes,no,unknown,13,oct,26,4,-1,0,unknown,0
37,retired,divorced,primary,no,-138,yes,no,cellular,5,jul,196,2,-1,0,unknown,1
23,blue-collar,single,secondary,no,-114,no,no,cellular,3,sep,351,1,-1,0,unknown,0
50,blue-collar,married,secondary,no,443,yes,no,telephone,13,mar,704,2,-1,0,unknown,0
40,technician,married,tertiary,no,1254,yes,no,telephone,19,nov,628,2,-1,0,unknown,0
39,blue-collar,married,secondary,no,572,yes,no,cellular,12,jun,131,2,-1,0,unknown,1
76,blue-collar,single,secondary,no,-161,yes,no,unknown,19,sep,314,1,-1,0,other,0
44,retired,single,secondary,no,770,no,no,cellular,17,sep,306,1,825,0,unknown,0
32,self-employed,divorced,secondary,no,675,no,no,unknown,11,apr,137,2,-1,0,unknown,1
36,technician,married,tertiary,yes,1921,no,no,telephone,27,dec,26,2,726,0,failure,0
53,management,married,secondary,no,291,yes,yes,cellular,3,aug,124,1,-1,0,unknown,0
42,blue-collar,single,secondary,no,167,no,no,unknown,29,aug,1257,1,-1,0,success,0
25,blue-collar,single,secondary,no,243,yes,no,cellular,2,nov,208,3,-1,0,unknown,0
51,management,divorced,secondary,no,343,no,yes,cellular,24,jul,107,4,-1,0,failure,0
33,admin.,single,unknown,no,1171,yes,no,unknown,26,jun,351,1,-1,0,unknown,0
61,housemaid,married,secondary,no,756,yes,no,cellular,14,mar,299,10,-1,1,unknown,0
52,self-employed,single,unknown,no,416,yes,no,cellular,26,dec,223,2,-1,0,failure,1
36,management,single,tertiary,no,503,no,no,cellular,22,apr,261,2,-1,0,success,0
55,services,married,tertiary,no,495,no,no,cellular,21,dec,226,2,-1,0,unknown,0
41,retired,married,secondary,no,5185,yes,no,unknown,17,sep,807,1,-1,0,other,0
50,blue-collar,married,secondary,no,197,yes,no,unknown,2,oct,183,2,333,0,unknown,1
46,blue-collar,married,primary,no,2356,no,yes,cellular,18,jul,230,2,-1,0,unknown,0
31,services,single,primary,no,1647,yes,no,cellular,23,nov,164,3,-1,0,unknown,0
33,blue-collar,married,secondary,no,-191,yes,no,cellular,15,aug,236,3,683,0,other,0
52,technician,married,secondary,no,7281,yes,no,cellular,12,jun,571,2,-1,0,unknown,0
37,blue-collar,married,secondary,no,1918,no,yes,cellular,16,dec,107,1,-1,0,unknown,0
36,blue-collar,married,primary,no,1520,yes,yes,cellular,16,jan,176,1,840,0,unknown,0
30,management,married,secondary,no,579,no,no,cellular,7,nov,153,3,-1,0,unknown,0
45,services,single,tertiary,no,1015,yes,no,cellular,6,dec,130,2,-1,0,unknown,0
63,retired,married,tertiary,no,238,yes,no,unknown,14,sep,443,7,-1,0,unknown,0
29,unknown,married,tertiary,yes,-145,yes,no,telephone,8,nov,68,1,-1,0,unknown,0
41,management,married,tertiary,no,2512,no,no,telephone,20,mar,178,1,-1,0,failure,0
56,blue-collar,married,secondary,no,3202,yes,yes,cellular,25,mar,667,1,-1,0,unknown,0
40,management,married,unknown,no,65,no,no,unknown,24,sep,45,1,-1,0,unknown,0
45,management,married,tertiary,no,2120,yes,no,unknown,19,apr,1,1,-1,0,unknown,0
29,blue-collar,divorced,tertiary,no,1827,yes,no,unknown,19,aug,79,2,-1,0,unknown,0
45,entrepreneur,single,secondary,no,94,no,no,cellular,28,dec,659,1,-1,1,unknown,1
38,blue-collar,married,tertiary,no,621,no,no,cellular,12,nov,23,15,45,1,unknown,0
51,management,married,secondary,no,624,yes,no,cellular,9,dec,38,7,-1,0,unknown,0
54,blue-collar,divorced,secondary,no,1940,no,no,cellular,9,apr,99,1,554,0,unknown,0
69,management,single,tertiary,no,2527,no,no,unknown,29,feb,378,4,-1,1,unknown,0
47,housemaid,married,tertiary,no,-50,yes,no,cellular,27,may,358,1,-1,0,failure,0
44,blue-collar,single,tertiary,no,1041,yes,no,cellular,5,nov,23,1,-1,0,unknown,0
43,retired,single,secondary,no,1951,yes,no,cellular,26,mar,700,1,-1,0,other,0
37,technician,single,tertiary,no,2114,yes,no,cellular,30,apr,70,1,229,0,unknown,0
44,management,married,secondary,no,40,no,no,unknown,14,dec,84,3,794,0,unknown,0
37,housemaid,married,tertiary,no,918,yes,no,cellular,1,mar,126,1,-1,0,unknown,0
42,technician,married,secondary,no,2723,yes,no,cellular,3,jan,259,4,-1,0,unknown,0
55,blue-collar,divorced,tertiary,no,375,yes,no,cellular,11,apr,190,5,297,0,unknown,0
29,unknown,single,primary,no,630,no,no,cellular,21,sep,681,1,-1,0,unknown,1
53,management,married,secondary,no,2247,no,no,telephone,4,jul,214,1,-1,0,unknown,0
55,admin.,divorced,secondary,no,-59,yes,no,telephone,20,jun,501,1,-1,1,unknown,0
39,blue-collar,divorced,tertiary,no,2743,yes,yes,cellular,1,oct,21,2,-1,0,unknown,0
18,technician,divorced,tertiary,no,359,yes,yes,unknown,31,sep,499,1,-1,0,unknown,0
34,management,single,tertiary,no,-197,no,no,cellular,6,apr,56,1,-1,0,unknown,0
55,management,divorced,tertiary,no,200,yes,no,telephone,28,jun,116,3,-1,0,failure,0
40,services,married,secondary,no,-59,no,no,unknown,10,mar,99,4,-1,0,failure,0
30,retired,single,secondary,no,-54,yes,no,telephone,27,mar,106,1,216,0,failure,0
35,technician,single,secondary,no,1570,no,no,cellular,4,oct,647,2,-1,0,unknown,0
50,management,married,secondary,no,161,no,no,cellular,17,oct,150,1,789,0,unknown,0
47,retired,married,tertiary,no,3894,no,no,telephone,26,aug,80,3,351,0,failure,0
38,blue-collar,divorced,secondary,no,889,yes,no,unknown,30,may,89,2,524,1,unknown,0
36,entrepreneur,married,primary,no,724,no,no,cellular,22,aug,419,4,-1,0,unknown,0
36,technician,single,primary,no,654,yes,no,cellular,21,sep,199,6,-1,0,unknown,0
30,technician,married,primary,no,1569,yes,no,cellular,5,feb,154,2,-1,0,unknown,0
58,retired,married,primary,no,702,no,no,telephone,2,jul,674,5,-1,2,unknown,0
37,housemaid,married,secondary,no,6,no,no,cellular,1,dec,686,1,-1,0,unknown,0
54,management,married,primary,no,2982,no,yes,unknown,16,feb,364,2,-1,1,unknown,0
57,blue-collar,single,secondary,no,638,yes,no,unknown,7,jul,188,2,-1,0,unknown,0
51,blue-collar,married,secondary,no,-84,no,yes,cellular,21,nov,31,2,-1,0,unknown,0
36,blue-collar,married,tertiary,no,930,yes,no,cellular,3,mar,317,1,-1,1,unknown,0
45,technician,married,secondary,no,1363,yes,no,telephone,14,aug,435,3,562,0,unknown,0
40,admin.,married,unknown,no,283,no,no,cellular,22,apr,492,2,238,0,unknown,0
31,blue-collar,married,tertiary,no,2216,yes,no,cellular,19,sep,224,1,-1,0,unknown,0
44,blue-collar,single,tertiary,no,1461,no,no,cellular,16,dec,247,6,-1,0,unknown,0
28,technician,married,secondary,no,1376,yes,no,cellular,22,apr,318,5,-1,0,failure,0
54,management,married,tertiary,no,619,yes,yes,cellular,6,feb,534,1,-1,0,unknown,0
35,management,married,secondary,no,4701,no,no,unknown,30,apr,11,1,-1,1,unknown,0
43,admin.,married,primary,no,280,no,no,unknown,25,may,213,2,-1,0,unknown,0
44,management,married,secondary,no,1093,yes,no,unknown,24,aug,118,1,-1,0,unknown,0
38,retired,married,tertiary,no,354,yes,no,cellular,1,mar,462,2,300,0,unknown,0
47,entrepreneur,single,secondary,no,1848,no,yes,cellular,7,sep,37,3,-1,0,unknown,0
35,blue-collar,divorced,secondary,no,-126,yes,yes,cellular,11,sep,620,2,-1,0,unknown,0
50,blue-collar,single,secondary,no,-129,yes,yes,cellular,25,nov,34,8,-1,0,unknown,0
26,technician,married,secondary,no,2297,no,no,cellular,18,oct,24,3,-1,0,unknown,0
42,management,married,tertiary,no,654,yes,no,cellular,9,mar,109,6,637,0,unknown,0
62,technician,married,secondary,no,425,no,no,cellular,22,aug,1353,5,-1,1,failure,0
29,retired,single,secondary,no,1202,no,no,cellular,3,jun,259,1,-1,0,unknown,0
33,retired,divorced,tertiary,no,1615,no,yes,cellular,24,nov,6,3,-1,0,unknown,0
46,technician,married,secondary,no,136,yes,no,cellular,23,jun,73,2,-1,1,other,0
42,blue-collar,married,secondary,no,107,no,no,cellular,28,feb,41,1,-1,0,unknown,0
44,management,single,primary,no,4560,yes,no,unknown,8,aug,0,1,-1,0,unknown,0
46,technician,single,secondary,no,1136,yes,no,cellular,8,jul,186,2,-1,0,unknown,0
47,management,single,secondary,no,541,yes,no,cellular,23,feb,123,2,869,0,unknown,0
53,services,single,secondary,no,2225,yes,no,cellular,1,apr,245,4,-1,1,unknown,0
45,technician,divorced,secondary,no,917,yes,no,cellular,29,may,62,2,-1,0,unknown,0
38,technician,married,tertiary,no,214,yes,no,unknown,10,sep,458,2,-1,1,unknown,0
48,technician,divorced,secondary,no,147,yes,no,cellular,15,oct,124,3,-1,2,success,0
61,management,divorced,tertiary,no,558,yes,no,telephone,10,feb,170,2,-1,0,unknown,0
39,unknown,single,secondary,no,2748,no,no,cellular,26,dec,340,5,-1,0,unknown,1
30,management,married,secondary,no,-104,yes,no,cellular,8,dec,46,5,-1,0,failure,0
53,management,married,secondary,no,169,no,no,unknown,21,jul,78,2,-1,1,other,0
39,unknown,married,tertiary,no,3154,no,no,unknown,29,may,43,2,463,0,unknown,0
18,technician,married,unknown,no,-5,no,no,cellular,2,feb,377,3,710,0,success,0
50,retired,single,tertiary,no,1289,yes,yes,unknown,18,oct,26,3,-1,0,unknown,0
35,blue-collar,married,unknown,no,160,no,no,cellular,2,dec,173,3,-1,0,unknown,0
40,technician,married,secondary,no,1196,no,no,cellular,25,mar,357,2,-1,0,unknown,0
44,unknown,single,secondary,no,524,no,no,telephone,30,may,182,3,-1,0,unknown,0
43,management,married,secondary,no,-39,yes,no,unknown,21,oct,183,1,-1,0,unknown,0
48,blue-collar,married,secondary,no,1110,no,no,cellular,19,jan,16,4,75,0,unknown,0
36,blue-collar,married,secondary,no,1523,no,no,telephone,31,jul,394,1,90,0,unknown,0
46,technician,single,secondary,no,1510,yes,no,cellular,22,jan,239,5,-1,0,unknown,0
38,blue-collar,married,secondary,no,1320,no,no,cellular,9,jun,284,1,-1,0,unknown,0
49,services,single,secondary,no,840,no,no,unknown,27,dec,374,1,-1,0,unknown,0
47,student,married,secondary,no,899,no,yes,cellular,25,jun,212,1,-1,0,unknown,0
30,blue-collar,divorced,secondary,no,1314,yes,no,cellular,25,jan,183,1,-1,0,unknown,0
52,entrepreneur,married,primary,no,1558,no,no,cellular,27,dec,280,1,-1,0,unknown,1
35,technician,married,secondary,no,1395,yes,yes,unknown,10,jul,594,2,-1,0,unknown,0
49,technician,married,tertiary,no,1126,no,yes,cellular,30,aug,262,2,-1,1,unknown,0
45,blue-collar,married,tertiary,no,54,yes,no,cellular,27,mar,400,2,-1,0,unknown,0
61,technician,married,secondary,no,154,yes,no,cellular,4,dec,168,1,-1,1,unknown,0
38,services,married,secondary,no,252,yes,no,unknown,21,oct,229,3,-1,0,unknown,0
37,technician,married,secondary,no,3582,no,no,telephone,28,jan,51,2,88,0,unknown,0
40,technician,married,tertiary,no,1936,no,yes,telephone,30,feb,172,1,-1,1,unknown,0
37,entrepreneur,married,secondary,no,1007,yes,no,unknown,1,jan,41,1,-1,0,failure,0
49,services,married,secondary,no,235,yes,no,cellular,11,sep,162,3,-1,0,unknown,0
23,unknown,single,secondary,no,-23,yes,no,cellular,26,apr,17,3,-1,0,unknown,0
29,blue-collar,divorced,primary,no,3235,no,no,cellular,22,jul,221,2,-1,0,unknown,0
29,technician,married,secondary,no,3147,yes,no,cellular,2,may,87,8,-1,0,unknown,1
51,admin.,married,tertiary,yes,-24,yes,no,cellular,23,sep,475,1,-1,0,success,0
59,management,divorced,secondary,no,2193,no,no,unknown,31,sep,121,2,594,0,unknown,0
39,services,married,primary,no,687,yes,no,cellular,4,jun,644,2,-1,0,unknown,0
39,blue-collar,divorced,tertiary,no,387,yes,no,cellular,15,may,165,11,-1,0,unknown,0
41,entrepreneur,married,secondary,no,1815,yes,no,cellular,20,oct,487,2,-1,1,unknown,0
53,blue-collar,single,primary,no,1229,no,no,cellular,25,jan,91,2,-1,0,unknown,0
30,retired,married,tertiary,no,2071,no,yes,cellular,13,apr,154,6,-1,0,unknown,0
43,management,divorced,secondary,no,-84,no,no,telephone,1,may,259,2,-1,0,unknown,0
51,services,married,secondary,no,375,yes,yes,cellular,22,sep,77,6,-1,0,unknown,0
46,blue-collar,single,tertiary,no,376,yes,no,cellular,2,feb,276,3,-1,0,unknown,0
43,technician,married,primary,no,400,yes,no,telephone,6,feb,87,1,-1,0,unknown,0
52,management,married,tertiary,no,847,no,no,cellular,7,mar,170,1,537,1,failure,0
18,blue-collar,single,tertiary,no,299,no,no,telephone,19,mar,6,1,-1,1,unknown,0
48,blue-collar,married,tertiary,no,681,no,no,cellular,4,dec,21,1,-1,0,unknown,0
33,entrepreneur,divorced,secondary,no,487,yes,no,unknown,18,jul,66,2,-1,1,unknown,0
20,retired,married,tertiary,no,1793,no,no,cellular,23,jan,423,4,-1,0,unknown,0
46,blue-collar,single,secondary,no,1187,no,no,cellular,9,feb,278,2,-1,1,unknown,0
56,unemployed,married,unknown,no,1390,yes,no,cellular,21,nov,577,3,-1,0,unknown,0
39,blue-collar,divorced,tertiary,no,154,no,no,cellular,11,jan,606,8,-1,0,failure,0
51,admin.,divorced,tertiary,no,390,no,no,unknown,5,sep,121,1,-1,0,unknown,0
58,management,married,secondary,no,-167,no,no,cellular,25,oct,118,1,-1,0,unknown,0
55,entrepreneur,divorced,secondary,no,-27,no,no,cellular,24,sep,466,1,-1,0,unknown,0
59,technician,single,secondary,no,261,yes,no,cellular,1,mar,143,1,-1,0,unknown,0
49,blue-collar,married,tertiary,no,-98,no,no,cellular,2,dec,502,3,-1,0,failure,0
41,services,single,tertiary,no,1184,no,no,cellular,23,mar,181,3,614,0,unknown,0
23,management,married,secondary,no,9222,yes,no,cellular,3,jan,142,3,-1,0,unknown,0
38,management,single,tertiary,no,-40,yes,no,cellular,22,may,84,2,-1,1,failure,0
31,services,married,primary,no,2382,yes,no,cellular,17,mar,34,3,681,0,unknown,0
64,technician,married,secondary,no,-10,yes,no,unknown,24,feb,192,2,607,0,unknown,0
39,retired,married,secondary,no,1462,no,yes,cellular,2,mar,101,1,-1,1,unknown,0
42,blue-collar,married,tertiary,no,1345,yes,no,cellular,1,aug,74,2,-1,0,unknown,0
47,services,single,tertiary,no,3295,yes,no,cellular,2,aug,47,2,540,0,unknown,1
41,management,divorced,tertiary,no,-18,yes,no,unknown,8,jan,126,7,-1,0,unknown,1
59,management,married,tertiary,no,368,yes,no,cellular,13,feb,209,6,-1,2,failure,0
34,blue-collar,married,unknown,no,-57,yes,yes,cellular,26,jan,468,9,-1,0,unknown,0
43,self-employed,single,secondary,no,584,yes,no,cellular,14,aug,442,1,-1,0,unknown,0
32,blue-collar,married,secondary,no,3438,yes,no,cellular,21,jan,498,3,-1,0,unknown,0
26,technician,married,secondary,no,2081,no,no,cellular,12,jun,221,5,-1,0,unknown,0
34,blue-collar,married,secondary,no,1725,yes,no,telephone,9,oct,211,3,-1,1,unknown,0
40,self-employed,married,secondary,no,942,yes,no,cellular,28,nov,607,2,-1,0,unknown,0
36,services,married,secondary,no,3024,yes,no,cellular,19,aug,87,3,604,0,unknown,0
33,student,single,unknown,no,695,yes,no,unknown,24,aug,40,2,523,0,unknown,0
25,management,married,primary,yes,43,yes,yes,cellular,20,jul,22,3,-1,0,failure,0
40,management,single,secondary,no,2526,yes,no,cellular,7,aug,549,3,-1,0,unknown,0
24,blue-collar,married,tertiary,no,292,yes,no,cellular,26,aug,119,4,-1,0,unknown,0
49,admin.,married,tertiary,no,-117,yes,no,unknown,10,oct,178,3,-1,1,unknown,0
41,technician,single,primary,no,2,yes,no,cellular,24,mar,419,1,415,0,unknown,0
24,technician,married,tertiary,no,1208,no,no,cellular,3,feb,120,6,-1,1,unknown,0
37,admin.,married,secondary,no,1201,yes,no,cellular,19,dec,522,1,-1,0,unknown,0
32,management,single,tertiary,no,252,no,no,cellular,17,apr,100,1,-1,0,success,0
44,technician,married,tertiary,no,1748,no,no,cellular,8,may,340,2,-1,0,unknown,0
55,blue-collar,single,secondary,no,2028,no,no,unknown,31,feb,283,3,-1,0,unknown,0
20,blue-collar,married,primary,no,3598,yes,no,cellular,18,nov,58,3,653,0,unknown,0
42,admin.,single,primary,no,1118,no,yes,telephone,7,aug,34,7,-1,0,unknown,0
39,technician,married,tertiary,no,2067,yes,no,cellular,31,aug,30,1,-1,0,unknown,0
48,blue-collar,married,tertiary,no,1898,yes,no,unknown,27,dec,271,2,-1,0,unknown,0
43,blue-collar,divorced,unknown,no,247,yes,no,unknown,7,apr,3,1,-1,0,unknown,0
32,blue-collar,single,secondary,no,357,no,yes,cellular,30,dec,278,3,-1,0,failure,0
37,unknown,married,secondary,no,776,yes,no,cellular,23,may,392,1,-1,0,unknown,0
32,technician,married,secondary,no,-171,no,no,telephone,20,nov,92,4,-1,0,failure,0
52,management,married,primary,no,329,yes,no,cellular,23,dec,353,8,-1,0,unknown,0
41,management,single,tertiary,no,763,no,no,cellular,26,may,46,1,-1,0,unknown,0
61,technician,single,secondary,yes,-28,no,no,unknown,16,may,833,3,-1,0,unknown,0
40,blue-collar,single,unknown,no,2,no,no,cellular,15,sep,68,2,-1,0,unknown,0
33,services,married,tertiary,no,733,yes,no,cellular,14,sep,172,1,-1,1,unknown,0
24,retired,single,primary,no,1769,no,yes,unknown,16,nov,1015,1,-1,0,unknown,0
21,admin.,married,secondary,no,2491,no,no,cellular,31,apr,613,3,-1,0,unknown,0
23,technician,married,secondary,no,985,yes,no,cellular,27,jan,277,1,222,0,unknown,0
43,entrepreneur,married,tertiary,no,765,yes,yes,cellular,31,aug,118,1,-1,0,failure,0
46,entrepreneur,divorced,tertiary,no,527,no,no,cellular,24,nov,310,5,-1,0,success,0
23,management,single,tertiary,no,121,yes,no,unknown,9,jan,159,2,-1,0,unknown,1
50,management,married,primary,no,37,no,no,unknown,23,jul,29,4,-1,0,unknown,0
35,blue-collar,single,secondary,no,2154,yes,no,cellular,22,dec,410,3,-1,0,unknown,0
42,housemaid,divorced,primary,no,738,yes,no,unknown,21,apr,529,1,-1,1,unknown,0
58,management,married,secondary,no,2143,yes,yes,cellular,31,jan,135,1,-1,0,unknown,0
50,management,married,secondary,no,1626,yes,yes,telephone,10,apr,282,1,-1,0,success,0
38,admin.,divorced,secondary,no,123,yes,no,cellular,15,jul,7,7,-1,0,unknown,0
31,technician,single,secondary,no,870,no,yes,cellular,26,aug,56,1,-1,0,unknown,0
18,admin.,married,secondary,yes,680,yes,no,cellular,23,feb,217,3,-1,0,unknown,0
33,retired,married,primary,no,627,no,no,cellular,10,sep,82,3,-1,0,success,1
38,self-employed,married,tertiary,no,973,no,no,cellular,2,may,745,1,-1,0,unknown,0
30,entrepreneur,married,secondary,yes,5832,yes,no,cellular,5,nov,468,3,814,0,other,0
39,retired,divorced,tertiary,no,2314,yes,no,unknown,29,dec,274,1,-1,2,unknown,0
41,blue-collar,married,secondary,no,3310,yes,no,unknown,8,aug,1743,2,-1,0,unknown,0
38,unknown,single,secondary,no,-154,yes,yes,unknown,6,feb,71,1,-1,0,unknown,0
33,blue-collar,married,tertiary,no,26,yes,yes,cellular,6,feb,648,6,-1,2,failure,0
42,management,married,tertiary,no,-67,yes,no,cellular,1,apr,93,9,-1,1,unknown,0
45,blue-collar,married,tertiary,no,258,no,yes,cellular,16,apr,234,1,-1,0,failure,0
29,blue-collar,single,secondary,no,674,yes,no,cellular,18,mar,147,2,-1,0,unknown,0
56,admin.,married,tertiary,no,1341,no,no,cellular,3,may,151,3,-1,0,unknown,0
39,admin.,single,tertiary,no,842,no,yes,cellular,7,feb,370,1,-1,0,unknown,0
41,retired,married,unknown,no,3302,no,no,cellular,12,jan,110,3,-1,0,unknown,1
48,management,married,secondary,no,4016,no,no,unknown,10,dec,182,1,-1,0,unknown,0
43,admin.,married,tertiary,no,67,no,yes,telephone,22,apr,61,1,-1,0,failure,1
51,blue-collar,married,tertiary,no,2675,yes,yes,cellular,21,jun,371,4,221,0,unknown,0
44,services,single,unknown,no,785,no,no,cellular,25,jun,207,2,-1,0,unknown,0
34,services,married,secondary,no,705,no,no,cellular,10,feb,75,1,-1,0,unknown,0
44,management,single,tertiary,no,2105,yes,no,cellular,23,jun,79,2,-1,2,unknown,0
28,admin.,married,secondary,yes,-53,yes,no,cellular,9,apr,89,2,-1,0,failure,0
42,management,married,tertiary,no,3011,yes,no,unknown,27,oct,310,3,-1,0,unknown,0
40,technician,married,secondary,no,1466,yes,yes,cellular,11,jan,233,5,-1,0,unknown,0
38,blue-collar,married,secondary,no,2922,yes,no,cellular,19,jan,445,2,-1,0,unknown,0
39,management,single,tertiary,no,7598,no,no,cellular,27,feb,218,1,-1,0,success,1
20,admin.,single,secondary,no,894,no,no,cellular,8,apr,94,3,-1,1,unknown,0
34,management,married,secondary,no,-53,yes,yes,cellular,28,aug,849,5,-1,0,unknown,0
42,management,married,secondary,no,73,yes,no,cellular,25,mar,560,1,-1,1,unknown,1
42,blue-collar,single,secondary,no,386,no,no,cellular,18,nov,84,4,-1,0,unknown,0
29,admin.,single,unknown,no,-36,yes,no,telephone,4,may,629,2,-1,0,unknown,0
54,services,single,tertiary,no,2333,yes,yes,cellular,2,mar,328,4,-1,0,other,0
31,retired,married,primary,no,328,no,no,cellular,13,aug,138,2,589,0,failure,0
51,retired,married,secondary,no,5387,yes,no,telephone,23,apr,162,4,-1,0,unknown,0
45,entrepreneur,divorced,primary,no,1618,yes,yes,cellular,14,nov,152,2,-1,0,unknown,0
33,management,single,secondary,no,85,yes,no,cellular,20,aug,411,1,-1,0,unknown,0
60,management,married,tertiary,no,769,no,yes,cellular,30,aug,49,1,145,0,failure,0
27,blue-collar,single,secondary,no,743,no,no,telephone,28,sep,15,2,-1,0,unknown,1
51,retired,single,tertiary,no,817,yes,no,cellular,22,feb,178,2,-1,1,unknown,1
52,blue-collar,married,tertiary,no,950,yes,no,cellular,24,nov,88,1,-1,0,unknown,0
33,admin.,married,secondary,no,-152,no,no,cellular,15,oct,214,4,-1,0,unknown,0
56,blue-collar,married,secondary,no,1538,no,yes,telephone,30,jul,987,4,-1,0,success,0
38,management,married,tertiary,no,801,no,no,cellular,13,oct,287,4,-1,0,unknown,0
44,management,single,secondary,no,2147,no,no,cellular,6,jan,825,6,-1,0,unknown,0
43,services,married,secondary,no,2333,yes,no,telephone,20,apr,339,2,-1,0,failure,0
39,admin.,single,secondary,no,193,no,no,cellular,6,apr,20,3,-1,0,success,0
49,services,divorced,tertiary,no,-125,no,no,cellular,1,apr,567,5,-1,0,success,0
49,management,married,primary,no,1622,no,no,telephone,15,jul,57,2,-1,0,unknown,1
21,student,married,secondary,no,5508,no,no,cellular,6,may,516,2,-1,2,other,0
55,management,single,secondary,no,687,yes,no,telephone,27,may,356,2,-1,0,unknown,0
22,management,single,primary,no,250,no,no,cellular,15,mar,470,9,-1,0,unknown,0
52,student,single,tertiary,no,55,no,no,cellular,15,oct,75,2,266,0,failure,0
53,technician,married,secondary,no,308,no,no,cellular,14,may,424,1,482,0,failure,0
28,retired,married,primary,no,396,yes,yes,cellular,10,may,243,2,-1,0,unknown,0
36,management,married,secondary,no,627,no,no,cellular,29,aug,22,1,-1,0,unknown,0
28,blue-collar,divorced,secondary,no,1398,no,no,telephone,27,nov,567,4,405,0,unknown,0
38,services,married,unknown,no,278,yes,yes,cellular,8,feb,540,5,-1,0,unknown,0
37,technician,divorced,primary,no,-121,no,no,telephone,4,aug,218,1,-1,0,unknown,1
49,retired,married,secondary,no,500,no,no,cellular,25,apr,155,1,-1,0,unknown,0
55,management,divorced,secondary,no,2703,yes,no,telephone,22,sep,132,1,-1,0,failure,0
56,unknown,single,secondary,no,834,yes,no,cellular,6,aug,238,1,763,0,unknown,1
34,technician,married,secondary,no,4819,no,no,cellular,20,may,475,1,-1,0,unknown,0
38,technician,single,secondary,no,850,yes,no,cellular,24,may,215,3,-1,0,unknown,0
22,technician,married,secondary,no,284,yes,yes,cellular,21,sep,35,1,-1,0,unknown,0
32,management,married,primary,no,122,yes,yes,cellular,28,may,94,1,-1,2,unknown,0
51,services,married,primary,no,1578,yes,no,cellular,17,sep,284,1,-1,0,failure,1
58,entrepreneur,married,tertiary,no,953,yes,no,unknown,23,jun,268,1,-1,0,unknown,0
27,technician,married,tertiary,no,1189,yes,no,unknown,24,nov,188,2,-1,0,unknown,0
34,blue-collar,single,secondary,no,1910,no,no,unknown,22,nov,70,5,197,0,unknown,0
40,technician,single,secondary,no,1741,no,no,cellular,7,jan,81,1,-1,0,unknown,0
44,admin.,married,secondary,no,-133,no,no,unknown,12,nov,170,3,-1,0,unknown,0
32,housemaid,single,tertiary,no,2233,yes,no,cellular,23,dec,129,5,-1,0,unknown,1
45,blue-collar,single,secondary,no,941,yes,no,cellular,4,dec,97,4,-1,0,unknown,1
35,services,divorced,primary,no,545,yes,no,cellular,14,aug,456,1,-1,0,unknown,0
40,blue-collar,single,tertiary,no,956,no,no,cellular,4,jan,180,1,-1,0,unknown,0
47,management,married,secondary,no,1221,no,no,cellular,30,feb,180,1,681,0,unknown,0
41,retired,married,secondary,no,42,no,no,cellular,16,jun,144,2,-1,0,unknown,0
36,blue-collar,single,tertiary,yes,610,yes,no,cellular,28,may,294,2,-1,0,unknown,0
39,unknown,married,primary,no,413,no,no,telephone,31,feb,49,2,-1,0,unknown,0
40,services,married,tertiary,no,447,yes,yes,unknown,1,jun,741,2,-1,0,unknown,1
36,blue-collar,married,secondary,no,-56,no,no,cellular,18,jul,28,3,-1,0,other,0
38,services,married,tertiary,no,61,yes,no,cellular,19,mar,319,3,-1,0,unknown,0
58,admin.,married,secondary,no,64,yes,no,telephone,21,nov,314,2,-1,0,other,0
47,blue-collar,married,unknown,no,500,yes,no,cellular,31,aug,31,1,-1,0,unknown,0
37,blue-collar,married,tertiary,no,3173,no,no,unknown,10,apr,1281,1,-1,0,failure,1
48,technician,single,tertiary,no,146,yes,no,unknown,25,oct,9,1,361,0,unknown,0
37,housemaid,married,secondary,no,607,yes,no,cellular,5,sep,117,1,-1,0,success,0
53,retired,married,tertiary,no,360,yes,no,cellular,13,jul,142,1,30,0,unknown,0
45,management,married,secondary,no,2122,no,no,unknown,6,mar,418,9,598,0,unknown,0
39,technician,married,secondary,no,-122,yes,yes,unknown,30,may,7,4,-1,0,unknown,0
45,unknown,married,secondary,no,128,no,yes,cellular,23,sep,210,4,768,1,unknown,1
23,management,married,primary,no,154,no,yes,cellular,4,dec,58,4,-1,0,unknown,1
28,management,married,tertiary,no,7234,no,no,cellular,16,sep,219,4,-1,1,unknown,0
27,blue-collar,single,secondary,no,1068,no,yes,cellular,8,aug,268,1,-1,0,unknown,0
42,technician,married,primary,no,24,no,no,unknown,16,aug,8,1,-1,0,unknown,0
60,blue-collar,married,secondary,no,276,yes,no,unknown,11,sep,18,1,-1,0,unknown,0
65,technician,married,secondary,no,75,yes,no,cellular,22,may,22,4,769,0,unknown,0
48,management,single,secondary,no,0,no,yes,cellular,27,nov,493,4,-1,0,unknown,0
46,retired,single,tertiary,no,2193,yes,no,telephone,1,sep,674,1,-1,0,unknown,0
21,blue-collar,single,tertiary,no,827,yes,no,cellular,22,jun,148,6,-1,0,unknown,0
35,management,married,secondary,no,1296,no,no,cellular,18,jun,536,1,852,0,unknown,1
32,technician,married,tertiary,no,403,no,yes,cellular,4,nov,166,2,-1,0,unknown,0
34,blue-collar,married,secondary,no,1010,no,no,cellular,11,oct,132,2,-1,1,unknown,1
39,management,single,tertiary,no,246,no,no,telephone,20,dec,195,1,838,0,unknown,0
35,management,married,secondary,no,352,no,no,unknown,10,jun,402,3,602,0,unknown,0
19,management,divorced,tertiary,no,1384,yes,no,cellular,16,jul,65,2,-1,0,other,1
49,admin.,single,tertiary,no,44,yes,no,cellular,29,sep,92,2,259,0,unknown,0
29,admin.,single,tertiary,no,1240,no,no,cellular,10,mar,487,2,-1,1,unknown,0
43,admin.,married,secondary,no,2668,yes,no,cellular,5,dec,638,4,-1,0,unknown,0
63,admin.,single,tertiary,no,-7,yes,no,telephone,26,jun,33,2,-1,0,unknown,0
30,retired,married,secondary,no,3216,no,yes,cellular,28,oct,314,1,-1,0,unknown,0
18,blue-collar,married,primary,no,-75,yes,no,unknown,18,may,2,3,-1,0,unknown,0
37,unknown,married,secondary,no,443,yes,no,telephone,22,apr,72,2,-1,0,other,0
53,management,divorced,secondary,no,1214,yes,yes,cellular,11,aug,18,1,428,0,unknown,0
62,unknown,married,tertiary,no,1029,yes,no,cellular,3,mar,186,1,-1,1,unknown,0
27,admin.,married,tertiary,no,-47,yes,no,cellular,9,feb,108,2,-1,0,unknown,0
46,blue-collar,married,secondary,no,2206,no,yes,cellular,15,apr,38,4,-1,0,unknown,0
35,technician,single,primary,no,5226,yes,no,cellular,22,mar,0,1,-1,0,unknown,0
39,technician,single,unknown,no,99,yes,no,cellular,19,jul,126,2,-1,0,unknown,0
70,unknown,single,tertiary,no,3182,yes,no,unknown,19,dec,89,1,-1,0,unknown,0
24,retired,married,secondary,no,1020,yes,yes,cellular,5,apr,12,5,614,0,unknown,0
43,services,married,tertiary,no,3921,no,no,telephone,6,oct,492,2,-1,0,unknown,0
46,technician,married,secondary,no,90,yes,yes,cellular,4,dec,136,4,-1,0,unknown,0
52,admin.,married,secondary,no,2155,no,no,cellular,12,sep,384,3,-1,0,unknown,0
42,blue-collar,divorced,primary,no,-107,yes,no,cellular,5,dec,141,1,-1,1,unknown,1
44,services,married,unknown,no,3020,no,no,cellular,3,nov,18,3,-1,0,failure,0
36,blue-collar,married,primary,no,1482,yes,yes,cellular,10,may,129,2,-1,0,unknown,0
43,blue-collar,married,secondary,yes,493,yes,no,cellular,13,mar,560,1,141,0,unknown,0
37,blue-collar,single,secondary,no,116,yes,no,cellular,4,feb,2,3,-1,0,unknown,0
47,admin.,married,secondary,no,2343,no,no,cellular,24,jun,582,3,-1,0,unknown,0
36,unemployed,married,secondary,no,1186,yes,no,unknown,8,jun,275,3,-1,0,unknown,0
45,management,single,secondary,no,470,yes,no,unknown,1,jan,1401,2,-1,0,unknown,0
40,management,married,secondary,yes,680,no,no,telephone,20,jul,639,1,184,3,success,0
53,self-employed,single,tertiary,no,2427,yes,no,cellular,2,dec,524,4,201,0,other,0
40,blue-collar,married,tertiary,no,420,yes,no,unknown,4,may,9,1,-1,0,unknown,0
21,blue-collar,single,tertiary,no,-59,no,no,unknown,21,jul,84,2,-1,0,unknown,0
54,blue-collar,married,primary,no,3433,yes,yes,telephone,1,dec,121,1,-1,1,unknown,0
31,management,married,secondary,no,534,no,no,cellular,28,apr,310,3,-1,0,failure,0
33,admin.,divorced,secondary,no,442,yes,no,cellular,21,may,269,6,470,0,unknown,1
34,admin.,married,tertiary,no,142,yes,no,telephone,7,jul,48,2,-1,0,unknown,0
56,technician,married,tertiary,no,3215,yes,no,unknown,5,jun,344,2,-1,1,unknown,0
18,technician,married,tertiary,yes,167,no,no,telephone,23,jan,43,5,637,0,unknown,0
75,services,single,secondary,no,1318,no,no,cellular,13,jan,157,4,-1,0,unknown,0
52,management,married,secondary,no,2989,no,no,cellular,25,feb,223,7,284,0,unknown,0
43,services,divorced,tertiary,no,-146,yes,no,cellular,13,nov,527,1,-1,0,unknown,1
40,technician,divorced,primary,no,2447,no,no,telephone,8,nov,257,2,-1,0,unknown,0
44,blue-collar,single,primary,no,592,yes,no,cellular,17,mar,799,2,-1,1,unknown,0
46,self-employed,married,secondary,no,1409,yes,no,cellular,30,jan,1342,2,-1,0,unknown,0
48,retired,married,tertiary,no,498,no,no,telephone,31,oct,183,5,-1,0,unknown,0
47,blue-collar,single,primary,no,1583,yes,no,cellular,10,feb,13,1,-1,0,failure,0
41,retired,married,tertiary,no,240,yes,no,cellular,10,dec,7,5,-1,0,failure,0
38,technician,married,tertiary,no,-166,yes,yes,unknown,2,feb,499,2,331,1,unknown,0
39,technician,married,primary,no,4228,no,no,cellular,6,jul,178,2,153,0,unknown,0
38,student,married,tertiary,no,-175,yes,no,cellular,21,nov,117,2,-1,0,unknown,0
53,admin.,married,primary,no,2406,yes,no,telephone,1,dec,86,2,-1,0,unknown,0
47,unknown,married,secondary,no,77,no,no,unknown,30,jun,85,4,-1,0,unknown,0
18,technician,single,tertiary,no,546,yes,no,unknown,18,sep,19,2,-1,0,unknown,0
48,management,married,primary,no,2393,yes,no,cellular,3,oct,93,3,731,0,unknown,0
43,management,married,secondary,no,145,no,no,cellular,26,may,267,2,471,0,unknown,0
40,blue-collar,married,tertiary,no,2811,no,no,unknown,21,mar,125,1,-1,0,unknown,0
36,admin.,married,secondary,no,833,yes,no,cellular,7,jan,761,2,-1,0,success,0
53,blue-collar,married,primary,no,483,no,yes,cellular,16,jan,284,3,-1,0,unknown,0
51,services,single,tertiary,no,1429,yes,no,cellular,22,feb,514,4,-1,0,unknown,0
32,management,divorced,secondary,no,426,yes,no,cellular,3,nov,31,3,-1,0,unknown,0
45,technician,married,secondary,no,439,yes,no,cellular,6,nov,154,1,-1,0,unknown,0
30,technician,married,tertiary,no,1783,yes,no,cellular,4,mar,10,2,-1,0,unknown,0
25,blue-collar,married,tertiary,no,356,yes,no,cellular,16,nov,581,1,-1,0,unknown,0
34,management,divorced,secondary,no,136,no,no,unknown,3,oct,40,3,-1,0,unknown,0
50,unemployed,single,primary,no,2272,no,no,cellular,4,oct,422,2,478,0,unknown,0
51,technician,divorced,tertiary,no,2254,no,no,cellular,11,may,664,3,169,0,unknown,0
46,self-employed,married,secondary,no,832,no,no,cellular,24,jul,150,1,-1,0,unknown,0
48,blue-collar,divorced,secondary,no,921,yes,no,cellular,17,apr,127,1,-1,0,success,0
46,housemaid,married,primary,no,1586,yes,no,unknown,19,oct,236,5,-1,0,unknown,0
33,blue-collar,married,secondary,no,867,no,no,unknown,26,nov,347,1,-1,1,success,1
45,self-employed,single,tertiary,no,609,no,no,unknown,31,jun,267,1,-1,0,unknown,0
49,management,divorced,primary,no,7716,no,no,unknown,28,jun,0,4,-1,0,unknown,0
49,admin.,married,secondary,no,39,yes,no,unknown,8,nov,397,1,-1,0,unknown,0
54,services,married,tertiary,no,1147,yes,no,cellular,28,feb,41,1,823,3,other,1
48,management,married,secondary,no,3055,yes,no,cellular,14,jun,154,3,-1,1,unknown,0
44,management,married,tertiary,no,1543,yes,no,cellular,26,may,85,7,-1,2,success,0
52,blue-collar,married,tertiary,no,2991,yes,no,cellular,16,nov,678,3,612,0,unknown,1
40,self-employed,divorced,primary,no,414,yes,yes,telephone,25,jun,179,1,-1,0,unknown,0
31,blue-collar,single,primary,no,276,no,no,cellular,19,apr,190,4,790,1,unknown,0
39,blue-collar,single,tertiary,no,2658,yes,no,cellular,16,jan,20,2,-1,1,unknown,0
32,management,single,tertiary,no,551,yes,no,cellular,25,sep,587,3,-1,0,unknown,0
33,management,married,tertiary,no,1655,no,no,cellular,10,mar,70,1,-1,0,unknown,1
39,admin.,single,secondary,no,39,yes,no,cellular,15,jan,137,1,-1,1,unknown,0
32,management,married,tertiary,no,1914,yes,no,unknown,27,apr,1088,5,594,1,unknown,0
37,unknown,married,primary,no,994,yes,no,cellular,26,jul,31,5,220,0,unknown,1
20,services,married,secondary,no,269,no,no,unknown,4,apr,327,1,397,0,other,1
43,management,married,secondary,no,823,yes,no,unknown,28,nov,77,1,-1,0,unknown,0
41,retired,single,secondary,no,1590,no,no,cellular,4,apr,140,6,-1,0,unknown,0
32,management,divorced,secondary,no,-182,yes,yes,cellular,29,sep,139,1,-1,0,unknown,0
48,blue-collar,married,secondary,no,1321,yes,no,telephone,13,nov,694,1,-1,0,unknown,0
51,management,single,secondary,no,969,yes,no,telephone,12,jun,2,1,-1,0,unknown,1
23,admin.,married,secondary,no,173,yes,no,cellular,15,sep,118,1,-1,0,unknown,0
32,technician,single,tertiary,no,1897,yes,no,cellular,29,dec,493,1,-1,0,unknown,0
32,blue-collar,married,secondary,no,342,no,no,cellular,23,dec,622,9,507,0,failure,0
30,blue-collar,married,tertiary,no,286,yes,no,cellular,13,feb,96,1,-1,0,failure,0
50,management,married,primary,no,755,no,no,unknown,6,jul,71,1,-1,0,unknown,0
38,admin.,single,unknown,no,1491,no,no,cellular,26,jul,159,2,-1,0,success,0
38,technician,married,tertiary,no,3764,no,no,cellular,14,aug,353,2,688,0,unknown,0
18,retired,divorced,secondary,no,28,yes,no,cellular,31,oct,43,2,96,0,failure,1
47,management,married,unknown,no,557,no,yes,telephone,3,nov,395,5,-1,0,unknown,0
27,retired,divorced,tertiary,no,-95,yes,yes,telephone,8,sep,185,1,645,0,other,0
41,management,single,secondary,no,1931,yes,no,cellular,12,aug,39,6,-1,0,unknown,0
44,blue-collar,married,secondary,no,690,no,no,cellular,30,feb,287,3,234,0,unknown,0
55,technician,married,secondary,no,1641,yes,no,cellular,14,mar,255,3,-1,0,unknown,0
26,admin.,single,secondary,no,383,no,no,cellular,5,dec,251,1,403,0,unknown,0
18,technician,single,secondary,no,2589,yes,no,unknown,2,feb,362,1,-1,0,unknown,0
43,services,single,primary,no,948,yes,no,cellular,10,jan,51,1,-1,0,unknown,0
60,services,married,tertiary,no,4113,yes,no,cellular,30,jul,308,3,-1,0,unknown,0
54,management,married,tertiary,no,-76,yes,no,cellular,3,aug,563,1,-1,0,unknown,0
43,blue-collar,divorced,primary,no,883,yes,no,cellular,23,may,194,2,-1,0,unknown,0
35,management,married,tertiary,no,1981,yes,no,cellular,10,oct,171,3,-1,0,unknown,0
49,entrepreneur,married,primary,no,1175,no,yes,cellular,9,nov,412,2,-1,1,unknown,0
30,admin.,married,unknown,no,-164,no,no,cellular,17,sep,40,1,-1,0,unknown,0
46,unknown,single,secondary,no,5181,no,no,unknown,28,apr,107,1,-1,0,other,0
46,unknown,single,unknown,no,331,no,no,cellular,6,jan,496,4,180,0,other,0
52,technician,married,tertiary,no,230,yes,no,cellular,27,apr,178,1,350,0,unknown,0
71,technician,married,secondary,no,797,no,no,cellular,30,may,473,1,239,2,unknown,0
45,management,married,tertiary,no,971,yes,no,cellular,9,nov,74,1,-1,1,unknown,0
35,admin.,married,tertiary,no,1980,yes,yes,cellular,23,dec,127,3,214,0,failure,0
40,blue-collar,married,primary,no,549,no,no,cellular,3,aug,447,1,-1,0,unknown,0
21,retired,divorced,secondary,no,669,yes,no,cellular,7,may,46,2,107,1,unknown,0
33,technician,married,tertiary,no,948,no,no,cellular,12,dec,580,3,-1,0,unknown,0
36,technician,married,secondary,no,552,yes,no,cellular,18,oct,95,2,374,0,failure,0
35,technician,divorced,secondary,no,3489,yes,no,cellular,10,sep,928,3,-1,0,success,0
42,management,married,secondary,no,2658,yes,no,unknown,2,jun,453,3,-1,0,unknown,0
31,technician,married,tertiary,no,710,yes,no,cellular,17,aug,156,2,-1,1,failure,0
53,admin.,married,primary,no,-199,no,no,cellular,31,mar,349,1,-1,1,unknown,0
41,services,married,secondary,no,3267,no,no,cellular,3,mar,209,1,-1,1,unknown,1
40,blue-collar,divorced,tertiary,no,0,yes,no,cellular,1,sep,495,3,-1,0,unknown,0
37,blue-collar,married,secondary,no,220,yes,no,telephone,8,jun,188,1,-1,0,unknown,0
42,management,married,secondary,no,47,yes,no,cellular,13,apr,1140,2,-1,1,unknown,0
50,services,single,tertiary,no,97,no,no,cellular,11,aug,36,1,-1,0,unknown,0
31,management,divorced,secondary,no,2235,yes,yes,cellular,8,apr,291,1,-1,0,unknown,0
33,self-employed,married,tertiary,no,1099,no,no,cellular,20,nov,72,1,-1,0,unknown,0
37,blue-collar,married,secondary,no,4488,no,no,cellular,31,apr,54,1,-1,0,unknown,0
26,technician,divorced,secondary,no,194,no,no,cellular,1,dec,135,1,-1,1,unknown,0
31,self-employed,married,tertiary,no,797,yes,no,cellular,2,jul,118,2,-1,0,unknown,0
35,management,single,tertiary,no,5486,no,no,cellular,18,jul,12,3,553,0,unknown,0
50,blue-collar,single,secondary,no,2426,no,no,unknown,18,dec,143,1,-1,0,unknown,1
43,blue-collar,single,tertiary,no,1756,no,no,cellular,9,aug,782,2,-1,0,unknown,0
43,technician,married,primary,no,114,no,no,cellular,7,oct,162,1,-1,0,unknown,0
50,blue-collar,married,tertiary,no,2000,no,no,telephone,9,jul,92,1,-1,0,unknown,0
39,unknown,single,secondary,no,440,no,no,unknown,10,aug,768,1,-1,2,unknown,0
45,admin.,married,tertiary,no,934,no,no,cellular,26,aug,181,1,667,0,unknown,0
39,management,married,tertiary,no,1209,no,no,telephone,2,jul,87,4,-1,0,unknown,0
43,self-employed,married,secondary,no,1209,no,no,cellular,5,jan,394,2,312,0,unknown,0
34,management,married,primary,no,1744,yes,yes,cellular,17,apr,65,3,-1,0,unknown,0
18,technician,divorced,primary,no,1425,yes,no,unknown,2,mar,73,2,-1,0,unknown,0
39,technician,married,primary,no,-93,no,no,unknown,20,dec,101,4,724,0,unknown,0
56,management,divorced,primary,no,716,yes,no,cellular,10,sep,129,1,-1,1,unknown,0
51,management,married,tertiary,no,1436,yes,no,cellular,31,dec,225,4,-1,0,unknown,0
51,housemaid,married,tertiary,no,326,yes,no,telephone,1,oct,186,2,599,0,success,1
54,technician,married,tertiary,no,363,no,no,cellular,12,aug,351,3,312,0,unknown,0
41,management,single,primary,no,0,no,no,unknown,24,sep,325,1,716,0,failure,0
43,management,single,tertiary,no,613,yes,no,cellular,15,may,12,2,-1,0,unknown,0
34,admin.,married,secondary,no,6294,yes,no,cellular,6,may,37,3,-1,0,other,0
37,services,divorced,secondary,no,303,no,no,cellular,14,oct,62,2,-1,0,failure,0
47,technician,married,primary,no,937,no,no,cellular,14,may,234,2,-1,0,unknown,0
54,management,single,secondary,no,1839,yes,no,cellular,15,feb,582,4,-1,1,unknown,0
39,technician,divorced,tertiary,no,-179,yes,no,cellular,1,jul,101,1,682,0,unknown,1
36,management,divorced,unknown,no,3260,no,no,cellular,25,aug,855,2,-1,0,unknown,0
41,management,divorced,tertiary,no,532,no,no,unknown,31,may,48,4,-1,0,unknown,0
47,blue-collar,married,unknown,no,2850,no,no,cellular,17,aug,667,4,-1,0,unknown,0
25,technician,married,tertiary,no,-140,no,no,cellular,11,jun,416,1,-1,0,unknown,0
18,blue-collar,married,secondary,no,36,no,no,cellular,15,apr,127,4,-1,0,unknown,0
34,technician,married,primary,no,384,yes,no,cellular,20,jul,59,1,-1,0,unknown,0
27,self-employed,single,secondary,no,435,yes,no,cellular,16,aug,128,4,-1,0,unknown,0
35,services,married,secondary,no,2623,no,no,unknown,21,sep,62,1,-1,0,unknown,0
39,blue-collar,single,secondary,no,-183,no,no,unknown,29,may,212,2,19,0,unknown,0
36,technician,married,secondary,no,1337,no,no,unknown,27,sep,220,1,-1,0,unknown,0
56,entrepreneur,married,secondary,no,11,no,no,cellular,9,aug,377,3,-1,0,unknown,0
44,blue-collar,single,secondary,no,2399,no,no,unknown,29,jan,193,2,-1,0,unknown,0
44,admin.,married,tertiary,no,2061,no,no,cellular,12,aug,109,4,-1,1,unknown,0
47,blue-collar,single,primary,yes,839,yes,yes,cellular,31,aug,625,2,450,0,unknown,0
28,services,married,secondary,no,158,yes,no,cellular,2,jul,20,4,-1,0,failure,0
52,self-employed,single,secondary,no,1309,no,no,cellular,15,jan,426,2,373,0,other,0
40,technician,married,tertiary,no,54,yes,no,cellular,28,jun,135,3,536,0,failure,0
48,blue-collar,married,tertiary,no,116,yes,no,cellular,9,feb,51,3,-1,0,unknown,1
29,management,single,primary,no,1278,no,no,cellular,28,jun,33,1,-1,0,unknown,0
23,management,single,secondary,no,6904,no,yes,cellular,16,nov,64,2,-1,0,unknown,0
49,blue-collar,married,primary,no,3125,yes,no,telephone,30,feb,33,5,-1,0,success,1
45,management,married,tertiary,no,1148,no,no,unknown,17,feb,158,5,-1,0,unknown,0
31,services,married,tertiary,no,960,yes,no,unknown,20,jul,111,1,-1,0,failure,0
31,management,married,secondary,yes,9442,yes,no,cellular,27,nov,113,1,-1,0,unknown,0
53,blue-collar,single,secondary,no,989,no,no,cellular,23,oct,44,3,720,0,success,0
27,blue-collar,single,secondary,no,617,no,no,cellular,4,jan,278,3,-1,0,unknown,0
59,retired,married,secondary,no,3404,yes,no,cellular,8,may,241,1,-1,0,unknown,0
31,entrepreneur,married,secondary,no,200,yes,no,unknown,7,jan,1040,1,-1,1,unknown,0
48,services,single,primary,no,-46,yes,no,cellular,6,sep,47,3,-1,1,unknown,0
37,blue-collar,married,tertiary,no,1308,no,no,unknown,5,may,463,2,-1,1,unknown,0
47,blue-collar,single,tertiary,no,-48,no,no,telephone,10,may,8,3,552,0,failure,0
35,management,married,tertiary,no,500,yes,no,cellular,3,apr,19,4,-1,0,failure,0
39,blue-collar,single,secondary,no,626,yes,no,unknown,24,mar,269,3,-1,0,unknown,0
41,admin.,married,unknown,no,989,no,no,cellular,20,aug,134,4,-1,1,unknown,0
29,blue-collar,single,tertiary,no,6979,no,no,cellular,24,jul,67,2,-1,0,unknown,0
49,services,married,secondary,no,174,no,no,unknown,17,sep,0,1,-1,0,success,1
35,blue-collar,married,secondary,no,506,yes,no,cellular,16,jun,280,2,416,0,unknown,0
38,management,single,tertiary,no,12,no,no,cellular,11,jan,149,7,714,0,unknown,0
30,management,married,tertiary,no,1203,yes,no,cellular,13,may,48,1,-1,0,unknown,0
18,technician,married,secondary,no,1751,yes,no,telephone,18,may,924,2,-1,0,unknown,0
38,retired,married,primary,yes,786,yes,no,cellular,14,jul,111,3,-1,0,unknown,0
67,admin.,married,tertiary,no,223,yes,no,unknown,2,oct,93,1,-1,0,unknown,0
49,technician,divorced,tertiary,yes,1254,no,no,cellular,12,jan,184,3,-1,0,failure,0
40,blue-collar,single,secondary,no,962,no,no,cellular,22,jan,83,1,-1,0,unknown,0
38,blue-collar,married,secondary,no,81,no,no,cellular,21,jun,82,1,-1,0,unknown,0
41,blue-collar,single,primary,no,580,yes,no,cellular,29,jun,874,2,-1,0,success,0
47,technician,married,primary,no,656,yes,no,cellular,26,sep,78,1,-1,0,unknown,0
28,management,divorced,secondary,no,5878,yes,no,unknown,10,mar,239,3,-1,0,unknown,0
53,management,married,secondary,no,2638,no,no,telephone,29,dec,9,5,-1,1,unknown,0
48,management,married,secondary,no,1788,no,no,unknown,7,may,43,2,-1,0,failure,0
48,management,married,secondary,no,3094,yes,no,cellular,2,may,5,6,-1,0,unknown,0
45,management,married,tertiary,no,1794,yes,no,cellular,25,jan,197,6,-1,0,unknown,0
41,unknown,married,unknown,no,3305,yes,no,cellular,18,jun,174,1,-1,0,unknown,1
48,technician,married,secondary,no,-115,no,no,cellular,17,apr,103,2,-1,0,success,0
47,housemaid,single,secondary,no,713,yes,no,telephone,16,dec,310,10,-1,0,unknown,0
37,management,married,primary,no,1860,yes,no,cellular,30,jun,253,1,-1,0,unknown,0
34,technician,divorced,secondary,no,1113,yes,no,telephone,2,aug,236,2,-1,0,unknown,0
42,technician,married,unknown,no,88,yes,no,cellular,11,aug,105,2,-1,0,unknown,0
58,management,single,tertiary,no,424,yes,no,cellular,19,mar,102,4,-1,0,unknown,1
27,services,divorced,primary,no,373,no,no,unknown,31,sep,533,1,-1,0,unknown,0
24,management,single,secondary,no,254,no,no,unknown,31,nov,202,1,228,0,failure,1
42,self-employed,single,secondary,no,430,yes,no,unknown,30,apr,81,1,865,1,unknown,0
41,services,single,secondary,no,884,yes,no,unknown,22,jan,202,1,-1,0,unknown,0
42,blue-collar,married,secondary,no,2695,no,no,telephone,7,sep,80,1,-1,0,unknown,0
43,blue-collar,single,secondary,no,1832,no,yes,unknown,27,may,52,2,-1,0,unknown,0
38,unknown,married,unknown,no,2504,yes,no,telephone,22,aug,85,3,-1,0,unknown,0
57,entrepreneur,married,primary,no,3026,no,yes,unknown,17,jul,255,1,-1,0,unknown,1
23,unknown,married,tertiary,no,607,no,no,cellular,15,may,187,2,-1,0,unknown,1
31,management,single,secondary,no,437,yes,no,unknown,9,aug,46,4,-1,0,unknown,0
39,management,married,tertiary,no,-110,no,no,cellular,12,jan,615,2,-1,0,unknown,0
22,blue-collar,married,tertiary,no,3799,no,no,cellular,8,nov,177,2,-1,0,unknown,0
39,blue-collar,married,secondary,no,-97,no,no,cellular,28,apr,407,2,139,0,unknown,1
59,services,divorced,primary,no,1827,yes,no,unknown,2,may,103,4,-1,0,unknown,0
41,management,married,secondary,no,512,yes,no,cellular,17,apr,815,1,-1,0,unknown,0
43,admin.,married,secondary,no,4257,yes,no,unknown,16,jun,359,8,-1,0,failure,0
27,technician,married,secondary,no,616,no,no,cellular,23,sep,156,5,-1,1,unknown,0
34,entrepreneur,divorced,tertiary,no,2344,yes,no,cellular,16,dec,600,2,-1,0,unknown,1
36,technician,divorced,tertiary,no,298,yes,no,cellular,3,jan,326,2,-1,0,unknown,0
37,entrepreneur,single,secondary,no,333,no,no,cellular,19,oct,145,4,-1,0,unknown,0
55,management,divorced,secondary,no,1157,yes,no,cellular,16,nov,942,2,-1,0,unknown,0
47,blue-collar,married,secondary,no,9108,no,yes,telephone,31,feb,91,2,21,0,unknown,0
28,admin.,divorced,secondary,no,893,yes,no,cellular,11,jan,76,3,-1,0,unknown,0
43,blue-collar,married,secondary,no,3930,yes,no,cellular,26,jul,580,1,-1,1,unknown,0
46,blue-collar,married,secondary,no,2114,yes,no,cellular,9,feb,317,2,-1,0,unknown,0
53,services,married,secondary,no,2183,no,no,unknown,14,sep,109,1,-1,0,unknown,1
58,retired,married,primary,no,658,no,yes,cellular,2,aug,68,1,-1,0,unknown,0
29,blue-collar,single,tertiary,no,532,yes,no,cellular,30,oct,50,2,-1,0,unknown,0
32,technician,married,tertiary,no,119,no,no,cellular,13,jan,97,1,-1,0,unknown,0
27,services,divorced,secondary,no,4783,no,no,unknown,5,mar,34,1,-1,0,unknown,0
38,blue-collar,married,secondary,no,4605,yes,yes,cellular,20,jun,40,2,-1,0,success,0
46,technician,married,secondary,no,1861,yes,no,cellular,14,nov,386,1,-1,0,unknown,0
51,technician,married,secondary,no,327,yes,no,telephone,1,mar,16,1,-1,0,unknown,0
40,admin.,single,secondary,yes,221,no,no,unknown,6,sep,149,1,-1,1,unknown,0
37,management,single,primary,no,6512,no,no,cellular,22,dec,133,2,-1,0,unknown,0
42,student,married,primary,no,-96,yes,yes,cellular,11,oct,831,1,635,0,unknown,0
31,management,married,secondary,no,2582,yes,no,cellular,17,oct,161,3,-1,0,unknown,1
63,admin.,married,secondary,no,458,yes,no,unknown,23,feb,45,2,-1,0,failure,0
23,entrepreneur,single,unknown,no,614,yes,no,cellular,22,jun,23,1,-1,0,unknown,0
43,blue-collar,divorced,secondary,no,2475,yes,yes,cellular,14,feb,340,1,-1,0,unknown,0
63,services,married,tertiary,no,-57,yes,no,cellular,14,mar,41,5,-1,0,unknown,0
41,blue-collar,divorced,unknown,no,455,yes,no,unknown,20,dec,717,1,-1,1,unknown,0
38,blue-collar,married,unknown,no,4355,no,yes,telephone,7,oct,211,3,-1,0,unknown,0
37,management,married,secondary,no,1601,yes,no,telephone,19,dec,132,1,-1,0,unknown,0
39,management,divorced,secondary,no,1909,yes,no,cellular,26,sep,297,1,-1,1,unknown,0
56,technician,married,secondary,no,1925,yes,no,cellular,27,sep,57,1,-1,0,unknown,0
18,retired,married,primary,no,-106,yes,no,cellular,22,feb,124,2,-1,0,unknown,0
57,management,married,primary,no,140,no,no,cellular,6,aug,8,2,-1,0,unknown,0
25,management,married,tertiary,no,813,no,yes,unknown,31,mar,542,3,-1,0,unknown,1
38,blue-collar,single,tertiary,no,488,yes,no,cellular,13,feb,142,5,-1,0,unknown,0
36,unknown,single,tertiary,no,593,yes,no,cellular,10,nov,366,2,-1,0,failure,0
47,admin.,divorced,tertiary,no,2081,yes,yes,unknown,22,oct,641,6,-1,0,success,0
23,management,married,primary,no,-177,yes,yes,cellular,31,aug,272,1,-1,0,failure,0
46,management,married,tertiary,no,1420,no,no,telephone,19,mar,121,1,-1,0,unknown,0
63,self-employed,married,tertiary,no,-199,yes,no,telephone,31,aug,249,4,-1,1,failure,0
26,technician,married,secondary,no,-102,no,no,unknown,10,jun,115,2,-1,0,unknown,0
43,services,divorced,tertiary,no,587,no,no,unknown,5,jan,216,2,-1,0,unknown,0
33,services,single,secondary,no,2557,yes,yes,telephone,13,feb,146,2,-1,0,unknown,0
45,admin.,married,secondary,no,34,yes,no,cellular,17,feb,41,1,-1,0,unknown,0
41,management,single,primary,no,1013,no,no,cellular,22,jul,390,1,-1,1,unknown,1
33,admin.,single,tertiary,no,1502,yes,no,unknown,23,jun,176,1,-1,0,unknown,0
46,admin.,married,primary,no,191,yes,yes,cellular,5,feb,54,1,-1,0,success,1
60,blue-collar,single,secondary,no,877,yes,no,unknown,21,jan,573,1,-1,1,failure,0
38,technician,married,tertiary,no,3435,no,no,cellular,29,may,495,1,-1,0,unknown,0
48,technician,married,secondary,no,876,yes,no,cellular,22,nov,211,2,846,0,unknown,0
26,management,married,primary,no,56,no,no,cellular,7,feb,907,1,660,0,unknown,0
30,blue-collar,married,secondary,no,1282,no,no,cellular,20,oct,675,2,-1,0,unknown,0
46,blue-collar,married,tertiary,no,1145,no,no,unknown,7,oct,586,1,-1,0,unknown,0
57,technician,married,tertiary,no,-159,yes,yes,unknown,15,jun,36,1,-1,0,success,0
44,blue-collar,married,secondary,no,-57,no,no,cellular,15,feb,90,6,-1,0,failure,0
37,technician,single,unknown,yes,55,yes,no,telephone,21,nov,136,1,270,0,failure,0
40,unknown,divorced,primary,no,19,yes,no,cellular,23,sep,460,5,-1,0,unknown,1
27,services,single,secondary,no,250,no,no,unknown,1,dec,528,3,-1,0,unknown,0
47,management,married,secondary,no,707,yes,no,unknown,26,may,359,5,-1,0,unknown,0
50,entrepreneur,married,secondary,no,497,no,no,cellular,12,jul,164,4,-1,0,unknown,0
36,management,married,secondary,no,3119,yes,no,cellular,2,apr,45,4,-1,0,unknown,0
35,unknown,married,primary,no,1220,no,no,cellular,18,dec,9,1,-1,0,failure,0
43,admin.,married,unknown,no,2932,yes,no,unknown,15,feb,310,4,-1,0,unknown,0
36,self-employed,single,secondary,no,923,no,no,telephone,7,mar,1326,2,-1,0,failure,0
40,technician,single,secondary,no,-58,yes,yes,unknown,9,may,109,1,103,0,unknown,0
64,unemployed,single,tertiary,no,733,yes,yes,unknown,23,jan,216,1,-1,0,unknown,0
38,management,married,secondary,no,2389,no,no,cellular,28,dec,429,1,-1,1,unknown,0
37,blue-collar,married,secondary,no,123,no,no,unknown,22,apr,53,3,-1,0,unknown,0
33,management,single,secondary,no,-56,yes,no,cellular,3,apr,456,3,-1,0,unknown,0
49,services,married,tertiary,no,399,yes,no,cellular,21,feb,253,1,-1,0,unknown,0
39,blue-collar,married,tertiary,no,538,yes,no,unknown,10,sep,217,1,-1,1,unknown,0
33,retired,married,tertiary,no,348,yes,no,cellular,2,jun,370,1,-1,0,unknown,0
55,services,married,secondary,no,17,yes,no,cellular,25,sep,71,1,649,0,unknown,0
56,management,married,primary,no,233,no,yes,cellular,22,jun,246,1,563,0,failure,0
34,management,single,tertiary,no,1519,yes,no,cellular,25,feb,70,1,-1,0,failure,0
20,services,single,primary,no,531,yes,no,unknown,25,jan,51,2,-1,0,unknown,1
52,technician,married,secondary,no,1301,no,no,unknown,12,apr,251,2,137,0,unknown,0
33,management,married,primary,no,952,yes,no,cellular,7,jan,80,1,-1,0,unknown,0
49,blue-collar,single,primary,no,994,no,no,cellular,30,aug,323,4,-1,1,unknown,0
19,blue-collar,married,secondary,no,228,no,no,telephone,31,nov,186,1,-1,0,unknown,0
50,management,married,secondary,no,905,no,yes,cellular,31,jan,306,2,-1,0,unknown,0
27,technician,married,primary,no,-164,no,no,cellular,5,may,573,1,-1,2,failure,0
49,management,married,tertiary,no,647,no,no,telephone,4,sep,38,2,-1,0,unknown,0
41,blue-collar,single,primary,no,1075,yes,no,telephone,1,jan,17,1,-1,0,unknown,0
30,services,single,tertiary,no,101,yes,no,cellular,15,apr,131,3,-1,0,unknown,0
36,housemaid,married,tertiary,no,244,no,no,unknown,9,aug,325,2,-1,0,unknown,0
48,unknown,married,secondary,no,171,yes,no,cellular,6,aug,560,2,-1,0,success,0
42,management,married,secondary,no,-90,yes,yes,cellular,14,jan,9,1,-1,0,unknown,0
47,services,married,unknown,no,441,no,no,telephone,31,aug,406,2,-1,0,unknown,0
62,blue-collar,divorced,secondary,no,5592,no,no,cellular,2,nov,20,5,-1,0,other,0
23,management,single,secondary,no,455,yes,yes,cellular,12,dec,224,1,-1,0,unknown,0
58,self-employed,married,tertiary,no,725,no,no,unknown,23,mar,108,3,-1,1,failure,0
42,admin.,single,tertiary,no,1388,no,no,unknown,28,nov,4,1,-1,1,unknown,0
31,admin.,single,secondary,no,1368,no,no,cellular,6,jul,26,1,681,1,unknown,0
26,retired,single,secondary,no,4290,no,no,unknown,13,oct,112,3,-1,0,unknown,0
38,management,married,secondary,no,2723,yes,no,cellular,4,nov,793,2,-1,0,unknown,0
51,technician,married,secondary,no,2169,no,no,cellular,22,jan,43,3,-1,0,unknown,0
39,retired,single,tertiary,no,4343,no,no,cellular,16,may,81,7,-1,0,unknown,0
57,technician,married,secondary,no,193,no,yes,cellular,29,apr,1325,7,-1,0,unknown,0
25,blue-collar,divorced,primary,no,1239,no,no,cellular,11,apr,169,5,-1,0,unknown,0
40,admin.,single,primary,no,3073,yes,yes,unknown,6,dec,78,2,-1,0,unknown,1
27,admin.,divorced,tertiary,no,1267,yes,no,cellular,5,may,246,1,-1,0,failure,0
44,blue-collar,married,secondary,no,5486,yes,no,cellular,1,mar,147,1,-1,0,unknown,0
50,admin.,single,tertiary,no,-41,no,no,telephone,19,jul,504,2,-1,0,unknown,0
36,services,married,secondary,no,667,no,yes,cellular,7,feb,2,2,-1,0,unknown,0
18,unknown,divorced,secondary,no,5482,yes,no,telephone,18,jan,1480,11,-1,0,unknown,0
43,technician,married,primary,no,516,no,no,cellular,10,jun,17,2,-1,3,unknown,0
45,technician,married,secondary,no,1818,no,no,cellular,10,dec,198,1,-1,1,unknown,0
45,technician,single,primary,no,-153,yes,yes,telephone,17,jan,308,2,-1,0,unknown,0
54,management,married,secondary,no,1580,yes,no,cellular,24,nov,205,1,-1,1,unknown,1
29,technician,married,secondary,no,3891,yes,no,cellular,7,jul,92,1,-1,0,unknown,0
48,management,divorced,unknown,no,523,no,no,cellular,22,aug,498,3,-1,0,failure,1
54,blue-collar,married,tertiary,no,-167,no,no,cellular,26,feb,145,1,-1,0,unknown,0
21,services,single,secondary,no,-157,yes,no,telephone,21,apr,92,3,-1,0,unknown,0
44,management,married,tertiary,no,3138,yes,no,cellular,22,jul,377,1,166,0,unknown,0
35,admin.,single,secondary,no,1722,no,no,cellular,1,nov,40,2,-1,0,unknown,0
40,retired,single,tertiary,no,-30,no,no,cellular,12,jun,59,3,-1,0,failure,0
44,management,married,secondary,no,-115,no,no,cellular,25,feb,75,3,-1,0,unknown,0
35,self-employed,married,tertiary,no,2250,yes,yes,unknown,31,apr,147,5,52,0,unknown,0
33,blue-collar,married,tertiary,no,2289,yes,no,unknown,17,mar,5,1,321,0,failure,0
41,technician,married,primary,no,-7,no,no,cellular,16,sep,1238,3,-1,0,unknown,1
29,admin.,married,tertiary,no,338,yes,no,cellular,20,jun,236,1,-1,2,unknown,0
29,technician,single,secondary,no,2071,yes,no,cellular,15,dec,910,4,-1,2,unknown,0
48,retired,married,tertiary,yes,917,no,no,cellular,29,feb,425,5,-1,0,success,0
28,management,married,secondary,no,4505,no,no,cellular,19,feb,37,3,-1,0,unknown,0
48,services,single,secondary,no,783,no,no,cellular,20,mar,60,1,-1,0,unknown,0
46,blue-collar,married,secondary,no,1494,no,no,telephone,17,may,9,1,308,0,unknown,0
22,unknown,married,tertiary,no,869,yes,yes,cellular,26,dec,462,2,-1,0,unknown,0
33,technician,married,secondary,no,4096,yes,no,unknown,4,jun,232,1,-1,0,unknown,0
54,retired,married,secondary,no,562,yes,yes,cellular,4,may,62,2,-1,0,unknown,0
30,admin.,single,primary,no,191,no,no,telephone,3,dec,905,1,-1,0,unknown,1
35,blue-collar,single,tertiary,no,393,yes,yes,unknown,8,jan,344,1,-1,0,unknown,1
46,blue-collar,married,secondary,no,2673,no,no,cellular,23,jan,315,4,-1,0,unknown,0
49,blue-collar,married,secondary,no,833,yes,no,unknown,9,jul,80,4,-1,1,unknown,0
38,services,married,tertiary,no,456,yes,no,cellular,2,oct,96,4,-1,0,unknown,0
34,blue-collar,married,primary,no,978,yes,no,unknown,26,jul,284,1,-1,0,unknown,0
56,services,divorced,secondary,no,14,no,no,unknown,19,oct,232,2,-1,0,failure,0
60,admin.,married,primary,yes,-191,yes,no,cellular,22,jun,268,1,-1,0,unknown,0
51,blue-collar,married,tertiary,no,293,no,no,unknown,18,sep,544,3,-1,0,unknown,0
41,technician,married,tertiary,no,1193,yes,no,cellular,16,feb,45,4,-1,0,unknown,0
32,entrepreneur,single,unknown,no,1665,no,no,cellular,29,jan,31,2,-1,0,unknown,0
31,admin.,single,tertiary,no,2428,no,no,cellular,28,nov,214,2,-1,0,failure,1
46,technician,single,primary,no,3719,yes,no,cellular,28,jun,178,3,-1,0,unknown,0
45,blue-collar,single,secondary,no,596,no,no,cellular,18,jun,133,1,-1,0,unknown,0
56,admin.,married,tertiary,no,1823,yes,no,cellular,26,sep,606,1,69,0,unknown,0
48,technician,married,tertiary,no,-83,no,no,unknown,18,nov,210,1,-1,0,unknown,0
24,unknown,married,secondary,no,-111,no,no,cellular,12,oct,216,2,-1,1,unknown,0
52,technician,single,tertiary,no,0,yes,no,unknown,2,jan,117,8,-1,0,unknown,0
30,management,single,secondary,no,692,yes,no,cellular,29,nov,108,4,-1,0,unknown,0
36,admin.,married,secondary,no,156,yes,no,cellular,21,jan,1132,1,-1,0,unknown,0
43,management,single,secondary,no,307,no,no,telephone,28,dec,251,1,306,0,unknown,0
62,technician,single,tertiary,no,1365,yes,no,unknown,30,dec,449,2,268,0,unknown,0
75,services,divorced,primary,no,465,no,no,unknown,1,oct,153,8,138,1,unknown,1
47,technician,married,secondary,no,1022,no,no,cellular,23,dec,54,1,-1,0,unknown,0
38,housemaid,single,tertiary,no,597,no,no,cellular,16,jun,101,7,-1,0,unknown,0
46,housemaid,married,secondary,no,77,yes,no,cellular,17,may,109,1,-1,0,unknown,0
50,technician,single,primary,no,-84,yes,no,cellular,1,nov,214,5,-1,0,unknown,0
37,management,divorced,tertiary,no,204,yes,no,cellular,21,jun,43,4,-1,0,success,0
60,retired,married,tertiary,no,-110,yes,no,cellular,23,jun,126,5,-1,0,unknown,0
43,blue-collar,single,tertiary,no,1245,yes,yes,cellular,3,apr,27,5,788,0,unknown,0
46,management,single,secondary,no,2182,yes,no,telephone,23,oct,177,1,-1,0,unknown,1
48,retired,married,tertiary,no,422,no,no,telephone,25,aug,759,3,-1,2,unknown,0
45,management,married,unknown,no,534,yes,no,cellular,27,may,106,3,-1,3,unknown,0
50,services,married,secondary,no,2340,yes,no,cellular,20,jun,13,5,-1,0,unknown,0
34,management,divorced,tertiary,no,177,yes,no,cellular,31,feb,242,2,-1,0,unknown,0
34,management,single,unknown,no,-9,yes,no,cellular,16,jan,259,2,-1,0,unknown,0
28,management,married,secondary,no,843,yes,no,unknown,21,aug,168,3,-1,0,unknown,0
45,unemployed,married,primary,no,1358,yes,no,telephone,14,jun,130,1,-1,0,unknown,0
49,retired,married,primary,no,1173,no,no,telephone,16,sep,575,4,-1,0,failure,0
46,admin.,married,tertiary,no,1676,yes,no,cellular,24,may,719,1,855,0,unknown,0
59,entrepreneur,married,secondary,yes,-112,no,no,unknown,9,aug,288,1,254,1,unknown,0
40,technician,married,secondary,no,638,yes,no,cellular,21,jul,179,2,785,0,unknown,0
48,technician,married,secondary,no,208,no,no,unknown,28,nov,18,4,654,0,unknown,0
28,blue-collar,married,primary,no,1935,no,no,cellular,21,oct,92,3,-1,0,unknown,0
36,blue-collar,single,primary,no,2892,no,no,cellular,2,jan,86,9,-1,0,unknown,0
48,unknown,divorced,tertiary,no,295,no,yes,cellular,25,jul,15,1,698,0,unknown,0
50,technician,single,secondary,no,-49,yes,no,cellular,13,apr,478,1,-1,1,unknown,0
37,self-employed,single,secondary,no,238,yes,no,cellular,22,jun,520,1,-1,0,unknown,0
40,management,married,tertiary,no,-35,yes,no,unknown,5,sep,628,1,-1,0,unknown,0
24,unemployed,married,tertiary,no,383,yes,no,cellular,21,sep,349,1,-1,0,unknown,0
37,management,married,primary,no,958,yes,no,cellular,20,sep,319,1,674,0,unknown,0
50,blue-collar,single,tertiary,no,5256,no,no,unknown,17,may,167,2,-1,0,unknown,0
47,technician,divorced,primary,no,564,yes,yes,cellular,6,apr,502,4,-1,0,unknown,0
46,blue-collar,single,tertiary,no,172,yes,no,cellular,17,jun,184,3,-1,0,unknown,0
41,blue-collar,divorced,tertiary,no,73,yes,yes,unknown,26,oct,7,2,-1,0,unknown,0
41,blue-collar,single,secondary,no,84,no,no,cellular,2,may,226,1,-1,0,unknown,0
33,blue-collar,married,primary,no,120,no,no,cellular,7,dec,127,1,601,0,success,0
48,admin.,married,tertiary,no,1954,yes,no,unknown,29,oct,190,1,-1,0,unknown,0
45,retired,married,secondary,yes,-105,yes,no,cellular,17,may,149,1,-1,0,unknown,1
46,services,married,secondary,no,8729,yes,no,telephone,24,aug,177,1,-1,0,unknown,0
35,technician,single,secondary,no,909,no,no,cellular,8,oct,29,1,360,0,unknown,0
18,blue-collar,married,tertiary,no,978,yes,no,cellular,23,may,3,12,-1,0,success,0
53,blue-collar,married,secondary,no,463,no,no,cellular,23,jan,107,2,-1,0,unknown,0
35,technician,married,secondary,no,1558,yes,yes,unknown,1,may,75,1,22,0,unknown,1
31,blue-collar,married,tertiary,no,756,yes,yes,unknown,29,may,74,2,-1,0,success,0
48,technician,married,secondary,no,398,no,no,cellular,19,may,713,1,-1,0,unknown,0
36,management,married,primary,no,262,no,no,cellular,25,dec,440,1,-1,0,unknown,0
52,technician,married,secondary,no,3698,no,no,cellular,5,mar,3,1,-1,0,unknown,0
47,management,single,tertiary,no,315,yes,no,cellular,5,dec,2,1,494,0,unknown,0
48,retired,married,secondary,no,660,no,yes,unknown,23,dec,387,2,-1,0,unknown,1
25,retired,single,secondary,no,446,yes,no,unknown,27,sep,1081,2,-1,0,failure,0
54,unemployed,divorced,secondary,no,-64,yes,yes,telephone,26,may,161,1,-1,0,unknown,0
43,admin.,single,primary,no,108,yes,no,cellular,24,dec,146,4,-1,0,unknown,0
36,management,divorced,tertiary,no,115,yes,no,cellular,22,feb,83,1,-1,0,failure,1
42,services,married,secondary,no,1574,no,no,cellular,21,may,283,3,-1,1,other,0
21,services,married,tertiary,no,582,yes,no,cellular,1,sep,164,1,-1,1,unknown,0
45,blue-collar,married,secondary,no,2084,no,no,cellular,26,aug,47,1,-1,1,unknown,1
29,blue-collar,married,unknown,no,1651,yes,no,unknown,10,jun,169,1,-1,0,success,0
26,housemaid,divorced,unknown,no,119,yes,no,cellular,10,sep,121,1,609,0,unknown,0
24,blue-collar,single,tertiary,yes,1041,no,no,cellular,29,jul,569,6,-1,0,unknown,0
53,services,married,tertiary,no,1837,no,no,cellular,25,feb,380,1,-1,0,unknown,0
34,management,married,primary,no,1303,no,no,unknown,22,jan,311,2,-1,0,unknown,0
57,management,married,tertiary,no,1174,no,no,unknown,3,mar,102,3,-1,0,unknown,0
35,blue-collar,single,tertiary,no,1818,yes,no,cellular,28,nov,38,1,-1,0,unknown,1
22,blue-collar,single,unknown,no,-112,no,no,unknown,12,apr,516,1,-1,0,unknown,0
28,admin.,single,tertiary,no,1771,no,no,cellular,26,sep,108,3,-1,0,unknown,1
54,housemaid,divorced,tertiary,no,277,yes,no,cellular,31,may,231,1,-1,0,unknown,1
39,entrepreneur,married,primary,no,1072,yes,no,cellular,12,feb,230,5,-1,1,unknown,0
34,management,married,tertiary,no,216,yes,no,cellular,7,oct,679,2,-1,0,unknown,0
42,admin.,married,tertiary,no,2537,yes,no,cellular,16,may,48,2,-1,0,unknown,0
46,blue-collar,married,secondary,no,782,no,yes,telephone,20,feb,381,6,-1,0,failure,0
53,management,divorced,secondary,no,1344,yes,no,cellular,29,sep,160,4,-1,0,unknown,0
56,blue-collar,married,secondary,no,2170,no,no,cellular,3,jun,49,4,-1,0,unknown,0
37,admin.,single,secondary,no,3185,yes,yes,cellular,28,dec,465,2,53,0,unknown,0
26,admin.,married,secondary,no,1775,yes,no,unknown,7,dec,442,1,-1,0,unknown,0
36,blue-collar,married,unknown,no,41,no,no,telephone,22,dec,10,4,-1,0,unknown,0
43,technician,married,tertiary,no,2691,yes,no,cellular,14,may,318,1,-1,0,success,0
30,housemaid,married,tertiary,no,1245,yes,yes,cellular,27,feb,43,5,-1,0,failure,1
30,retired,single,secondary,no,1210,no,no,cellular,4,jul,243,3,-1,0,unknown,0
44,entrepreneur,married,primary,no,3613,no,no,cellular,30,jul,266,4,-1,0,failure,0
40,technician,single,tertiary,no,229,no,no,cellular,10,feb,282,1,26,0,unknown,0
41,admin.,single,tertiary,no,210,yes,no,cellular,24,oct,33,1,-1,0,unknown,0
32,technician,married,secondary,no,879,yes,no,unknown,2,jun,235,3,-1,0,unknown,0
38,management,single,tertiary,no,1884,no,no,cellular,22,oct,27,8,645,0,unknown,0
30,blue-collar,married,tertiary,no,689,no,no,unknown,16,oct,353,4,-1,0,unknown,0
50,technician,single,tertiary,yes,1307,yes,yes,telephone,3,mar,16,4,-1,0,unknown,0
52,unknown,single,primary,no,703,no,no,cellular,15,aug,365,2,-1,0,unknown,0
20,management,divorced,primary,no,1213,yes,no,cellular,8,may,554,1,-1,0,unknown,0
30,unknown,married,unknown,no,2391,yes,no,cellular,16,aug,91,4,-1,0,unknown,0
24,technician,married,tertiary,no,98,yes,no,telephone,11,jul,388,1,471,0,unknown,0
33,management,married,unknown,no,1583,yes,yes,cellular,24,nov,139,1,369,2,unknown,0
40,management,married,primary,no,2122,yes,yes,cellular,11,aug,412,3,-1,0,unknown,0
25,self-employed,single,secondary,no,688,no,no,cellular,11,dec,299,3,-1,0,failure,0
30,services,divorced,secondary,no,385,yes,yes,cellular,1,jan,88,1,-1,0,success,0
29,technician,married,secondary,no,-179,no,no,cellular,2,jun,55,1,-1,0,failure,0
43,admin.,married,secondary,no,2192,no,no,cellular,20,nov,635,4,-1,0,unknown,0
41,blue-collar,married,secondary,no,396,no,no,cellular,1,dec,471,6,-1,0,unknown,0
33,housemaid,married,secondary,no,463,yes,yes,unknown,19,mar,278,1,-1,0,unknown,0
42,technician,married,tertiary,no,414,yes,yes,cellular,20,may,110,3,781,1,failure,0
34,retired,married,secondary,no,835,no,no,cellular,10,feb,184,2,-1,0,unknown,0
38,management,single,secondary,no,1618,yes,no,cellular,19,nov,210,1,-1,1,unknown,0
59,entrepreneur,married,tertiary,no,2016,no,no,cellular,21,apr,23,5,336,0,unknown,0
55,unemployed,married,primary,no,547,yes,no,cellular,11,jun,924,2,-1,0,unknown,0
26,blue-collar,single,unknown,no,1431,yes,no,cellular,12,jan,24,3,-1,0,unknown,0
50,technician,married,tertiary,no,1713,no,yes,unknown,10,feb,329,2,-1,0,unknown,1
49,management,single,secondary,no,328,no,no,cellular,7,feb,175,3,661,0,unknown,1
28,retired,single,secondary,no,-47,yes,no,cellular,24,sep,368,2,-1,0,unknown,0
50,unknown,single,secondary,no,3175,yes,no,cellular,8,nov,78,2,-1,1,unknown,0
57,technician,married,secondary,no,1495,no,no,cellular,11,dec,129,4,-1,2,unknown,1
28,unemployed,married,secondary,no,1366,yes,no,cellular,18,may,192,1,-1,0,unknown,0
30,management,single,unknown,no,-108,yes,no,cellular,16,may,33,3,731,0,other,0
52,technician,single,secondary,no,2354,yes,no,cellular,1,jun,492,1,-1,0,unknown,0
43,self-employed,married,secondary,no,1052,yes,no,cellular,29,oct,1231,1,-1,0,unknown,0
47,technician,married,secondary,no,2624,no,yes,cellular,30,mar,139,5,-1,0,unknown,0
44,technician,married,tertiary,no,5307,yes,yes,cellular,6,sep,122,2,-1,0,unknown,0
45,blue-collar,married,secondary,no,4523,no,no,telephone,17,mar,232,3,-1,0,failure,0
26,admin.,married,secondary,no,2707,no,no,unknown,22,apr,301,3,339,0,unknown,0
52,management,married,secondary,no,-183,no,no,cellular,13,dec,523,4,-1,0,unknown,0
53,self-employed,married,secondary,no,3053,yes,yes,telephone,23,sep,120,1,-1,0,unknown,0
38,admin.,single,secondary,no,-82,yes,yes,cellular,25,oct,373,3,-1,0,other,0
40,management,married,tertiary,no,2657,no,no,unknown,10,aug,70,3,613,0,unknown,0
24,admin.,single,secondary,no,293,yes,no,cellular,31,jun,294,1,-1,0,unknown,0
46,entrepreneur,single,tertiary,no,1212,no,no,cellular,10,aug,162,1,202,0,unknown,0
47,entrepreneur,married,tertiary,no,-141,yes,no,cellular,1,jan,279,1,-1,0,unknown,0
40,admin.,single,tertiary,no,2012,no,no,cellular,7,apr,123,1,25,1,unknown,0
53,unemployed,single,secondary,no,-22,no,no,cellular,20,oct,89,4,-1,0,unknown,0
37,management,married,secondary,no,593,yes,yes,cellular,9,nov,171,3,-1,0,failure,0
47,blue-collar,married,secondary,no,2351,yes,yes,cellular,11,apr,581,2,-1,0,unknown,0
29,blue-collar,married,tertiary,no,1582,yes,no,unknown,20,feb,289,1,-1,0,unknown,0
40,technician,divorced,tertiary,no,-190,yes,yes,unknown,2,feb,244,1,168,0,unknown,0
39,technician,single,secondary,no,573,yes,no,telephone,1,nov,328,2,-1,0,unknown,0
43,management,married,tertiary,no,-135,no,no,cellular,23,oct,336,5,-1,0,unknown,0
36,retired,single,primary,no,1478,yes,yes,unknown,12,sep,90,3,-1,1,other,0
39,blue-collar,married,tertiary,no,5008,yes,no,unknown,7,jun,68,5,-1,1,unknown,0
50,management,married,secondary,no,1397,yes,no,unknown,19,jul,183,2,-1,2,unknown,0
36,admin.,single,tertiary,no,181,yes,no,cellular,5,nov,41,1,165,0,unknown,0
23,admin.,married,secondary,no,458,yes,no,cellular,26,nov,166,1,-1,0,unknown,0
60,blue-collar,single,tertiary,no,5435,no,no,cellular,12,apr,304,6,-1,0,unknown,0
56,technician,single,secondary,no,180,no,no,unknown,14,mar,1,2,-1,0,unknown,1
26,unknown,single,secondary,no,1036,yes,yes,cellular,28,mar,30,4,262,0,failure,0
48,technician,married,primary,no,567,yes,no,cellular,7,may,844,3,506,0,unknown,0
35,technician,single,tertiary,no,1993,no,no,cellular,8,nov,678,4,-1,0,unknown,0
43,admin.,divorced,secondary,no,2830,yes,no,cellular,14,jun,139,1,-1,0,unknown,0
44,management,married,secondary,no,425,yes,no,unknown,12,feb,230,3,-1,1,unknown,0
38,management,married,tertiary,no,1419,no,no,cellular,9,jul,43,3,559,0,unknown,0
32,management,married,primary,no,994,yes,no,cellular,10,jul,103,2,-1,0,unknown,1
33,management,single,tertiary,no,289,yes,no,unknown,10,jan,406,4,-1,0,unknown,0
30,management,single,unknown,no,276,no,yes,cellular,1,dec,499,9,-1,0,failure,0
31,student,married,secondary,no,960,yes,no,unknown,25,jul,134,1,-1,0,unknown,0
40,technician,single,tertiary,no,50,no,no,cellular,22,apr,96,2,-1,1,other,0
33,management,married,tertiary,no,2297,yes,yes,telephone,6,apr,295,3,-1,0,failure,1
48,technician,single,tertiary,no,-92,no,no,cellular,14,mar,326,3,-1,0,failure,0
57,self-employed,married,secondary,no,-50,yes,no,cellular,23,sep,1063,2,-1,0,unknown,0
34,blue-collar,married,tertiary,no,428,yes,no,cellular,9,mar,308,4,-1,0,success,0
43,technician,married,tertiary,no,-11,no,no,unknown,23,apr,70,3,-1,1,failure,0
46,services,married,tertiary,no,768,no,no,cellular,23,mar,15,2,-1,0,unknown,0
46,entrepreneur,single,tertiary,no,565,yes,yes,cellular,27,aug,76,1,-1,0,failure,0
41,technician,married,tertiary,yes,1719,no,yes,unknown,12,aug,66,1,-1,1,unknown,0
49,management,married,tertiary,no,4386,yes,yes,cellular,19,oct,25,9,-1,0,unknown,0
46,technician,married,secondary,no,1900,no,no,cellular,26,aug,151,5,-1,1,unknown,0
27,technician,married,secondary,no,96,no,no,telephone,25,may,87,3,-1,0,unknown,0
50,retired,single,tertiary,no,3912,yes,no,cellular,20,jul,668,4,-1,0,unknown,0
50,technician,single,unknown,no,546,yes,no,cellular,22,dec,133,1,-1,0,unknown,1
32,blue-collar,married,secondary,no,764,yes,no,unknown,29,mar,539,1,-1,0,unknown,0
41,management,married,tertiary,no,621,no,yes,cellular,23,aug,94,5,26,0,unknown,0
48,management,married,secondary,no,293,yes,no,cellular,28,oct,459,2,30,0,failure,0
38,entrepreneur,divorced,secondary,no,3181,no,no,telephone,29,feb,156,2,-1,0,unknown,0
52,self-employed,divorced,secondary,no,405,yes,no,cellular,12,aug,8,5,-1,0,unknown,0
67,technician,single,tertiary,no,1096,no,no,telephone,25,jun,172,2,-1,0,unknown,0
32,retired,divorced,secondary,no,211,no,yes,cellular,13,feb,66,2,-1,1,unknown,0
25,technician,single,tertiary,no,2194,no,yes,unknown,29,dec,94,1,-1,0,unknown,0
44,management,single,primary,no,2032,no,yes,cellular,26,jun,297,10,-1,0,unknown,0
48,management,married,unknown,no,327,yes,no,cellular,28,nov,194,8,-1,0,other,1
38,technician,married,secondary,no,1516,yes,no,unknown,3,oct,566,1,-1,0,unknown,0
56,management,married,tertiary,no,1625,no,no,cellular,30,feb,709,4,-1,0,unknown,0
26,management,married,secondary,no,1040,yes,no,cellular,11,mar,302,3,-1,0,unknown,1
48,admin.,single,secondary,yes,1176,no,no,unknown,2,nov,513,1,-1,0,unknown,0
34,management,married,tertiary,no,1081,no,no,cellular,18,may,55,1,-1,2,unknown,0
59,blue-collar,married,tertiary,no,-71,no,no,cellular,18,jan,21,1,-1,0,unknown,0
62,technician,married,secondary,no,1464,yes,yes,cellular,25,sep,104,1,141,0,unknown,0
32,blue-collar,married,unknown,no,751,yes,no,telephone,24,oct,101,2,86,0,unknown,0
34,blue-collar,married,primary,no,665,no,yes,cellular,25,mar,282,2,-1,0,unknown,0
50,technician,divorced,tertiary,no,2749,yes,yes,unknown,9,dec,473,12,-1,0,unknown,0
36,technician,single,tertiary,no,-164,no,no,cellular,1,jan,90,1,-1,0,unknown,0
40,admin.,single,secondary,no,234,yes,no,unknown,26,jun,142,3,-1,0,failure,0
41,services,married,tertiary,no,-5,yes,no,cellular,26,jan,28,1,-1,0,unknown,0
19,management,married,secondary,no,-146,yes,no,cellular,31,mar,137,1,-1,0,unknown,0
40,management,married,primary,no,283,no,yes,cellular,16,jul,62,5,-1,0,unknown,0
33,services,divorced,secondary,no,6495,yes,yes,cellular,25,apr,124,2,-1,0,unknown,0
35,technician,married,secondary,no,272,no,no,cellular,1,sep,79,5,-1,1,unknown,0
56,blue-collar,married,tertiary,no,1434,no,no,cellular,21,jul,426,6,-1,1,unknown,0
27,technician,single,secondary,no,-11,no,no,unknown,20,may,1,4,-1,0,unknown,0
49,management,married,secondary,no,1181,no,no,cellular,24,sep,106,1,-1,0,unknown,0
37,blue-collar,married,secondary,no,6048,yes,no,unknown,5,mar,898,7,-1,0,unknown,0
37,blue-collar,married,primary,no,317,no,yes,cellular,28,nov,293,1,-1,0,unknown,0
49,management,married,tertiary,no,2626,yes,no,telephone,25,aug,381,6,-1,0,unknown,0
44,blue-collar,married,secondary,no,8830,no,no,unknown,17,aug,507,2,138,0,unknown,0
47,admin.,married,secondary,no,1132,no,no,unknown,8,apr,115,1,-1,0,unknown,0
51,blue-collar,single,secondary,no,355,yes,yes,cellular,6,jan,17,3,-1,1,unknown,1
37,management,single,tertiary,no,1479,yes,no,telephone,1,apr,136,2,-1,1,unknown,0
34,blue-collar,married,tertiary,no,2595,no,no,cellular,13,sep,272,4,293,0,unknown,0
29,retired,single,secondary,no,81,yes,no,cellular,18,oct,119,2,-1,0,unknown,0
31,admin.,married,secondary,no,703,no,no,telephone,4,jan,153,1,-1,0,unknown,0
73,unknown,married,secondary,no,376,yes,no,cellular,15,mar,450,1,-1,1,unknown,0
54,management,married,secondary,no,299,no,yes,cellular,14,aug,9,1,-1,0,unknown,1
26,admin.,single,secondary,no,2757,yes,yes,cellular,16,mar,105,2,-1,0,unknown,0
26,retired,married,tertiary,no,621,no,yes,cellular,5,feb,172,1,-1,0,unknown,0
46,management,single,secondary,no,421,yes,no,cellular,30,jan,91,3,-1,0,failure,0
47,blue-collar,single,secondary,yes,1187,yes,no,unknown,1,sep,152,1,-1,1,unknown,0
47,technician,married,tertiary,no,171,yes,no,cellular,26,nov,132,2,-1,0,unknown,0
38,retired,single,secondary,no,191,yes,no,telephone,23,oct,664,2,-1,0,unknown,0
39,technician,divorced,tertiary,no,901,yes,no,telephone,29,mar,175,4,253,0,unknown,0
44,blue-collar,married,tertiary,yes,589,no,no,cellular,4,jul,166,4,-1,0,unknown,0
41,services,married,secondary,no,324,yes,no,telephone,30,oct,75,9,-1,0,unknown,0
18,admin.,single,primary,no,-116,no,no,telephone,30,mar,12,1,-1,0,unknown,0
38,self-employed,single,secondary,no,903,yes,no,cellular,30,aug,91,1,-1,0,unknown,0
31,housemaid,married,primary,no,2344,yes,no,cellular,17,sep,7,2,-1,0,unknown,0
42,management,married,tertiary,no,2659,yes,no,unknown,28,dec,452,5,-1,0,unknown,0
73,unknown,married,tertiary,no,202,no,no,unknown,6,aug,58,2,275,0,failure,0
45,blue-collar,married,primary,no,1173,yes,no,telephone,25,may,624,1,-1,1,unknown,0
37,services,married,primary,no,2705,yes,no,cellular,25,nov,559,3,-1,0,unknown,0
51,technician,divorced,tertiary,no,588,yes,no,cellular,27,oct,281,3,-1,0,failure,0
46,housemaid,single,tertiary,yes,3835,yes,yes,cellular,4,dec,511,3,-1,0,unknown,0
45,blue-collar,married,secondary,no,3299,yes,no,telephone,7,feb,542,2,-1,1,success,0
47,admin.,single,tertiary,no,150,yes,no,telephone,26,jun,386,2,-1,0,unknown,0
63,management,divorced,secondary,no,249,yes,yes,cellular,1,aug,182,2,-1,0,unknown,0
28,management,married,secondary,no,98,no,no,telephone,10,feb,773,2,-1,1,unknown,0
46,admin.,married,primary,no,127,yes,no,cellular,13,jun,439,1,-1,0,unknown,0
30,management,married,secondary,no,3376,yes,no,unknown,9,jul,35,1,-1,0,unknown,0
47,admin.,single,secondary,no,3813,yes,no,cellular,14,sep,140,1,-1,0,unknown,0
30,management,married,tertiary,no,-120,no,no,telephone,1,nov,200,4,-1,1,unknown,0
36,unknown,divorced,secondary,no,1150,yes,no,cellular,30,sep,194,2,-1,0,unknown,0
37,technician,married,secondary,no,1045,no,yes,cellular,9,feb,123,6,-1,2,unknown,1
51,blue-collar,married,tertiary,no,542,no,no,cellular,6,jan,195,4,-1,0,failure,0
51,retired,married,tertiary,no,1298,no,no,unknown,10,jul,25,4,-1,0,unknown,0
27,technician,married,tertiary,no,4216,yes,no,cellular,11,jun,274,1,-1,0,unknown,0
41,management,single,secondary,no,79,yes,no,cellular,7,oct,177,1,-1,1,success,0
33,management,divorced,secondary,no,-7,yes,no,unknown,20,oct,399,1,-1,0,unknown,0
27,blue-collar,married,tertiary,no,-149,no,no,cellular,25,oct,305,3,-1,1,unknown,0
38,blue-collar,divorced,secondary,no,478,no,yes,cellular,28,dec,30,2,-1,0,unknown,1
37,admin.,single,tertiary,no,417,yes,no,cellular,22,apr,111,1,310,0,unknown,0
67,blue-collar,married,primary,no,645,no,yes,cellular,12,nov,343,3,-1,0,unknown,1
45,blue-collar,single,secondary,no,849,yes,no,cellular,22,nov,105,2,-1,1,unknown,1
25,entrepreneur,married,secondary,no,1927,yes,no,cellular,12,sep,215,3,-1,2,unknown,0
34,management,married,secondary,no,546,yes,no,telephone,14,jan,838,5,-1,1,unknown,0
52,technician,married,tertiary,no,402,yes,no,cellular,10,jul,21,5,-1,0,unknown,0
63,housemaid,single,secondary,no,2430,no,no,cellular,16,may,54,1,-1,1,unknown,0
23,services,married,secondary,no,2643,no,no,cellular,22,may,169,1,-1,0,unknown,0
20,technician,single,primary,no,197,no,no,cellular,4,jun,345,2,-1,0,unknown,0
61,blue-collar,single,tertiary,no,366,yes,no,unknown,29,feb,103,1,-1,0,unknown,0
45,services,married,secondary,no,2415,no,no,unknown,23,nov,32,1,275,3,unknown,0
31,blue-collar,married,tertiary,no,-75,no,no,cellular,14,nov,97,8,-1,0,unknown,0
46,management,married,secondary,no,391,yes,no,unknown,2,mar,266,7,495,0,unknown,0
18,management,married,tertiary,no,692,yes,no,cellular,2,nov,405,1,-1,0,unknown,0
41,blue-collar,married,tertiary,no,110,no,no,unknown,29,sep,973,4,462,0,unknown,0
44,unemployed,married,secondary,no,97,no,yes,cellular,11,apr,369,1,-1,0,unknown,0
51,retired,married,primary,no,629,no,no,cellular,11,jun,174,2,-1,0,unknown,0
29,management,married,secondary,no,1906,yes,no,unknown,6,mar,89,3,-1,0,unknown,0
41,management,married,unknown,no,2551,yes,no,unknown,25,mar,677,2,-1,0,unknown,0
30,admin.,married,secondary,no,5611,no,no,cellular,3,sep,197,4,-1,0,unknown,0
43,services,single,secondary,no,-84,no,no,unknown,23,sep,301,8,-1,0,unknown,0
31,blue-collar,divorced,secondary,no,166,yes,no,telephone,9,mar,164,1,-1,0,unknown,0
36,unknown,married,secondary,no,1919,no,no,cellular,31,mar,71,6,-1,0,unknown,0
30,management,married,tertiary,no,966,no,no,cellular,28,jun,204,2,-1,0,unknown,1
48,admin.,married,tertiary,no,395,no,no,cellular,25,jan,472,2,-1,0,unknown,0
50,admin.,married,tertiary,no,145,no,no,unknown,3,may,124,1,-1,0,unknown,0
38,technician,married,secondary,no,293,yes,no,unknown,1,sep,285,4,-1,0,unknown,1
41,retired,single,secondary,no,641,no,yes,cellular,2,sep,11,3,-1,0,unknown,0
25,technician,divorced,tertiary,no,92,yes,no,telephone,15,aug,711,5,350,0,unknown,0
37,management,married,secondary,no,4795,no,no,telephone,11,jun,904,1,-1,0,unknown,0
40,management,single,tertiary,no,-29,yes,no,cellular,8,sep,125,1,304,0,failure,0
69,management,married,tertiary,no,6158,no,no,cellular,16,mar,177,1,-1,0,unknown,0
28,technician,married,secondary,no,2566,no,no,cellular,23,sep,45,2,-1,0,unknown,0
57,blue-collar,married,tertiary,no,625,no,no,cellular,17,aug,56,1,-1,0,unknown,0
51,blue-collar,married,tertiary,no,1819,yes,no,unknown,3,dec,237,1,-1,0,success,0
44,blue-collar,married,tertiary,no,1469,yes,yes,cellular,8,jan,254,1,4,0,unknown,0
60,technician,married,secondary,no,159,no,no,cellular,7,sep,107,1,-1,0,failure,0
45,management,married,secondary,no,421,yes,no,telephone,21,aug,120,2,-1,0,unknown,1
45,blue-collar,married,secondary,no,879,yes,no,cellular,3,aug,182,2,-1,0,unknown,0
40,entrepreneur,single,secondary,no,1323,no,no,cellular,7,jun,724,4,-1,0,unknown,0
54,technician,divorced,secondary,no,974,no,no,cellular,5,sep,41,4,-1,1,unknown,0
53,services,married,primary,no,760,no,no,cellular,1,aug,206,3,-1,0,unknown,0
34,admin.,married,tertiary,no,678,yes,no,telephone,5,feb,15,4,-1,0,unknown,0
26,services,married,tertiary,no,834,no,no,cellular,3,jun,158,1,-1,0,unknown,0
38,blue-collar,single,secondary,no,654,no,no,unknown,18,dec,130,2,677,1,unknown,0
32,management,married,primary,no,969,no,no,cellular,29,nov,46,1,-1,0,failure,0
40,retired,married,secondary,no,3083,no,no,cellular,19,aug,46,1,61,0,unknown,0
54,management,married,tertiary,no,1302,yes,no,cellular,10,jun,154,3,-1,0,unknown,0
35,blue-collar,married,unknown,no,1723,no,no,unknown,4,nov,34,4,-1,0,unknown,0
40,management,married,tertiary,no,1165,no,no,cellular,30,sep,90,1,-1,0,unknown,0
41,admin.,divorced,unknown,no,1345,yes,no,cellular,13,dec,19,1,-1,0,unknown,0
50,management,divorced,tertiary,no,1095,yes,no,telephone,29,may,91,2,-1,0,unknown,0
18,services,married,secondary,no,-159,no,no,cellular,1,aug,196,1,-1,0,unknown,0
34,services,married,secondary,no,11530,yes,no,cellular,4,oct,351,3,746,0,unknown,0
43,blue-collar,married,secondary,no,-148,yes,yes,cellular,9,feb,457,4,-1,0,unknown,0
54,admin.,married,secondary,no,554,yes,no,unknown,17,dec,106,2,43,0,unknown,0
35,blue-collar,single,tertiary,no,-33,yes,no,unknown,11,may,720,5,-1,0,unknown,0
20,admin.,married,secondary,no,-47,no,no,cellular,7,jan,71,1,-1,1,unknown,0
47,blue-collar,married,primary,no,2166,yes,no,cellular,24,may,21,1,-1,0,unknown,0
34,admin.,married,secondary,no,632,yes,no,cellular,25,jul,668,3,-1,0,unknown,1
27,blue-collar,single,secondary,no,2222,no,no,telephone,7,jan,200,7,-1,0,unknown,0
34,self-employed,single,unknown,no,277,yes,no,cellular,13,oct,111,7,579,0,unknown,0
38,blue-collar,married,secondary,no,244,no,no,cellular,25,mar,589,1,-1,0,unknown,0
34,blue-collar,married,tertiary,no,233,no,no,unknown,26,jun,385,2,-1,1,unknown,0
18,admin.,married,tertiary,no,1236,no,no,cellular,29,dec,460,1,-1,0,unknown,0
50,admin.,divorced,secondary,no,2331,no,no,cellular,30,jan,89,3,-1,0,unknown,0
55,blue-collar,married,secondary,no,702,yes,no,unknown,19,mar,533,3,-1,0,unknown,0
48,management,married,secondary,no,515,yes,no,unknown,17,aug,270,4,-1,0,unknown,0
28,blue-collar,married,tertiary,no,5250,yes,no,cellular,18,sep,345,2,-1,0,unknown,0
38,unemployed,single,tertiary,no,-13,yes,no,cellular,30,jul,96,4,-1,0,failure,0
40,admin.,married,secondary,no,800,yes,no,cellular,31,apr,72,6,-1,0,unknown,0
47,admin.,married,tertiary,no,587,yes,yes,cellular,26,jul,135,2,-1,0,unknown,0
48,management,married,secondary,no,-45,yes,no,unknown,13,jul,220,2,-1,0,unknown,0
32,blue-collar,single,tertiary,no,268,yes,no,telephone,17,nov,282,2,-1,0,unknown,0
41,unknown,single,primary,no,-156,yes,no,telephone,18,jul,177,2,-1,0,unknown,0
46,services,divorced,primary,no,2942,yes,no,cellular,25,aug,309,3,-1,0,unknown,0
57,management,married,tertiary,no,1204,yes,no,cellular,21,nov,317,1,-1,0,unknown,0
48,services,married,secondary,no,2331,no,no,cellular,20,apr,282,2,-1,0,unknown,0
49,blue-collar,divorced,unknown,no,905,no,yes,cellular,2,apr,74,2,-1,0,unknown,0
41,management,married,secondary,no,1172,no,yes,cellular,19,sep,152,1,-1,0,unknown,0
56,technician,single,tertiary,no,1610,no,no,cellular,15,aug,374,2,-1,0,unknown,0
45,technician,single,secondary,no,3379,no,no,cellular,9,nov,562,2,-1,0,unknown,1
31,blue-collar,married,unknown,no,-55,no,no,cellular,30,apr,179,3,-1,0,other,0
56,management,married,tertiary,no,402,yes,no,cellular,29,jun,1116,1,-1,1,unknown,0
48,management,single,tertiary,no,1651,yes,no,cellular,29,sep,49,6,-1,0,unknown,0
36,admin.,single,secondary,no,4567,no,yes,cellular,14,dec,65,2,-1,0,unknown,0
35,management,married,tertiary,no,5729,yes,no,cellular,19,jun,159,2,-1,0,unknown,0
44,technician,married,tertiary,no,1324,yes,no,cellular,8,nov,183,1,-1,0,unknown,0
46,blue-collar,married,tertiary,no,122,yes,yes,unknown,12,may,142,3,95,0,other,0
43,blue-collar,married,secondary,no,-9,yes,no,cellular,17,dec,145,2,-1,0,failure,0
44,admin.,married,secondary,no,4179,no,no,unknown,12,jul,172,1,-1,0,unknown,0
59,blue-collar,married,secondary,no,653,yes,yes,unknown,15,feb,99,1,-1,0,unknown,0
52,admin.,divorced,secondary,no,125,yes,no,cellular,5,aug,36,1,-1,0,unknown,0
43,blue-collar,single,secondary,no,3874,yes,no,cellular,2,nov,806,2,132,0,unknown,0
51,management,single,secondary,yes,-34,no,no,cellular,20,jul,408,1,-1,0,failure,0
29,management,married,secondary,no,1761,no,no,cellular,18,jun,435,1,-1,0,unknown,0
45,blue-collar,married,secondary,no,1272,yes,no,cellular,3,mar,117,7,-1,0,unknown,0
60,entrepreneur,divorced,secondary,no,-62,no,yes,unknown,5,sep,133,1,-1,1,failure,0
38,admin.,married,primary,no,420,yes,no,cellular,2,feb,708,2,-1,0,unknown,0
31,blue-collar,married,tertiary,no,43,no,no,unknown,9,apr,931,1,-1,0,unknown,0
33,entrepreneur,married,secondary,no,1191,no,yes,unknown,24,feb,737,4,-1,0,unknown,0
29,management,single,tertiary,no,772,no,no,cellular,5,jun,265,3,-1,0,failure,0
32,technician,divorced,tertiary,no,-193,yes,no,cellular,27,dec,71,1,-1,0,success,0
36,blue-collar,married,primary,no,5376,yes,yes,cellular,17,jul,239,3,267,0,unknown,0
25,blue-collar,divorced,secondary,no,445,yes,no,cellular,21,sep,229,3,545,0,unknown,0
41,blue-collar,married,secondary,no,248,yes,no,cellular,20,jun,616,1,-1,0,unknown,0
50,management,married,unknown,no,177,yes,yes,unknown,15,jun,96,2,238,0,unknown,0
31,retired,single,secondary,yes,59,yes,yes,cellular,30,may,57,4,-1,0,unknown,0
57,services,single,secondary,no,10382,yes,yes,cellular,13,oct,79,1,-1,1,unknown,0
46,technician,married,secondary,no,324,no,yes,unknown,9,nov,71,2,248,0,unknown,0
52,blue-collar,married,secondary,no,580,yes,no,cellular,2,dec,269,4,-1,0,unknown,0
33,housemaid,single,unknown,no,2876,no,no,cellular,23,oct,431,6,-1,0,unknown,1
50,technician,single,secondary,no,1340,no,no,cellular,2,apr,118,3,-1,0,unknown,0
28,blue-collar,divorced,primary,no,489,no,no,cellular,29,oct,50,1,-1,0,failure,0
50,management,married,unknown,no,3229,no,no,unknown,29,nov,108,2,570,0,other,0
42,blue-collar,divorced,tertiary,no,1877,no,no,unknown,11,apr,204,1,176,0,unknown,0
47,management,divorced,secondary,no,187,no,no,cellular,28,apr,281,2,-1,0,unknown,0
28,unemployed,married,secondary,no,1348,yes,no,cellular,3,may,205,3,-1,0,unknown,0
31,admin.,single,secondary,no,3634,yes,no,cellular,30,jan,76,1,677,0,unknown,0
47,admin.,married,secondary,no,829,no,no,telephone,3,feb,645,2,-1,0,unknown,0
30,retired,married,tertiary,no,1784,yes,no,telephone,10,mar,148,2,-1,0,unknown,0
46,blue-collar,single,secondary,no,5116,yes,no,cellular,24,jul,158,1,-1,0,unknown,0
25,blue-collar,married,primary,no,1558,no,yes,cellular,2,jan,883,2,-1,0,unknown,0
50,services,married,tertiary,no,-37,no,no,unknown,1,mar,523,2,801,0,unknown,1
27,unemployed,single,tertiary,no,220,no,no,cellular,6,jul,423,2,-1,0,unknown,0
47,blue-collar,married,primary,no,1156,yes,no,cellular,6,jun,52,1,-1,0,unknown,0
47,self-employed,married,secondary,no,283,no,no,unknown,11,feb,469,4,-1,0,failure,1
33,blue-collar,divorced,secondary,no,4538,yes,no,cellular,16,apr,156,1,-1,0,unknown,0
47,blue-collar,married,secondary,no,579,no,no,cellular,31,jan,60,4,-1,0,success,0
43,blue-collar,married,secondary,no,716,yes,no,cellular,1,dec,1211,1,-1,0,failure,0
35,management,married,tertiary,no,1613,no,no,unknown,5,may,48,1,-1,0,unknown,0
29,management,married,secondary,no,914,yes,no,cellular,25,dec,657,2,-1,0,success,0
19,technician,single,secondary,no,522,yes,yes,cellular,26,feb,0,2,-1,0,unknown,0
44,blue-collar,single,unknown,no,-80,yes,no,cellular,27,aug,148,2,-1,0,unknown,0
23,technician,married,secondary,no,1161,yes,no,unknown,10,oct,7,3,-1,0,other,0
42,blue-collar,single,tertiary,no,2832,no,no,cellular,21,jun,628,2,-1,0,unknown,0
38,housemaid,married,secondary,no,1536,yes,no,cellular,28,dec,34,2,589,0,failure,0
48,technician,married,secondary,no,520,yes,yes,cellular,23,dec,288,4,-1,0,other,0
37,blue-collar,single,tertiary,no,4,yes,no,cellular,6,jan,257,1,-1,1,failure,0
37,management,single,primary,no,2341,no,no,unknown,11,feb,389,4,-1,0,unknown,0
49,management,married,secondary,no,4064,yes,no,cellular,26,apr,354,4,-1,0,unknown,0
44,admin.,married,secondary,no,537,yes,no,telephone,16,mar,8,1,-1,0,unknown,0
44,blue-collar,married,secondary,no,1756,no,no,unknown,20,sep,126,2,-1,0,unknown,0
46,admin.,married,secondary,no,593,no,no,unknown,13,jan,100,1,-1,0,unknown,0
24,management,married,secondary,no,846,no,no,cellular,12,jul,930,6,-1,0,failure,1
49,blue-collar,single,tertiary,no,2516,no,no,cellular,18,sep,384,2,472,0,unknown,1
47,technician,married,secondary,no,-69,yes,no,cellular,26,sep,317,1,623,1,unknown,0
29,technician,single,secondary,no,933,no,no,unknown,13,jun,150,2,-1,0,unknown,0
38,management,married,tertiary,no,162,no,no,unknown,5,dec,571,3,-1,0,unknown,0
40,management,married,secondary,no,422,no,no,cellular,28,jul,4,2,862,0,unknown,0
39,technician,married,secondary,no,1351,yes,no,unknown,28,aug,66,1,-1,0,unknown,0
44,management,married,unknown,no,-158,no,no,unknown,30,mar,306,3,-1,1,unknown,0
56,housemaid,divorced,secondary,no,1151,yes,no,unknown,30,may,183,6,-1,0,unknown,0
52,technician,married,tertiary,no,299,no,no,telephone,26,apr,196,6,-1,0,unknown,0
26,management,married,secondary,no,1460,yes,no,unknown,13,sep,138,3,-1,0,failure,0
47,management,single,secondary,no,28,yes,no,unknown,25,sep,46,4,-1,1,unknown,0
55,blue-collar,single,secondary,no,1796,yes,yes,cellular,13,apr,46,8,648,0,unknown,0
45,management,married,secondary,no,1356,yes,no,unknown,19,dec,89,1,190,0,unknown,0
53,services,married,secondary,no,5123,no,no,cellular,19,feb,162,2,-1,0,other,0
63,unemployed,single,secondary,no,3432,no,no,cellular,13,jan,448,1,-1,1,unknown,1
52,technician,divorced,primary,no,299,no,yes,unknown,28,mar,152,2,-1,0,unknown,0
43,blue-collar,divorced,tertiary,no,-158,yes,no,telephone,11,feb,588,5,-1,1,unknown,0
52,management,married,secondary,no,1397,no,no,unknown,16,may,33,9,-1,0,unknown,0
42,unknown,divorced,tertiary,yes,1185,no,yes,cellular,23,jun,81,5,-1,0,other,0
41,blue-collar,married,primary,no,-158,yes,no,cellular,14,sep,18,1,-1,0,failure,0
37,technician,married,tertiary,no,-3,no,no,cellular,10,apr,184,4,-1,1,unknown,0
58,management,single,secondary,no,1118,yes,no,cellular,2,apr,24,4,-1,0,unknown,0
31,unknown,married,primary,no,3442,yes,no,telephone,8,apr,409,2,-1,0,unknown,0
57,blue-collar,married,secondary,no,3354,yes,no,cellular,31,jan,10,3,76,0,other,0
46,management,married,secondary,no,46,yes,no,cellular,23,mar,166,5,-1,0,unknown,1
25,retired,married,tertiary,no,528,yes,yes,cellular,8,apr,140,11,-1,0,unknown,0
45,blue-collar,single,primary,no,-133,yes,yes,unknown,26,jan,58,1,-1,0,unknown,0
18,services,single,primary,no,750,no,no,cellular,22,may,228,1,-1,0,unknown,0
47,management,married,primary,no,1898,yes,yes,telephone,21,oct,125,6,-1,0,failure,0
50,admin.,married,secondary,no,2140,yes,no,cellular,27,sep,56,1,-1,0,unknown,1
34,retired,divorced,primary,no,836,no,no,cellular,20,jan,452,1,-1,1,unknown,0
42,management,single,secondary,no,-48,yes,no,unknown,14,dec,278,1,-1,0,unknown,0
62,retired,married,secondary,no,520,no,no,cellular,24,jul,3,2,98,1,failure,0
35,blue-collar,divorced,tertiary,no,3834,yes,no,cellular,14,feb,179,1,-1,0,unknown,0
29,self-employed,single,secondary,no,191,yes,no,telephone,18,oct,81,4,-1,0,unknown,0
57,management,married,tertiary,no,377,yes,no,telephone,15,dec,636,2,-1,0,unknown,1
62,unknown,married,secondary,no,1860,no,no,telephone,22,nov,333,2,-1,0,unknown,0
41,entrepreneur,married,primary,no,1784,yes,no,telephone,30,sep,244,12,-1,0,unknown,0
52,unemployed,single,secondary,no,3449,no,no,cellular,28,apr,24,5,-1,0,unknown,0
55,technician,married,secondary,no,536,no,no,cellular,16,mar,688,4,714,0,other,0
32,unemployed,married,primary,no,884,no,no,cellular,14,dec,40,2,-1,1,unknown,0
35,services,married,secondary,no,744,yes,no,unknown,10,nov,154,3,-1,0,unknown,0
54,technician,divorced,tertiary,no,3741,no,no,unknown,22,jul,294,1,-1,0,failure,0
59,admin.,married,tertiary,no,2000,yes,no,cellular,21,jun,176,1,-1,0,failure,0
47,student,divorced,secondary,no,2470,no,yes,cellular,2,nov,552,5,162,1,unknown,0
31,technician,divorced,tertiary,no,14,yes,no,cellular,5,oct,465,2,-1,0,unknown,0
62,blue-collar,married,secondary,no,2154,yes,yes,telephone,31,aug,37,1,-1,0,unknown,0
35,blue-collar,married,primary,no,651,yes,no,cellular,3,sep,248,4,-1,0,unknown,0
37,technician,married,secondary,no,-164,no,no,unknown,23,dec,13,2,304,0,success,0
44,management,divorced,secondary,no,-107,yes,no,unknown,7,jul,328,1,-1,0,unknown,0
58,technician,married,secondary,no,1499,yes,no,unknown,24,jun,343,1,-1,0,unknown,1
50,technician,married,tertiary,no,497,yes,no,cellular,27,dec,108,3,391,1,unknown,0
45,blue-collar,married,tertiary,no,2838,no,no,unknown,12,aug,398,2,-1,0,unknown,0
46,management,married,primary,no,1787,no,no,telephone,30,sep,272,1,-1,0,unknown,0
41,services,divorced,tertiary,no,-167,yes,yes,cellular,10,aug,180,1,-1,0,unknown,0
47,retired,single,tertiary,no,1541,no,no,cellular,11,jun,156,1,-1,0,unknown,0
18,management,single,primary,no,120,no,no,telephone,30,aug,29,1,482,0,unknown,0
37,unknown,married,secondary,no,623,yes,no,unknown,25,sep,195,4,-1,0,unknown,0
43,unknown,married,tertiary,no,1270,yes,no,cellular,17,jun,43,2,-1,0,unknown,0
28,unemployed,divorced,tertiary,no,2892,yes,no,cellular,4,jun,275,3,-1,0,unknown,0
45,management,married,secondary,no,713,no,no,cellular,6,feb,233,2,-1,1,unknown,0
38,technician,divorced,primary,no,2279,no,no,unknown,7,sep,88,2,-1,0,unknown,0
60,self-employed,married,secondary,no,2091,yes,no,unknown,27,aug,73,4,145,0,unknown,0
58,self-employed,married,tertiary,no,603,yes,no,cellular,5,may,166,3,-1,0,other,0
35,admin.,single,tertiary,no,842,yes,no,cellular,6,oct,185,1,208,0,other,0
39,admin.,divorced,primary,no,1608,yes,yes,unknown,17,mar,412,2,-1,1,unknown,1
40,management,divorced,primary,no,-152,no,no,telephone,14,sep,93,3,414,0,failure,0
36,blue-collar,married,secondary,no,3122,no,yes,unknown,11,nov,133,2,-1,0,unknown,0
43,technician,married,tertiary,no,2003,yes,no,unknown,5,oct,108,1,802,0,unknown,0
32,management,married,secondary,no,230,no,no,cellular,2,jul,129,1,-1,0,unknown,0
28,admin.,single,secondary,no,5759,yes,no,telephone,31,sep,216,1,-1,0,unknown,0
47,management,single,primary,no,96,no,no,cellular,14,jul,210,3,645,0,unknown,0
47,blue-collar,married,primary,no,3481,yes,no,unknown,27,dec,115,4,-1,0,other,0
32,self-employed,divorced,primary,no,388,no,yes,cellular,16,aug,237,1,-1,1,failure,0
50,management,single,secondary,no,1960,yes,no,unknown,2,oct,246,3,-1,0,unknown,0
34,housemaid,single,primary,no,714,yes,no,unknown,17,may,193,3,-1,0,unknown,0
43,student,married,primary,no,1800,no,no,cellular,26,oct,155,3,781,0,unknown,0
50,blue-collar,married,secondary,no,54,yes,yes,cellular,16,oct,20,2,-1,0,unknown,0
40,management,divorced,tertiary,no,271,no,no,cellular,9,jun,201,2,-1,0,unknown,1
46,technician,married,tertiary,no,-42,no,no,unknown,20,dec,321,4,61,0,unknown,0
35,blue-collar,single,tertiary,no,2805,no,yes,unknown,20,aug,62,5,-1,0,unknown,0
38,technician,divorced,unknown,no,327,no,no,unknown,9,jul,388,1,-1,0,unknown,0
38,technician,single,secondary,no,1578,yes,no,cellular,5,jan,227,1,69,0,other,0
32,housemaid,married,tertiary,no,2374,no,no,cellular,4,oct,69,2,-1,0,unknown,0
39,management,married,tertiary,no,3275,no,no,cellular,7,apr,45,2,-1,1,unknown,0
23,admin.,married,secondary,no,-31,yes,no,cellular,29,aug,72,2,95,0,other,0
35,management,married,primary,no,3152,no,no,telephone,29,nov,367,2,760,0,failure,0
37,blue-collar,married,tertiary,no,129,no,no,unknown,5,sep,74,5,258,1,unknown,0
38,services,married,secondary,no,1802,no,no,cellular,24,jun,296,2,-1,0,unknown,0
38,technician,married,secondary,no,1757,yes,no,unknown,3,nov,203,2,-1,1,unknown,0
40,management,married,secondary,yes,-187,no,yes,cellular,30,apr,204,2,-1,0,other,0
46,unknown,married,tertiary,no,173,yes,yes,cellular,8,feb,493,4,-1,0,failure,0
50,admin.,married,primary,no,815,no,no,cellular,31,dec,535,1,-1,0,unknown,0
33,retired,married,secondary,no,617,yes,no,cellular,16,sep,198,1,-1,0,unknown,0
27,technician,single,secondary,no,3562,yes,no,unknown,27,jan,17,2,-1,0,unknown,0
29,technician,married,secondary,no,468,no,no,cellular,6,may,45,7,-1,0,unknown,0
35,unemployed,married,tertiary,no,3946,no,no,cellular,30,aug,766,4,456,1,unknown,0
37,self-employed,single,unknown,no,722,no,no,unknown,29,apr,37,2,-1,1,unknown,0
32,blue-collar,single,tertiary,no,4801,yes,no,unknown,9,jan,465,1,-1,0,unknown,0
26,services,married,tertiary,no,1805,no,no,cellular,22,apr,200,2,-1,0,unknown,0
35,blue-collar,single,tertiary,no,2452,no,no,cellular,20,may,31,5,-1,1,other,0
42,blue-collar,divorced,secondary,no,-33,no,no,cellular,18,may,650,3,-1,0,failure,0
47,management,single,tertiary,no,1123,yes,yes,cellular,11,dec,679,2,-1,0,failure,1
34,blue-collar,married,tertiary,no,30,yes,no,cellular,19,jan,246,3,-1,0,failure,0
36,blue-collar,single,tertiary,no,329,no,no,unknown,7,feb,127,7,-1,0,unknown,0
30,management,married,primary,no,1265,yes,no,cellular,10,jun,241,2,-1,0,failure,0
40,blue-collar,married,tertiary,no,1743,no,no,cellular,5,oct,254,2,-1,0,unknown,1
31,admin.,divorced,tertiary,no,-140,yes,no,telephone,7,may,251,2,801,0,failure,0
47,retired,married,primary,no,935,no,no,unknown,23,sep,341,2,-1,0,unknown,0
21,unknown,divorced,unknown,no,1049,no,no,cellular,6,jul,17,2,-1,0,unknown,0
37,services,married,tertiary,no,-76,no,no,cellular,31,may,27,1,-1,0,unknown,0
44,management,divorced,secondary,no,841,yes,no,cellular,18,dec,85,2,-1,0,unknown,0
43,blue-collar,married,secondary,no,1676,no,yes,cellular,21,dec,111,1,-1,0,unknown,0
70,admin.,married,tertiary,no,-117,yes,no,cellular,15,sep,262,6,-1,0,unknown,0
44,blue-collar,married,secondary,no,1942,no,no,cellular,27,jan,48,1,-1,0,unknown,0
29,technician,married,secondary,no,1088,yes,no,cellular,31,mar,200,7,-1,0,unknown,0
39,management,married,secondary,no,2486,no,no,cellular,10,feb,52,7,-1,0,unknown,0
21,services,single,tertiary,no,168,no,no,cellular,6,dec,113,2,191,0,unknown,0
40,blue-collar,married,secondary,no,2487,yes,yes,unknown,24,jul,707,1,-1,0,unknown,0
31,services,single,secondary,no,-50,no,no,cellular,1,sep,583,1,-1,1,unknown,0
51,blue-collar,married,secondary,no,575,yes,no,unknown,28,dec,789,1,276,0,failure,0
34,retired,married,tertiary,no,133,no,no,cellular,28,feb,230,1,-1,0,unknown,0
39,admin.,divorced,secondary,no,2931,no,no,unknown,28,dec,179,2,-1,0,unknown,0
34,unknown,married,secondary,no,1630,yes,no,cellular,10,jun,487,3,-1,1,unknown,0
60,entrepreneur,single,tertiary,no,-161,yes,no,cellular,23,feb,21,1,530,0,unknown,0
37,blue-collar,single,tertiary,no,-185,no,no,telephone,15,mar,990,3,-1,0,unknown,0
61,admin.,married,secondary,no,316,yes,no,telephone,14,jan,160,2,-1,0,unknown,0
49,technician,divorced,tertiary,no,31,yes,no,unknown,16,jun,290,1,-1,0,unknown,0
46,entrepreneur,single,secondary,no,1292,yes,no,unknown,5,feb,336,1,-1,1,unknown,0
45,management,married,tertiary,no,1435,yes,no,cellular,14,mar,255,2,-1,0,unknown,1
45,services,single,secondary,no,4069,yes,no,cellular,16,jun,573,1,464,0,failure,0
19,management,married,secondary,no,4356,yes,no,cellular,14,jun,87,2,-1,0,unknown,0
37,unknown,married,tertiary,no,1413,yes,yes,cellular,7,apr,196,2,-1,0,unknown,0
50,blue-collar,divorced,tertiary,no,-191,no,no,unknown,31,jan,145,3,-1,0,unknown,0
40,entrepreneur,single,secondary,no,467,no,no,cellular,19,jul,314,1,-1,0,unknown,0
25,retired,single,secondary,no,879,yes,no,unknown,4,feb,129,4,726,0,unknown,0
40,management,single,primary,no,837,no,no,cellular,18,jun,576,1,-1,0,unknown,0
59,blue-collar,single,tertiary,no,1187,no,no,cellular,28,jul,173,4,-1,0,success,1
54,admin.,divorced,secondary,yes,4649,yes,no,cellular,22,feb,198,1,-1,0,unknown,1
40,admin.,married,tertiary,no,3046,no,no,cellular,21,jun,175,1,-1,2,unknown,0
51,management,married,secondary,no,-27,no,no,unknown,15,jan,251,1,-1,0,unknown,0
36,services,married,secondary,no,263,yes,yes,unknown,17,jun,184,2,-1,0,unknown,1
22,unknown,single,secondary,no,2485,yes,no,cellular,31,aug,714,6,589,0,unknown,0
30,services,married,secondary,no,2408,yes,no,unknown,1,aug,36,1,-1,0,unknown,0
58,blue-collar,married,secondary,no,283,no,no,cellular,24,jul,3,1,-1,0,unknown,0
37,blue-collar,married,secondary,no,1767,yes,no,unknown,15,apr,190,1,-1,0,unknown,0
38,services,divorced,secondary,no,1472,no,no,cellular,16,apr,373,1,-1,0,unknown,0
37,services,single,secondary,no,762,no,no,cellular,24,may,269,1,508,0,unknown,0
61,blue-collar,married,secondary,no,137,yes,no,cellular,22,aug,848,3,635,0,unknown,0
58,technician,married,secondary,no,3092,yes,yes,cellular,11,apr,51,1,240,0,unknown,0
65,entrepreneur,married,tertiary,no,1499,yes,no,cellular,9,sep,305,1,446,0,unknown,1
39,entrepreneur,married,secondary,no,77,yes,no,cellular,17,mar,436,3,-1,0,unknown,0
44,technician,married,tertiary,no,1630,yes,no,cellular,31,sep,627,2,-1,0,other,0
24,technician,divorced,secondary,no,1828,no,no,cellular,26,feb,194,1,-1,0,unknown,0
57,services,divorced,secondary,no,3068,no,yes,telephone,15,jun,116,7,726,0,unknown,0
28,management,married,tertiary,no,178,yes,no,telephone,8,may,802,2,769,1,unknown,0
43,retired,married,unknown,no,6531,no,no,unknown,18,may,404,2,-1,1,unknown,0
28,management,married,secondary,no,49,yes,no,cellular,8,nov,164,4,-1,0,unknown,0
34,technician,married,secondary,no,1177,yes,yes,cellular,3,jun,271,5,-1,0,unknown,0
31,management,married,tertiary,no,1405,no,no,cellular,22,oct,84,1,-1,0,unknown,0
34,technician,married,primary,no,614,yes,no,cellular,23,jul,246,1,777,0,unknown,0
35,admin.,married,unknown,no,766,no,no,cellular,19,apr,200,3,-1,0,unknown,0
34,services,single,secondary,no,3123,no,no,cellular,14,apr,10,3,-1,1,unknown,0
50,technician,single,secondary,no,1354,no,no,cellular,2,dec,518,1,-1,0,unknown,0
28,blue-collar,single,tertiary,no,830,yes,yes,cellular,31,sep,173,1,-1,0,success,0
43,blue-collar,married,tertiary,no,6,yes,yes,cellular,1,apr,168,2,-1,1,unknown,0
54,services,divorced,tertiary,no,-188,yes,no,unknown,30,aug,85,4,-1,1,unknown,1
35,admin.,divorced,primary,no,0,no,no,unknown,5,oct,56,2,-1,0,unknown,0
33,blue-collar,married,tertiary,no,4491,no,yes,cellular,17,jan,88,4,-1,0,unknown,0
38,retired,married,secondary,no,1966,no,no,cellular,1,apr,270,1,-1,0,unknown,1
53,services,married,secondary,no,4922,no,no,unknown,21,feb,26,1,-1,1,unknown,0
43,management,married,tertiary,no,-145,no,no,unknown,16,nov,104,1,-1,1,unknown,0
35,entrepreneur,married,secondary,no,1510,no,no,unknown,3,oct,993,9,-1,0,failure,0
46,services,married,secondary,no,-132,yes,no,cellular,10,may,81,4,-1,0,unknown,0
28,admin.,married,secondary,no,2085,no,no,cellular,19,feb,877,3,-1,0,unknown,0
48,blue-collar,married,secondary,no,519,no,no,cellular,11,jul,28,1,-1,0,unknown,0
45,blue-collar,married,secondary,no,-49,yes,no,unknown,23,oct,407,3,-1,0,unknown,0
37,technician,divorced,primary,no,1059,no,no,unknown,31,jul,149,4,-1,1,failure,1
31,blue-collar,married,secondary,no,293,no,no,cellular,3,sep,55,4,-1,0,unknown,0
31,unknown,single,tertiary,no,1416,no,no,cellular,2,apr,399,3,-1,0,unknown,0
46,blue-collar,married,secondary,no,1410,no,no,cellular,3,may,1,1,-1,0,unknown,1
54,admin.,married,secondary,no,1631,yes,no,unknown,15,mar,110,3,-1,0,unknown,0
33,services,married,unknown,no,7132,yes,yes,telephone,27,jul,239,2,-1,0,unknown,0
46,management,married,primary,no,533,yes,no,cellular,20,may,67,2,-1,0,unknown,0
18,blue-collar,married,secondary,no,739,yes,no,cellular,9,sep,104,7,-1,0,other,0
34,entrepreneur,married,tertiary,no,2249,yes,no,cellular,15,dec,24,1,568,0,unknown,1
40,retired,married,secondary,no,1095,yes,no,telephone,28,jul,495,4,-1,0,unknown,0
30,technician,single,unknown,no,-143,no,no,unknown,2,apr,141,1,-1,0,other,1
30,unknown,married,secondary,no,2578,yes,no,cellular,30,jul,40,2,-1,0,failure,0
33,services,single,secondary,no,-120,yes,no,cellular,6,jan,57,1,-1,0,unknown,1
44,blue-collar,married,tertiary,no,80,yes,no,telephone,5,feb,83,2,-1,0,unknown,0
38,services,single,primary,no,-38,yes,no,cellular,6,mar,67,4,-1,0,unknown,0
18,student,married,secondary,no,-78,yes,yes,cellular,5,may,180,1,-1,0,unknown,0
18,management,single,tertiary,no,-160,yes,no,cellular,22,dec,607,3,490,0,unknown,0
34,technician,divorced,secondary,no,-115,yes,no,unknown,12,may,52,2,-1,0,unknown,0
46,unemployed,divorced,primary,no,676,yes,no,unknown,4,jul,155,6,-1,0,other,1
18,unemployed,married,secondary,no,237,yes,no,cellular,24,sep,281,2,-1,0,unknown,0
35,management,divorced,primary,no,2,no,no,cellular,28,oct,52,1,866,0,unknown,0
35,management,married,secondary,no,1412,yes,yes,cellular,25,sep,43,5,-1,0,unknown,0
56,management,divorced,secondary,no,184,no,no,unknown,26,jun,43,6,-1,0,unknown,0
36,student,married,unknown,no,-171,yes,no,unknown,23,jul,551,1,-1,0,unknown,0
45,management,married,unknown,no,613,yes,no,cellular,30,dec,320,8,-1,0,unknown,0
42,blue-collar,married,tertiary,no,357,yes,no,cellular,14,aug,105,2,-1,0,unknown,0
18,services,married,secondary,no,375,no,no,cellular,14,apr,600,5,420,0,unknown,1
49,management,single,secondary,no,683,yes,no,cellular,11,jul,791,1,-1,0,unknown,0
43,blue-collar,divorced,tertiary,no,1458,no,no,cellular,28,jun,131,1,-1,0,unknown,0
46,technician,single,tertiary,no,1237,no,no,telephone,1,aug,184,4,733,0,unknown,0
84,services,single,tertiary,no,3953,yes,no,telephone,21,jan,114,5,186,0,unknown,0
18,technician,single,secondary,no,893,no,no,cellular,23,may,66,1,128,0,failure,0
59,retired,married,tertiary,no,759,yes,no,unknown,31,dec,390,2,-1,1,unknown,0
37,retired,married,tertiary,no,160,yes,no,cellular,5,mar,270,4,-1,0,unknown,0
44,technician,married,secondary,no,1912,yes,no,unknown,5,sep,117,2,-1,1,unknown,0
40,management,married,tertiary,no,27,yes,no,cellular,12,sep,3,4,-1,0,unknown,0
36,entrepreneur,married,tertiary,no,813,yes,no,cellular,5,mar,372,2,-1,0,unknown,0
34,technician,married,tertiary,no,620,no,no,cellular,21,oct,167,3,-1,0,other,0
44,admin.,married,secondary,no,1410,yes,no,cellular,13,dec,19,5,-1,1,unknown,0
24,admin.,married,tertiary,no,3544,no,no,cellular,11,feb,34,2,-1,0,unknown,0
49,blue-collar,divorced,secondary,no,4194,yes,no,cellular,21,may,255,3,-1,2,success,0
36,blue-collar,married,secondary,no,75,no,yes,cellular,1,apr,203,3,-1,0,unknown,0
28,blue-collar,married,tertiary,no,255,yes,no,unknown,12,jul,70,2,142,0,unknown,1
36,admin.,married,tertiary,no,2304,no,no,cellular,6,dec,38,1,-1,0,unknown,0
54,blue-collar,married,secondary,no,895,no,no,cellular,27,aug,557,5,-1,1,failure,0
35,technician,married,tertiary,no,705,yes,yes,unknown,11,apr,37,1,-1,0,unknown,0
44,technician,married,unknown,no,1660,yes,no,telephone,12,mar,23,1,-1,1,unknown,0
32,blue-collar,married,secondary,no,1181,yes,no,cellular,29,sep,249,8,-1,0,failure,0
49,blue-collar,married,primary,no,5095,yes,no,cellular,6,aug,75,1,-1,0,unknown,0
48,blue-collar,married,tertiary,no,1115,yes,no,cellular,24,nov,275,5,-1,0,unknown,0
61,management,married,tertiary,no,740,no,yes,cellular,30,nov,173,1,-1,0,success,0
39,admin.,single,secondary,no,974,yes,no,cellular,5,jul,61,2,-1,0,failure,0
48,technician,married,secondary,no,2279,yes,no,cellular,18,nov,18,1,-1,0,unknown,0
42,management,married,primary,no,1222,yes,no,unknown,16,aug,18,1,3,0,unknown,0
55,blue-collar,married,secondary,no,1362,no,yes,cellular,13,aug,227,3,-1,0,failure,0
33,technician,single,secondary,no,5133,yes,no,cellular,7,oct,366,7,143,0,other,0
49,blue-collar,married,tertiary,no,1245,yes,yes,cellular,14,aug,301,5,-1,0,unknown,0
38,technician,single,secondary,no,517,yes,no,telephone,1,nov,231,9,-1,0,unknown,0
40,blue-collar,single,tertiary,no,1563,yes,no,cellular,21,jan,61,3,172,0,unknown,0
42,blue-collar,married,tertiary,no,1415,no,no,telephone,28,apr,510,1,-1,1,unknown,0
43,management,married,primary,no,-179,no,yes,cellular,21,oct,255,2,-1,0,unknown,0
39,management,married,tertiary,no,744,no,no,unknown,12,jul,305,2,-1,0,unknown,0
43,services,married,secondary,no,1837,yes,yes,cellular,3,jun,65,1,-1,1,unknown,0
58,blue-collar,married,secondary,no,836,no,no,cellular,18,mar,78,4,-1,0,unknown,0
51,blue-collar,married,tertiary,no,2068,yes,no,unknown,11,mar,614,3,-1,1,unknown,0
50,management,married,secondary,no,699,yes,no,unknown,20,dec,166,2,-1,1,unknown,0
35,blue-collar,married,unknown,no,5940,yes,yes,telephone,7,apr,208,1,-1,1,unknown,0
31,blue-collar,single,tertiary,no,319,yes,no,unknown,10,oct,30,1,261,0,unknown,0
51,blue-collar,married,secondary,no,-55,yes,no,cellular,19,jun,129,7,-1,0,unknown,1
50,retired,divorced,primary,no,643,yes,no,cellular,13,jan,562,4,-1,0,unknown,0
57,management,divorced,secondary,no,970,yes,no,cellular,14,oct,594,3,-1,0,unknown,0
34,technician,divorced,secondary,no,444,yes,yes,cellular,15,apr,337,6,-1,0,unknown,0
38,admin.,single,tertiary,no,216,no,no,cellular,6,sep,203,1,-1,0,unknown,0
22,self-employed,married,primary,no,1472,no,no,cellular,7,jul,689,4,-1,0,failure,0
36,management,married,tertiary,no,510,yes,no,unknown,13,nov,530,2,-1,0,unknown,0
51,blue-collar,married,secondary,no,1296,no,no,cellular,16,jun,483,6,-1,0,unknown,0
35,technician,married,secondary,no,2064,no,no,cellular,15,nov,550,3,-1,0,unknown,0
48,management,single,secondary,no,1946,no,no,cellular,18,may,155,3,-1,0,unknown,0
38,technician,divorced,secondary,no,505,yes,yes,unknown,3,dec,192,1,615,0,unknown,0
44,management,married,secondary,no,1058,no,yes,unknown,16,feb,142,1,-1,0,failure,0
28,retired,married,tertiary,no,695,yes,no,cellular,25,feb,347,1,-1,0,unknown,0
41,blue-collar,married,primary,no,2869,no,no,unknown,1,jun,231,3,-1,1,unknown,0
18,management,married,secondary,no,2964,no,yes,unknown,24,sep,18,2,-1,0,unknown,0
38,management,married,secondary,no,431,no,yes,unknown,1,dec,37,4,-1,0,unknown,0
23,admin.,married,primary,no,-55,yes,no,cellular,19,sep,55,1,-1,0,unknown,0
54,management,single,tertiary,no,75,no,no,cellular,6,jan,286,4,-1,0,unknown,0
49,blue-collar,married,primary,no,485,yes,no,cellular,11,jul,30,4,-1,0,unknown,0
46,technician,divorced,secondary,no,1046,yes,no,unknown,24,jul,200,2,-1,0,unknown,0
57,blue-collar,single,secondary,no,1404,yes,yes,unknown,7,oct,474,1,-1,0,unknown,1
30,technician,single,tertiary,no,403,no,no,unknown,3,feb,760,1,-1,0,unknown,1
60,management,married,tertiary,no,1451,no,no,cellular,28,dec,144,1,-1,0,unknown,0
51,technician,single,secondary,no,3964,no,no,cellular,6,oct,196,2,606,0,unknown,0
38,management,single,tertiary,no,1383,yes,no,cellular,1,apr,459,3,-1,0,unknown,0
53,blue-collar,married,secondary,no,58,yes,no,cellular,8,aug,708,1,-1,0,unknown,0
28,unknown,married,secondary,no,1100,yes,no,cellular,25,jun,127,1,-1,0,unknown,0
31,technician,divorced,tertiary,no,970,yes,no,cellular,25,nov,112,4,-1,1,unknown,0
34,management,married,secondary,no,2868,yes,no,unknown,14,jul,154,2,-1,0,failure,0
35,blue-collar,married,tertiary,no,446,yes,no,cellular,4,oct,75,1,-1,0,unknown,0
29,blue-collar,married,secondary,no,624,yes,no,unknown,4,nov,506,4,-1,0,unknown,0
54,unemployed,single,secondary,no,1169,no,no,telephone,23,nov,98,5,-1,0,failure,0
38,blue-collar,single,secondary,no,914,no,no,cellular,23,jun,153,3,-1,0,unknown,0
44,blue-collar,married,secondary,no,1704,no,yes,cellular,16,sep,99,1,-1,0,unknown,0
34,blue-collar,married,secondary,no,-138,yes,no,unknown,11,nov,32,1,-1,0,unknown,0
20,self-employed,divorced,tertiary,yes,1043,yes,no,unknown,22,dec,240,3,651,0,unknown,0
43,admin.,single,primary,no,-5,yes,no,cellular,7,oct,228,1,-1,0,unknown,0
19,technician,divorced,secondary,no,367,yes,no,cellular,30,oct,90,1,-1,0,unknown,0
40,technician,married,secondary,no,1425,no,yes,telephone,1,sep,8,3,-1,0,unknown,0
25,technician,married,unknown,no,56,yes,no,cellular,9,jun,712,2,-1,0,unknown,0
62,blue-collar,married,secondary,no,354,no,no,cellular,30,jun,113,3,-1,0,success,0
51,admin.,single,secondary,no,1621,no,no,telephone,29,sep,199,2,-1,0,unknown,0
42,blue-collar,married,secondary,no,1378,yes,yes,telephone,6,oct,40,1,-1,0,unknown,0
54,management,married,tertiary,no,-56,yes,no,cellular,24,sep,74,2,-1,1,failure,0
31,admin.,married,secondary,no,1091,no,no,unknown,31,mar,147,3,-1,0,unknown,0
46,admin.,married,tertiary,no,38,no,no,telephone,13,jul,213,1,-1,0,unknown,0
43,technician,single,secondary,no,236,no,yes,unknown,21,mar,496,7,517,0,unknown,0
43,retired,married,secondary,no,722,no,no,cellular,12,apr,88,1,-1,0,unknown,0
54,blue-collar,single,secondary,no,-26,yes,no,cellular,23,sep,529,1,-1,0,unknown,0
49,services,divorced,tertiary,no,7388,yes,no,cellular,19,oct,158,3,-1,0,other,0
44,services,married,tertiary,no,71,yes,yes,cellular,26,aug,146,6,-1,0,other,0
22,blue-collar,single,secondary,no,2080,yes,no,unknown,17,jun,130,1,4,1,failure,1
30,retired,divorced,secondary,no,2456,yes,yes,unknown,23,jun,560,1,-1,0,unknown,0
39,services,divorced,tertiary,no,7594,yes,no,telephone,21,aug,74,1,-1,0,unknown,0
42,blue-collar,married,primary,no,639,no,no,cellular,1,feb,502,2,-1,0,failure,0
28,technician,married,secondary,no,2908,no,no,unknown,9,may,24,2,-1,0,unknown,0
67,admin.,married,tertiary,no,4538,yes,no,cellular,25,jul,801,2,-1,0,unknown,0
57,technician,single,secondary,no,84,yes,no,cellular,22,dec,180,1,-1,0,unknown,0
47,entrepreneur,single,secondary,no,779,no,no,cellular,27,mar,1758,1,-1,0,failure,0
41,services,single,secondary,no,-107,yes,no,cellular,25,aug,241,1,-1,0,unknown,0
38,admin.,married,tertiary,no,1254,no,no,cellular,23,mar,32,3,-1,0,other,0
30,entrepreneur,married,secondary,no,1106,no,no,cellular,8,apr,16,2,-1,0,unknown,0
41,technician,married,primary,no,142,yes,no,cellular,27,oct,55,2,64,0,unknown,0
43,technician,married,tertiary,no,2198,yes,no,cellular,2,oct,141,2,-1,0,unknown,0
27,technician,single,primary,no,-143,no,no,cellular,18,jun,354,3,-1,0,unknown,0
44,management,married,secondary,no,2261,yes,no,telephone,4,jun,0,6,-1,1,unknown,1
39,admin.,married,secondary,no,-159,yes,no,cellular,1,feb,76,3,-1,2,unknown,0
20,technician,married,unknown,no,1404,yes,no,cellular,24,feb,228,3,-1,1,unknown,0
31,blue-collar,married,tertiary,no,-76,no,no,unknown,21,mar,91,2,-1,0,unknown,0
36,entrepreneur,married,primary,no,233,yes,no,cellular,12,mar,113,4,-1,0,unknown,0
61,housemaid,married,secondary,no,1719,no,yes,cellular,16,apr,92,6,-1,0,failure,0
47,entrepreneur,married,secondary,no,293,yes,no,unknown,30,apr,789,2,-1,0,failure,0
26,management,married,tertiary,no,873,yes,no,cellular,23,apr,17,1,-1,0,unknown,0
46,management,married,secondary,no,3502,no,no,unknown,31,oct,614,3,-1,0,failure,0
23,blue-collar,single,tertiary,no,-123,yes,no,cellular,28,oct,100,3,-1,0,unknown,0
52,blue-collar,married,secondary,no,2299,yes,no,cellular,18,nov,73,6,-1,0,unknown,0
35,blue-collar,single,secondary,no,-98,yes,yes,cellular,5,mar,554,1,-1,1,unknown,0
39,blue-collar,single,secondary,no,3,yes,no,cellular,16,jan,87,7,-1,0,unknown,0
55,management,married,secondary,no,-9,yes,no,cellular,9,sep,1130,2,654,0,unknown,0
26,blue-collar,divorced,secondary,no,7499,no,no,cellular,9,feb,204,7,-1,0,unknown,0
25,blue-collar,married,tertiary,no,98,no,yes,cellular,2,mar,166,4,-1,0,unknown,0
34,management,single,secondary,no,3206,no,no,telephone,14,feb,967,4,-1,0,unknown,1
52,management,divorced,secondary,no,6854,no,no,unknown,11,jun,66,1,-1,0,unknown,0
24,management,single,primary,no,526,no,no,unknown,2,jun,618,1,-1,0,unknown,0
18,management,married,secondary,no,1295,no,no,cellular,16,jan,230,2,-1,0,success,0
36,blue-collar,married,secondary,no,2065,no,no,telephone,21,apr,362,1,-1,0,unknown,0
47,management,married,tertiary,no,547,yes,no,cellular,19,oct,225,9,-1,0,unknown,0
54,technician,single,primary,no,64,yes,no,cellular,13,may,248,2,-1,0,unknown,1
35,management,single,secondary,no,653,no,no,unknown,17,dec,43,1,-1,0,unknown,0
36,unemployed,married,secondary,no,2016,yes,no,cellular,27,jun,42,2,-1,0,unknown,0
53,services,married,tertiary,no,2076,no,no,unknown,29,may,130,2,-1,0,unknown,0
20,technician,single,secondary,no,193,yes,no,unknown,31,mar,109,1,682,0,unknown,0
36,technician,married,tertiary,no,88,yes,no,telephone,1,mar,321,1,-1,0,unknown,0
43,management,single,unknown,no,3599,no,no,telephone,21,mar,330,1,219,0,unknown,0
45,blue-collar,single,primary,no,-132,yes,no,unknown,19,jun,214,2,-1,0,unknown,0
35,management,married,secondary,no,1790,no,no,unknown,16,apr,132,1,-1,0,unknown,0
41,retired,single,secondary,no,-128,no,no,unknown,25,apr,291,1,-1,0,failure,0
18,blue-collar,married,unknown,no,2529,no,no,cellular,13,mar,299,4,-1,0,unknown,0
33,services,married,secondary,no,3337,yes,yes,cellular,28,apr,427,1,-1,1,unknown,0
45,management,divorced,secondary,no,329,yes,no,cellular,19,aug,430,3,-1,0,unknown,0
30,admin.,single,tertiary,yes,-84,yes,no,unknown,3,mar,18,2,-1,1,unknown,0
41,admin.,married,secondary,no,782,no,no,unknown,3,oct,120,3,-1,0,unknown,0
45,management,married,secondary,no,331,yes,yes,cellular,30,mar,140,1,807,0,unknown,0
37,entrepreneur,married,primary,no,609,yes,no,unknown,1,jun,484,5,-1,0,unknown,0
42,management,married,secondary,no,1440,yes,yes,unknown,3,jan,179,1,-1,0,unknown,1
30,technician,married,secondary,no,153,yes,yes,cellular,16,oct,173,1,-1,0,success,0
38,technician,married,secondary,no,462,no,no,cellular,21,jun,208,3,-1,0,unknown,0
47,blue-collar,married,tertiary,no,2088,yes,no,cellular,8,nov,35,4,-1,0,failure,0
42,blue-collar,married,secondary,no,1348,yes,no,unknown,23,sep,214,1,-1,0,unknown,0
34,self-employed,married,secondary,no,392,no,no,cellular,16,mar,206,2,-1,0,unknown,0
43,management,divorced,tertiary,no,1437,no,no,telephone,28,feb,362,2,-1,0,unknown,0
48,housemaid,single,primary,no,1974,no,no,cellular,13,mar,259,1,-1,0,unknown,0
18,technician,married,secondary,no,1146,no,yes,cellular,13,dec,800,3,822,0,unknown,0
53,admin.,married,primary,no,210,yes,no,cellular,11,mar,21,6,-1,0,unknown,0
37,technician,married,secondary,no,-199,yes,yes,cellular,4,feb,381,2,-1,0,unknown,1
45,management,married,tertiary,no,2235,no,yes,cellular,4,nov,359,1,79,0,unknown,0
54,services,married,secondary,no,2394,no,no,cellular,15,apr,80,2,-1,0,unknown,0
25,technician,single,secondary,no,1594,no,no,telephone,28,aug,309,5,-1,0,unknown,0
33,unknown,single,tertiary,no,-80,no,no,cellular,4,jul,277,2,-1,0,unknown,0
37,blue-collar,single,secondary,no,1120,no,no,cellular,8,oct,91,1,-1,0,unknown,0
32,blue-collar,married,secondary,no,2380,yes,no,cellular,24,sep,331,2,-1,0,success,0
60,blue-collar,divorced,secondary,no,540,yes,no,cellular,2,aug,688,1,-1,1,unknown,0
31,admin.,divorced,tertiary,no,130,no,no,cellular,15,jul,93,1,364,1,unknown,0
34,management,married,secondary,no,1128,no,no,telephone,23,jun,1010,5,-1,0,failure,0
43,retired,married,secondary,no,2425,no,no,cellular,28,mar,65,4,-1,0,unknown,0
27,services,married,secondary,no,-124,no,yes,cellular,27,oct,37,6,-1,0,other,0
36,management,married,secondary,no,1163,yes,yes,unknown,14,apr,20,3,-1,0,unknown,0
44,management,single,secondary,no,1345,yes,no,telephone,28,aug,62,2,-1,0,success,0
37,admin.,married,secondary,no,1183,yes,yes,cellular,21,dec,108,2,-1,4,unknown,0
39,blue-collar,married,secondary,no,1374,no,no,cellular,2,feb,340,1,-1,0,unknown,0
35,entrepreneur,married,secondary,no,1296,yes,no,unknown,29,dec,19,1,-1,0,unknown,0
24,management,married,tertiary,no,9,yes,no,unknown,3,jun,182,1,-1,1,unknown,0
44,blue-collar,divorced,tertiary,no,201,no,yes,cellular,11,jan,188,2,-1,0,unknown,0
60,management,married,primary,no,1247,yes,no,cellular,7,jul,66,3,-1,0,unknown,0
41,blue-collar,single,secondary,no,-173,no,no,cellular,16,apr,12,1,863,1,unknown,0
43,admin.,married,unknown,no,1310,yes,yes,cellular,22,dec,65,6,-1,0,unknown,0
48,technician,married,secondary,no,1442,yes,no,unknown,22,jan,67,3,-1,0,failure,0
27,blue-collar,married,unknown,no,210,no,no,cellular,28,may,300,1,-1,0,unknown,1
59,student,single,secondary,no,1167,no,no,cellular,7,may,68,1,-1,0,unknown,0
43,retired,married,secondary,no,945,yes,yes,unknown,22,jun,107,1,-1,0,unknown,0
58,services,married,secondary,no,253,no,yes,cellular,11,dec,12,8,-1,0,unknown,0
32,blue-collar,married,secondary,no,732,yes,no,cellular,2,aug,252,1,-1,0,other,0
60,admin.,married,primary,no,3405,yes,no,telephone,8,apr,165,1,-1,0,unknown,0
49,management,divorced,tertiary,no,634,yes,no,cellular,7,dec,109,1,-1,0,unknown,0
47,management,married,unknown,no,1290,no,no,telephone,6,jul,313,1,846,0,unknown,1
43,management,married,tertiary,no,-146,yes,no,cellular,16,nov,295,2,-1,0,unknown,0
38,entrepreneur,married,secondary,no,-78,yes,no,cellular,21,apr,102,1,-1,0,unknown,0
54,services,single,secondary,no,-72,no,no,cellular,11,feb,318,1,-1,0,unknown,0
42,technician,married,unknown,no,2059,yes,no,telephone,22,aug,110,8,-1,0,unknown,0
19,unknown,single,tertiary,no,446,yes,no,cellular,30,may,64,2,-1,1,unknown,0
28,retired,single,tertiary,no,187,yes,yes,cellular,3,oct,328,1,-1,0,unknown,0
38,blue-collar,married,secondary,no,1863,no,no,unknown,18,apr,335,2,218,0,unknown,0
44,technician,married,tertiary,no,79,yes,no,unknown,9,dec,518,1,-1,0,unknown,0
40,blue-collar,married,primary,no,224,no,no,telephone,17,feb,179,8,296,0,unknown,0
54,technician,single,secondary,no,645,yes,no,cellular,2,jul,68,1,749,0,unknown,0
19,management,married,secondary,no,403,yes,no,cellular,27,may,467,1,-1,0,unknown,0
42,student,married,secondary,no,1120,no,yes,telephone,10,sep,49,2,133,1,unknown,0
21,management,single,tertiary,no,418,yes,no,unknown,10,jul,719,1,-1,0,failure,0
49,management,married,secondary,no,548,no,no,unknown,17,sep,94,2,-1,0,unknown,0
39,services,married,secondary,no,2780,yes,yes,unknown,8,dec,4,4,276,0,unknown,0
45,technician,married,secondary,no,3038,yes,no,unknown,20,oct,53,1,-1,0,unknown,0
31,unknown,married,tertiary,yes,2437,yes,no,cellular,6,oct,138,2,-1,0,unknown,0
55,technician,married,secondary,yes,2801,yes,no,telephone,11,may,14,1,-1,0,unknown,0
52,entrepreneur,married,secondary,no,1065,yes,no,unknown,5,nov,135,3,-1,0,unknown,0
47,technician,divorced,unknown,no,1358,yes,yes,unknown,24,jun,58,1,-1,0,unknown,0
39,technician,married,unknown,no,1021,yes,yes,unknown,10,aug,4,1,-1,0,unknown,0
47,blue-collar,single,secondary,no,2109,yes,no,cellular,23,oct,91,4,-1,0,unknown,0
33,admin.,single,tertiary,no,1001,yes,no,telephone,1,jun,66,1,-1,0,success,0
50,blue-collar,married,tertiary,no,-23,yes,no,cellular,8,nov,140,4,678,0,unknown,0
59,self-employed,single,secondary,yes,2287,yes,no,cellular,4,apr,367,2,-1,0,unknown,0
52,management,married,secondary,no,1944,yes,yes,cellular,7,feb,183,1,-1,0,unknown,0
32,blue-collar,divorced,secondary,no,2374,no,yes,unknown,19,jun,377,1,-1,0,failure,0
44,blue-collar,single,secondary,no,116,no,no,unknown,15,dec,105,3,-1,0,unknown,0
26,self-employed,married,secondary,no,275,no,no,unknown,2,sep,3,3,-1,0,other,0
47,management,married,primary,no,325,yes,yes,cellular,17,aug,658,3,-1,0,unknown,0
45,blue-collar,married,secondary,no,864,yes,no,cellular,26,mar,97,3,-1,0,failure,0
20,services,married,tertiary,no,15,yes,no,telephone,21,may,193,1,-1,0,unknown,0
28,technician,married,secondary,no,530,no,no,cellular,31,jun,163,1,815,0,unknown,0
37,services,married,tertiary,no,101,yes,no,cellular,16,jul,225,2,-1,0,unknown,0
37,management,single,secondary,no,261,yes,yes,unknown,27,feb,557,2,-1,0,unknown,0
27,admin.,married,tertiary,no,1638,yes,no,cellular,14,jun,520,3,-1,0,failure,0
45,self-employed,single,tertiary,no,2694,no,no,cellular,3,feb,1022,1,-1,0,unknown,0
43,unknown,single,tertiary,no,-165,no,no,cellular,27,aug,193,1,-1,0,unknown,0
38,blue-collar,married,secondary,no,1051,yes,no,unknown,19,jul,659,4,-1,0,success,0
32,management,single,tertiary,no,-144,yes,no,unknown,8,feb,169,4,-1,0,unknown,0
52,self-employed,married,primary,no,-66,no,yes,unknown,17,apr,11,9,-1,0,unknown,0
59,blue-collar,married,tertiary,no,1631,yes,yes,telephone,29,jul,40,1,85,0,unknown,0
35,management,single,secondary,no,1795,yes,no,cellular,18,sep,104,1,-1,0,unknown,0
34,retired,married,tertiary,no,2322,no,no,unknown,1,mar,333,2,-1,0,unknown,0
46,blue-collar,married,secondary,no,764,yes,no,cellular,7,oct,21,2,-1,1,unknown,0
37,management,divorced,primary,no,2747,yes,no,cellular,4,oct,115,1,-1,0,unknown,0
39,technician,divorced,tertiary,no,73,yes,no,cellular,3,aug,1041,2,-1,0,success,1
49,management,single,secondary,no,230,no,no,unknown,19,sep,397,1,47,0,unknown,0
19,blue-collar,single,secondary,no,16,yes,no,unknown,10,aug,218,1,-1,0,failure,0
55,unknown,married,secondary,no,2195,no,no,cellular,27,apr,16,2,-1,0,unknown,0
41,blue-collar,married,primary,no,189,yes,no,cellular,3,apr,3,1,-1,2,unknown,1
36,admin.,single,secondary,no,53,no,no,unknown,2,nov,28,2,-1,0,unknown,0
40,services,married,secondary,no,1263,no,no,cellular,5,jul,102,1,-1,0,unknown,1
40,blue-collar,married,primary,no,-79,yes,no,unknown,17,apr,240,1,-1,0,unknown,0
21,management,married,secondary,no,-131,yes,no,cellular,5,nov,56,4,-1,2,unknown,0
57,retired,single,secondary,no,-30,no,no,cellular,26,oct,13,3,725,0,unknown,0
41,blue-collar,married,tertiary,no,-199,no,no,cellular,14,oct,24,4,-1,0,unknown,0
45,blue-collar,single,secondary,no,1590,yes,no,cellular,16,jul,143,3,-1,0,unknown,1
51,unknown,married,secondary,no,1039,no,no,telephone,24,sep,382,3,-1,0,unknown,0
29,technician,married,secondary,yes,153,yes,no,unknown,23,dec,443,4,-1,1,unknown,0
46,services,married,tertiary,no,197,yes,yes,cellular,31,sep,88,1,-1,0,unknown,0
38,management,married,primary,no,2298,no,no,unknown,14,sep,280,2,-1,0,unknown,0
50,retired,divorced,secondary,no,845,yes,no,telephone,30,oct,128,7,-1,0,unknown,0
18,management,married,secondary,no,1598,yes,no,cellular,27,dec,927,1,-1,1,failure,0
39,self-employed,married,secondary,no,704,no,no,cellular,31,oct,133,3,701,0,unknown,0
34,management,married,primary,no,207,no,no,telephone,19,jun,130,4,327,0,unknown,0
45,management,married,secondary,no,5080,no,yes,cellular,13,jan,179,6,-1,0,failure,0
46,technician,married,primary,no,1050,no,no,cellular,12,dec,6,5,-1,0,unknown,0
33,technician,married,secondary,no,10,no,no,unknown,25,aug,139,3,-1,1,unknown,0
33,technician,divorced,primary,no,581,no,no,cellular,27,jun,455,3,-1,0,unknown,0
39,blue-collar,single,tertiary,no,399,yes,no,cellular,26,jul,244,1,-1,0,failure,0
31,blue-collar,married,tertiary,no,161,yes,no,cellular,16,feb,899,1,-1,1,unknown,0
50,management,married,secondary,no,3864,yes,no,cellular,29,mar,101,7,-1,0,other,0
36,technician,married,tertiary,no,2991,no,no,cellular,23,jun,45,8,-1,0,unknown,1
18,admin.,married,secondary,no,133,yes,no,cellular,17,mar,358,2,-1,0,other,0
36,retired,single,secondary,no,451,yes,no,cellular,22,may,11,2,-1,0,unknown,0
29,admin.,divorced,secondary,no,1955,no,no,cellular,20,apr,44,2,-1,0,unknown,0
23,retired,married,primary,no,150,yes,no,cellular,6,may,182,2,-1,0,unknown,1
27,technician,single,tertiary,no,1143,yes,no,cellular,14,aug,361,4,-1,0,unknown,0
42,management,married,tertiary,no,1604,yes,no,cellular,16,apr,237,2,-1,0,unknown,0
55,technician,married,tertiary,no,1391,no,no,cellular,31,sep,1361,5,-1,0,success,0
44,services,married,secondary,no,1638,yes,no,cellular,3,mar,274,3,603,0,unknown,0
34,housemaid,married,primary,no,1639,yes,no,cellular,21,dec,333,7,728,0,unknown,0
46,blue-collar,divorced,tertiary,no,4820,yes,yes,cellular,19,jul,1316,3,-1,0,failure,0
35,management,married,tertiary,no,438,yes,no,cellular,7,jul,231,2,-1,0,unknown,0
33,management,married,secondary,no,2962,yes,no,cellular,31,jan,323,5,-1,0,unknown,0
28,technician,divorced,unknown,no,-166,no,no,unknown,5,mar,91,1,-1,0,failure,0
21,blue-collar,single,primary,no,309,yes,no,cellular,20,oct,198,7,-1,1,unknown,0
36,management,single,tertiary,no,-125,yes,no,cellular,31,jan,626,1,-1,0,unknown,0
42,self-employed,divorced,secondary,no,1379,no,no,cellular,26,aug,495,3,-1,0,success,0
39,technician,married,tertiary,no,-40,no,no,unknown,23,oct,94,1,-1,0,unknown,0
36,services,single,tertiary,no,2603,yes,no,unknown,23,may,114,1,-1,0,failure,1
30,admin.,single,secondary,no,1360,yes,yes,cellular,10,apr,483,2,-1,0,failure,0
47,admin.,single,secondary,no,-156,no,no,cellular,9,mar,86,1,-1,1,unknown,0
26,blue-collar,single,secondary,no,1681,yes,no,cellular,31,jul,563,9,-1,0,unknown,0
49,unknown,married,tertiary,no,2771,no,no,cellular,3,aug,383,3,-1,0,unknown,0
29,unknown,single,secondary,no,1423,yes,yes,cellular,27,aug,42,4,704,0,unknown,0
32,unknown,married,secondary,no,-153,yes,no,cellular,27,jan,328,8,-1,0,unknown,0
24,blue-collar,married,tertiary,no,2727,no,no,cellular,10,jul,463,3,-1,0,unknown,0
35,housemaid,married,tertiary,no,1777,yes,no,cellular,16,may,40,1,-1,0,unknown,0
51,admin.,divorced,secondary,no,513,yes,no,cellular,24,feb,157,3,-1,0,unknown,0
46,admin.,married,secondary,no,397,no,no,unknown,23,aug,512,2,-1,0,unknown,0
51,services,married,primary,no,780,yes,no,cellular,9,feb,57,1,-1,0,unknown,0
46,technician,married,tertiary,no,2827,yes,no,telephone,2,jun,153,1,-1,0,unknown,0
28,management,divorced,secondary,no,235,no,no,cellular,6,dec,244,2,861,0,unknown,0
37,blue-collar,married,primary,no,-40,no,no,cellular,5,may,26,1,-1,0,unknown,0
32,blue-collar,single,secondary,no,2799,yes,no,unknown,3,jun,61,1,-1,0,unknown,0
55,admin.,single,unknown,no,-160,no,yes,cellular,7,nov,162,2,-1,0,unknown,0
27,blue-collar,married,secondary,no,3428,yes,yes,cellular,15,oct,120,1,-1,0,unknown,0
50,blue-collar,married,secondary,no,347,no,no,cellular,21,aug,101,5,29,0,unknown,0
50,blue-collar,single,secondary,no,864,no,no,cellular,6,sep,6,3,-1,0,unknown,0
61,management,divorced,secondary,no,12,no,yes,cellular,4,mar,678,1,-1,0,unknown,0
36,blue-collar,single,tertiary,no,3288,no,no,cellular,23,mar,529,6,-1,1,unknown,0
48,admin.,married,tertiary,no,1878,yes,no,cellular,29,jul,128,1,-1,0,unknown,1
66,management,divorced,primary,no,3668,yes,no,cellular,13,mar,51,2,-1,0,success,0
34,blue-collar,married,secondary,no,1524,yes,no,cellular,23,nov,18,2,-1,1,unknown,0
24,blue-collar,married,secondary,no,106,yes,no,cellular,5,oct,33,1,-1,0,unknown,0
20,management,single,secondary,no,352,yes,no,unknown,15,dec,237,2,-1,0,unknown,0
48,management,married,secondary,no,800,no,no,cellular,7,may,341,1,-1,0,failure,0
20,housemaid,single,tertiary,no,1201,no,no,cellular,7,oct,43,1,-1,2,unknown,0
36,entrepreneur,married,secondary,no,3714,yes,no,unknown,10,apr,30,4,-1,0,unknown,0
45,technician,divorced,tertiary,no,526,no,no,cellular,13,nov,303,1,-1,0,unknown,0
43,management,married,tertiary,no,1621,no,no,cellular,24,sep,187,1,-1,0,success,0
45,retired,married,secondary,no,4666,yes,no,cellular,30,nov,119,3,-1,0,success,0
43,blue-collar,single,tertiary,no,47,yes,no,cellular,11,dec,333,4,-1,0,unknown,1
55,unknown,married,secondary,no,2778,yes,no,cellular,1,aug,156,2,-1,0,unknown,0
30,management,married,secondary,no,618,yes,no,cellular,20,dec,161,5,-1,0,unknown,0
33,services,divorced,tertiary,no,1777,no,yes,cellular,11,sep,4,4,-1,1,unknown,0
32,entrepreneur,married,secondary,no,321,no,no,cellular,1,jun,97,2,225,1,unknown,0
50,technician,divorced,secondary,no,409,yes,no,telephone,3,feb,1,3,-1,0,unknown,0
50,blue-collar,married,tertiary,no,-158,yes,no,cellular,8,aug,664,1,-1,0,unknown,0
45,entrepreneur,married,secondary,no,5131,yes,no,unknown,13,jan,89,2,-1,1,other,1
54,services,single,tertiary,no,2318,no,no,telephone,28,nov,51,8,-1,0,unknown,0
28,self-employed,single,secondary,no,-52,no,no,cellular,7,may,24,4,-1,0,unknown,0
59,technician,married,secondary,no,11227,yes,no,cellular,3,feb,12,1,-1,0,unknown,0
57,services,married,primary,no,1193,no,yes,cellular,20,jul,560,6,-1,0,unknown,0
49,admin.,single,tertiary,no,2683,yes,no,cellular,2,may,47,4,750,0,unknown,0
60,self-employed,married,secondary,no,-96,yes,no,unknown,18,oct,247,1,-1,0,unknown,0
22,technician,married,secondary,no,540,no,no,cellular,5,mar,271,3,-1,0,unknown,1
35,blue-collar,married,primary,no,1461,yes,no,cellular,29,jul,98,8,-1,0,unknown,0
32,technician,married,secondary,no,-31,yes,no,cellular,18,dec,462,1,-1,0,unknown,0
48,admin.,married,tertiary,no,806,no,no,cellular,16,mar,62,1,-1,0,unknown,0
29,management,married,tertiary,no,676,yes,no,cellular,27,jun,19,3,518,0,success,0
49,blue-collar,married,tertiary,no,165,yes,no,cellular,7,apr,18,1,-1,0,unknown,0
56,technician,married,tertiary,no,335,yes,no,cellular,1,dec,92,3,841,0,unknown,0
48,technician,married,tertiary,no,4922,yes,no,cellular,9,oct,160,1,-1,0,unknown,1
44,unknown,single,tertiary,no,310,yes,no,cellular,15,feb,256,2,-1,0,failure,1
30,services,married,primary,no,160,yes,yes,cellular,26,sep,336,5,-1,0,unknown,1
31,blue-collar,single,tertiary,no,952,no,yes,cellular,1,jun,50,4,-1,0,unknown,0
54,services,single,secondary,no,1467,no,no,cellular,27,may,297,1,-1,0,unknown,1
49,technician,married,secondary,no,1736,yes,no,cellular,17,may,52,3,-1,0,unknown,0
40,blue-collar,single,tertiary,no,1905,yes,yes,cellular,30,aug,1515,2,-1,0,unknown,0
36,blue-collar,married,primary,no,-143,no,no,cellular,9,may,824,11,-1,0,success,0
18,management,single,secondary,no,550,no,no,cellular,23,aug,27,1,-1,1,unknown,1
29,blue-collar,divorced,secondary,no,2030,yes,no,cellular,30,aug,274,2,-1,0,unknown,0
62,retired,married,primary,no,3328,no,no,cellular,15,jan,602,1,-1,0,unknown,0
26,blue-collar,single,tertiary,no,1182,yes,yes,cellular,10,apr,21,2,-1,0,unknown,0
43,admin.,married,secondary,no,-119,no,yes,cellular,28,sep,34,1,-1,2,unknown,0
52,blue-collar,married,tertiary,no,557,yes,yes,cellular,20,feb,109,5,-1,0,unknown,0
27,management,single,unknown,no,-84,no,no,cellular,3,nov,25,2,-1,1,unknown,1
43,management,married,primary,no,1870,yes,no,telephone,28,apr,559,6,9,0,unknown,0
51,blue-collar,married,tertiary,no,-101,no,no,cellular,5,apr,537,3,-1,0,unknown,0
41,technician,married,secondary,no,108,yes,no,cellular,2,jan,766,1,-1,0,unknown,0
72,management,single,primary,no,609,yes,no,cellular,22,oct,59,1,-1,0,success,1
22,blue-collar,married,tertiary,no,731,no,no,cellular,6,oct,11,2,-1,0,unknown,0
52,blue-collar,divorced,primary,no,582,no,no,cellular,16,jul,151,10,-1,0,other,0
39,technician,married,secondary,yes,733,no,no,cellular,12,dec,548,5,-1,1,unknown,0
49,admin.,married,secondary,no,1673,yes,no,cellular,17,jan,262,4,-1,0,failure,0
45,unknown,single,secondary,no,491,no,no,unknown,12,may,1647,2,-1,0,unknown,1
32,technician,married,secondary,no,990,no,no,cellular,26,aug,609,1,-1,0,unknown,0
43,admin.,single,tertiary,no,342,yes,no,unknown,25,apr,128,1,-1,0,unknown,0
20,unknown,married,unknown,no,454,no,no,unknown,17,may,10,4,-1,0,unknown,0
47,unknown,married,tertiary,no,1227,no,no,unknown,22,nov,1,1,-1,0,unknown,0
44,blue-collar,married,primary,no,811,no,no,unknown,7,oct,266,1,27,2,unknown,0
48,management,divorced,secondary,no,1725,no,no,cellular,24,dec,638,3,-1,0,failure,0
52,retired,married,tertiary,no,1033,no,no,cellular,16,mar,151,1,-1,0,unknown,0
45,technician,single,primary,no,2241,no,no,cellular,18,may,535,3,-1,0,success,0
42,self-employed,married,tertiary,no,678,no,no,cellular,27,dec,215,1,595,0,unknown,0
31,admin.,married,secondary,no,813,no,yes,cellular,8,mar,26,1,-1,0,unknown,0
33,blue-collar,married,tertiary,no,1462,no,no,unknown,27,apr,413,1,-1,0,unknown,0
54,technician,divorced,tertiary,no,175,no,no,cellular,26,nov,175,3,-1,0,unknown,0
56,management,single,secondary,no,531,yes,no,cellular,30,mar,13,2,-1,0,unknown,0
38,technician,single,primary,no,1270,yes,no,telephone,31,may,434,1,18,0,unknown,0
41,blue-collar,married,unknown,no,-156,yes,no,cellular,18,feb,365,1,-1,0,failure,0
31,technician,married,secondary,no,661,no,no,cellular,2,sep,157,9,-1,0,unknown,0
53,blue-collar,married,tertiary,no,1170,yes,yes,cellular,9,mar,5,3,-1,1,unknown,0
48,management,divorced,tertiary,no,4934,yes,no,unknown,23,oct,109,3,-1,0,unknown,0
62,housemaid,married,tertiary,no,2943,yes,no,cellular,24,jan,147,2,-1,0,unknown,0
31,management,married,tertiary,no,294,no,no,cellular,16,may,46,2,-1,0,unknown,0
36,self-employed,married,primary,no,861,no,no,cellular,17,apr,45,4,-1,0,unknown,0
43,services,married,secondary,no,-112,no,yes,unknown,10,feb,47,4,-1,0,unknown,0
48,blue-collar,married,secondary,no,213,yes,yes,cellular,22,dec,119,1,794,0,failure,0
38,admin.,single,primary,no,2036,yes,no,telephone,1,dec,438,4,-1,0,failure,1
31,blue-collar,married,tertiary,no,-2,yes,no,unknown,21,aug,367,3,-1,0,unknown,0
50,unknown,single,primary,no,246,yes,no,cellular,18,sep,2,2,-1,0,unknown,0
48,technician,single,secondary,no,4124,no,no,cellular,15,jun,2,2,-1,0,unknown,0
30,technician,married,secondary,no,2404,yes,no,cellular,9,aug,20,4,853,0,unknown,0
55,blue-collar,married,primary,no,2083,yes,no,cellular,3,feb,162,4,-1,0,unknown,0
53,blue-collar,married,secondary,no,2798,yes,yes,unknown,16,nov,566,1,-1,0,unknown,0
42,blue-collar,divorced,primary,no,1877,yes,no,cellular,26,jun,51,2,-1,0,failure,0
41,technician,married,primary,no,-7,yes,no,unknown,23,jan,167,7,-1,0,unknown,0
47,technician,married,tertiary,no,890,yes,no,telephone,15,oct,10,3,-1,0,unknown,0
31,management,married,secondary,no,681,yes,no,cellular,2,mar,5,8,-1,0,other,0
41,management,married,tertiary,no,359,yes,no,cellular,10,jul,1,3,-1,0,unknown,0
18,technician,married,primary,no,2494,yes,no,cellular,4,dec,344,2,-1,0,unknown,0
50,management,married,secondary,no,735,no,no,cellular,26,jan,6,2,-1,0,unknown,0
23,management,single,secondary,no,-106,no,no,cellular,19,jun,82,3,-1,0,other,0
57,admin.,single,secondary,no,282,yes,yes,cellular,17,jul,267,3,-1,0,failure,0
37,management,married,secondary,no,189,no,no,unknown,10,mar,248,3,-1,1,unknown,1
38,unknown,married,primary,no,3076,no,no,cellular,22,nov,14,6,-1,0,unknown,0
34,technician,single,primary,no,1363,yes,no,cellular,21,aug,76,1,-1,0,unknown,0
37,services,married,unknown,no,1032,yes,no,cellular,6,aug,263,4,-1,0,unknown,0
56,blue-collar,divorced,tertiary,no,859,yes,no,telephone,30,may,128,2,-1,0,unknown,0
18,technician,married,tertiary,no,1375,yes,no,cellular,1,nov,161,5,701,1,unknown,1
55,blue-collar,single,secondary,no,1908,no,no,cellular,11,feb,59,2,-1,0,unknown,0
44,entrepreneur,married,tertiary,no,1012,yes,no,unknown,16,feb,9,6,581,1,unknown,0
27,blue-collar,married,tertiary,no,3977,no,no,unknown,24,may,109,2,-1,0,unknown,0
29,management,single,primary,no,5447,yes,no,telephone,20,apr,296,1,-1,0,unknown,0
59,student,married,primary,no,7853,no,no,unknown,7,dec,375,3,-1,1,unknown,0
30,blue-collar,married,primary,no,1460,no,no,cellular,24,apr,231,3,-1,0,unknown,0
28,technician,married,primary,no,3846,no,no,unknown,3,may,128,3,466,0,unknown,0
53,admin.,single,primary,no,577,no,no,cellular,14,jan,225,3,-1,0,unknown,1
44,technician,married,secondary,no,2744,yes,no,cellular,4,jul,314,1,-1,0,unknown,1
30,services,single,primary,no,3398,no,no,unknown,9,mar,363,7,-1,0,unknown,0
43,blue-collar,married,tertiary,no,3317,yes,no,cellular,15,oct,25,1,-1,1,unknown,0
29,admin.,married,secondary,no,2465,no,no,cellular,12,oct,419,2,-1,0,failure,0
53,management,single,secondary,no,582,yes,no,cellular,25,aug,16,2,-1,0,unknown,0
52,services,married,tertiary,no,59,yes,no,cellular,16,sep,527,5,-1,0,unknown,0
46,admin.,married,secondary,no,409,no,yes,cellular,23,aug,128,3,-1,0,unknown,0
44,technician,married,secondary,no,1986,yes,no,cellular,19,nov,204,2,-1,0,unknown,1
60,management,married,tertiary,no,197,yes,no,unknown,14,dec,88,1,-1,0,unknown,0
40,technician,single,primary,no,775,yes,yes,cellular,27,feb,143,1,-1,0,unknown,0
27,housemaid,married,primary,no,1049,no,no,unknown,4,jul,481,2,-1,0,unknown,0
45,technician,married,secondary,no,1188,no,no,cellular,23,dec,90,1,-1,0,unknown,0
63,blue-collar,married,secondary,no,3916,no,no,cellular,29,apr,214,2,-1,0,other,1
29,management,married,secondary,no,1424,no,no,cellular,6,may,268,1,-1,1,unknown,0
37,entrepreneur,married,secondary,no,2114,yes,no,unknown,22,nov,40,4,27,0,unknown,0
45,blue-collar,divorced,secondary,no,1107,yes,no,cellular,11,oct,388,4,-1,0,unknown,0
40,unemployed,single,unknown,no,2489,no,no,cellular,4,may,1800,2,-1,0,success,0
30,blue-collar,married,tertiary,no,259,no,no,cellular,26,nov,43,1,-1,0,unknown,0
53,admin.,married,secondary,yes,153,yes,no,unknown,8,sep,376,1,156,0,unknown,0
66,blue-collar,divorced,secondary,no,3712,yes,no,cellular,9,dec,41,2,-1,0,failure,0
43,management,married,tertiary,no,1573,yes,no,cellular,26,feb,774,4,-1,0,unknown,0
31,technician,married,tertiary,no,1469,yes,no,unknown,23,feb,136,4,-1,0,failure,0
23,blue-collar,single,secondary,no,744,yes,no,cellular,24,mar,1008,2,-1,0,unknown,0
43,unemployed,married,unknown,no,509,yes,no,unknown,26,may,18,1,-1,0,unknown,0
53,services,married,secondary,no,1016,yes,no,unknown,2,dec,403,1,-1,0,unknown,0
46,technician,divorced,secondary,no,-7,yes,no,cellular,20,apr,165,1,-1,0,unknown,0
40,technician,single,secondary,no,709,no,no,cellular,3,oct,88,1,-1,0,unknown,0
34,management,married,tertiary,no,711,no,no,cellular,6,oct,355,1,-1,0,unknown,0
28,self-employed,married,secondary,no,959,yes,no,unknown,2,dec,260,1,-1,0,unknown,0
50,services,married,secondary,no,1310,yes,no,cellular,23,sep,601,3,-1,0,unknown,0
51,admin.,single,secondary,no,4530,no,no,unknown,8,mar,73,1,-1,0,unknown,0
23,entrepreneur,married,tertiary,no,1384,yes,no,cellular,20,jan,724,3,-1,0,unknown,0
58,blue-collar,married,secondary,no,3027,no,no,cellular,24,may,264,1,-1,0,unknown,1
47,blue-collar,divorced,secondary,no,1018,yes,no,cellular,8,aug,154,3,-1,1,unknown,0
56,technician,married,secondary,no,1278,no,no,cellular,3,jan,14,1,542,0,unknown,1
26,blue-collar,married,secondary,no,-91,yes,no,cellular,17,jan,373,1,142,1,unknown,0
25,management,married,secondary,no,14,yes,no,cellular,11,jun,504,1,729,0,unknown,0
39,management,married,secondary,no,1100,no,yes,cellular,3,jul,427,7,-1,0,unknown,0
46,services,married,secondary,no,555,no,no,cellular,26,aug,343,2,-1,0,unknown,0
60,admin.,divorced,tertiary,no,2205,yes,no,cellular,31,aug,899,2,672,0,unknown,0
48,blue-collar,single,secondary,no,975,no,yes,cellular,12,mar,487,7,166,0,unknown,0
38,blue-collar,married,secondary,no,3009,yes,no,cellular,14,apr,678,3,-1,0,unknown,0
29,technician,married,secondary,no,5181,no,no,cellular,31,sep,338,1,-1,0,unknown,0
54,admin.,married,primary,no,39,yes,no,unknown,29,nov,442,2,-1,0,unknown,0
30,admin.,married,tertiary,no,553,yes,no,cellular,1,may,88,4,-1,0,unknown,0
58,admin.,married,primary,no,1440,no,no,unknown,12,nov,285,3,-1,0,unknown,0
37,admin.,divorced,primary,no,346,yes,no,cellular,30,sep,59,1,-1,0,unknown,0
58,management,married,unknown,no,265,yes,no,unknown,18,dec,18,4,711,0,unknown,0
48,technician,married,tertiary,no,2320,yes,no,cellular,24,may,223,2,-1,0,unknown,0
39,blue-collar,married,tertiary,no,5696,yes,no,cellular,4,may,394,4,-1,0,unknown,0
35,technician,married,secondary,no,2029,no,no,cellular,30,sep,22,2,-1,0,failure,0
37,admin.,married,secondary,no,912,yes,yes,cellular,29,jun,51,2,-1,0,unknown,0
45,technician,married,tertiary,no,676,no,no,cellular,25,mar,25,3,293,0,unknown,0
41,management,married,unknown,no,963,yes,no,cellular,23,dec,259,4,-1,0,failure,0
34,entrepreneur,single,secondary,no,732,yes,no,cellular,3,may,21,2,-1,0,unknown,0
39,housemaid,married,tertiary,no,848,yes,no,cellular,30,jan,25,1,-1,0,unknown,0
41,technician,married,secondary,no,141,no,no,telephone,17,sep,79,2,-1,1,success,0
18,blue-collar,married,secondary,no,3311,yes,no,cellular,31,oct,81,1,-1,0,unknown,0
46,blue-collar,divorced,secondary,no,1906,yes,no,cellular,13,oct,210,1,-1,0,unknown,0
30,management,married,secondary,no,1513,yes,no,cellular,17,nov,8,2,247,1,unknown,0
28,blue-collar,married,secondary,no,4291,no,no,cellular,30,jul,246,1,-1,1,unknown,0
22,retired,married,tertiary,no,301,yes,no,cellular,17,jan,136,1,61,0,unknown,0
21,blue-collar,single,primary,no,-73,no,no,cellular,26,nov,50,1,420,0,unknown,0
26,services,married,primary,no,2424,yes,no,cellular,19,nov,273,1,264,0,unknown,0
33,technician,married,secondary,no,9472,yes,no,cellular,5,apr,103,1,-1,0,other,0
62,management,married,primary,no,1095,yes,yes,cellular,8,feb,453,1,795,0,unknown,0
35,self-employed,married,secondary,no,-109,yes,no,unknown,24,mar,1173,2,-1,0,unknown,0
42,technician,married,secondary,no,2074,yes,no,unknown,2,apr,389,3,-1,0,unknown,0
45,blue-collar,married,tertiary,no,-85,no,no,cellular,25,dec,350,3,-1,0,unknown,0
42,admin.,single,secondary,no,964,yes,no,cellular,9,feb,113,1,-1,0,unknown,0
40,technician,single,secondary,no,287,yes,no,cellular,7,oct,197,2,-1,0,unknown,0
27,admin.,married,secondary,no,3498,yes,yes,cellular,16,jan,13,2,-1,0,unknown,0
56,management,married,tertiary,no,700,yes,no,cellular,12,nov,335,1,-1,0,unknown,0
60,technician,married,secondary,no,3231,yes,no,cellular,26,apr,290,2,-1,0,unknown,0
22,management,married,tertiary,no,333,no,yes,cellular,21,sep,80,2,-1,0,unknown,0
29,admin.,divorced,tertiary,no,534,yes,yes,unknown,5,nov,197,2,501,0,unknown,0
37,technician,divorced,tertiary,no,4209,no,no,unknown,24,nov,293,2,819,0,unknown,1
30,admin.,married,primary,no,137,yes,no,unknown,31,sep,118,2,-1,0,unknown,0
46,self-employed,married,secondary,no,1095,yes,no,cellular,24,dec,333,8,-1,0,unknown,0
32,blue-collar,married,secondary,no,537,yes,yes,unknown,21,sep,411,4,-1,0,unknown,0
64,blue-collar,single,secondary,no,2031,yes,no,cellular,22,mar,65,1,-1,0,unknown,0
54,blue-collar,single,secondary,no,7,yes,no,cellular,6,jan,92,2,-1,0,unknown,0
43,technician,single,tertiary,no,662,yes,no,unknown,22,jan,132,1,-1,0,unknown,0
52,blue-collar,single,secondary,no,1600,yes,no,unknown,21,mar,69,2,-1,1,success,0
53,blue-collar,married,secondary,no,583,no,no,telephone,25,oct,385,3,-1,0,unknown,0
34,housemaid,single,tertiary,no,-109,yes,no,cellular,30,aug,218,1,-1,3,unknown,0
32,self-employed,single,tertiary,no,1631,no,no,cellular,17,apr,123,1,-1,0,failure,1
41,services,married,tertiary,no,849,yes,no,cellular,15,nov,4,1,-1,0,failure,0
50,services,married,primary,no,-182,no,no,unknown,10,aug,101,1,782,2,unknown,0
42,blue-collar,single,tertiary,no,1222,yes,no,telephone,3,jul,467,3,-1,0,failure,0
23,unknown,married,tertiary,no,3586,yes,no,cellular,7,aug,351,2,-1,0,unknown,0
32,services,single,secondary,no,-23,no,no,cellular,29,feb,17,2,-1,0,other,0
40,entrepreneur,single,unknown,no,1139,yes,no,cellular,25,aug,417,2,-1,0,unknown,1
40,unemployed,single,tertiary,no,1756,no,no,unknown,2,sep,50,1,-1,1,unknown,0
62,blue-collar,single,secondary,no,-89,no,no,cellular,13,oct,1121,1,-1,0,unknown,0
25,blue-collar,married,secondary,no,-165,yes,no,cellular,27,nov,523,5,-1,0,unknown,0
46,retired,single,tertiary,no,735,no,no,unknown,29,jun,630,2,33,1,other,0
57,unemployed,married,primary,no,2149,no,no,cellular,14,mar,378,2,-1,0,unknown,0
65,technician,married,secondary,no,62,no,no,unknown,4,jul,320,3,191,0,failure,0
36,admin.,married,secondary,no,2517,no,no,unknown,8,sep,72,1,-1,2,unknown,0
46,blue-collar,married,primary,no,1403,yes,no,cellular,5,aug,227,4,-1,0,unknown,0
47,technician,married,primary,no,405,yes,no,cellular,12,aug,307,3,-1,0,unknown,0
43,admin.,divorced,secondary,no,887,no,no,telephone,27,nov,87,1,-1,0,unknown,0
39,blue-collar,married,secondary,no,4853,yes,no,cellular,24,jul,131,1,-1,0,unknown,0
45,retired,married,tertiary,no,165,yes,no,cellular,12,may,758,1,-1,0,unknown,0
18,technician,married,secondary,no,838,yes,no,cellular,11,feb,135,1,288,0,unknown,0
48,blue-collar,married,primary,no,1269,no,no,cellular,2,may,97,1,372,0,unknown,0
42,blue-collar,single,secondary,no,22,yes,no,cellular,28,may,29,1,-1,0,unknown,0
38,entrepreneur,married,secondary,no,-133,no,no,cellular,24,feb,107,1,-1,0,failure,0
63,management,single,secondary,no,-179,yes,no,cellular,22,nov,244,2,-1,0,unknown,0
33,unemployed,single,secondary,no,388,yes,no,cellular,5,oct,41,1,-1,0,unknown,0
36,blue-collar,married,secondary,no,-84,no,no,cellular,13,jan,239,1,544,0,unknown,1
62,admin.,single,secondary,no,2242,no,no,cellular,18,may,348,2,-1,0,unknown,0
31,blue-collar,married,tertiary,no,8682,yes,no,telephone,23,jun,377,3,-1,0,unknown,0
34,technician,married,secondary,no,-105,yes,no,cellular,17,jul,1080,6,-1,0,unknown,0
39,entrepreneur,divorced,primary,no,650,yes,no,unknown,30,nov,147,2,820,0,unknown,0
50,entrepreneur,single,secondary,no,-160,no,no,cellular,6,feb,8,1,-1,0,unknown,0
43,blue-collar,married,tertiary,no,15,yes,no,cellular,19,jun,497,2,649,0,unknown,0
26,blue-collar,married,secondary,no,384,yes,no,telephone,22,dec,22,11,-1,0,unknown,0
35,blue-collar,married,secondary,no,550,no,yes,cellular,17,aug,510,5,-1,0,unknown,0
34,management,married,tertiary,no,4014,yes,no,cellular,17,jun,1046,3,138,0,unknown,0
40,blue-collar,divorced,tertiary,no,555,yes,no,cellular,18,mar,612,3,-1,0,unknown,0
45,management,married,tertiary,no,828,no,no,cellular,26,mar,857,3,-1,0,unknown,0
45,management,married,tertiary,no,222,no,no,cellular,15,nov,6,1,-1,0,unknown,0
21,self-employed,divorced,tertiary,no,-199,no,yes,cellular,23,jul,2,2,-1,2,unknown,0
52,blue-collar,married,secondary,no,3243,yes,yes,cellular,28,feb,60,3,-1,0,unknown,0
43,unknown,married,primary,no,-72,no,no,unknown,30,mar,413,1,698,0,unknown,0
56,entrepreneur,divorced,tertiary,no,4796,no,no,unknown,28,jul,24,5,-1,0,failure,0
45,services,single,unknown,no,10,yes,no,cellular,20,sep,354,1,344,0,unknown,0
53,unknown,single,primary,no,1192,no,yes,unknown,4,jan,3,1,162,0,unknown,1
46,admin.,married,secondary,no,10954,yes,no,cellular,4,may,338,1,-1,0,unknown,0
55,technician,single,secondary,no,23,no,no,cellular,5,feb,74,2,-1,0,unknown,0
46,unemployed,married,tertiary,no,627,no,no,telephone,15,dec,149,2,-1,0,unknown,0
39,admin.,married,tertiary,no,2074,no,no,cellular,2,may,967,1,-1,1,unknown,1
65,services,divorced,tertiary,no,-150,yes,yes,cellular,11,jun,207,4,-1,0,unknown,0
50,management,married,tertiary,no,1555,no,no,cellular,23,aug,20,1,-1,0,unknown,0
47,technician,single,secondary,no,-74,yes,no,cellular,3,jul,532,2,-1,0,unknown,0
26,technician,married,secondary,no,204,no,no,cellular,11,may,100,2,-1,0,unknown,0
26,technician,married,secondary,no,61,no,no,unknown,3,nov,227,5,-1,0,unknown,0
44,services,single,tertiary,no,3368,yes,no,cellular,11,may,320,5,-1,0,unknown,0
42,management,married,tertiary,no,98,yes,no,cellular,29,feb,387,1,-1,0,unknown,0
34,management,single,secondary,no,-138,no,yes,cellular,31,jun,146,2,-1,0,unknown,0
42,technician,married,tertiary,no,1128,yes,no,unknown,2,mar,382,9,432,0,unknown,0
58,management,divorced,secondary,yes,437,no,no,cellular,22,jun,32,1,-1,0,unknown,0
48,technician,married,secondary,no,580,yes,no,cellular,20,mar,192,1,-1,0,unknown,0
28,admin.,married,tertiary,no,-9,no,no,telephone,20,feb,5,3,-1,0,unknown,0
39,blue-collar,married,secondary,no,1868,yes,no,cellular,15,aug,134,2,-1,0,unknown,0
32,management,divorced,tertiary,no,1180,yes,yes,cellular,8,apr,117,6,445,0,unknown,0
36,blue-collar,single,primary,no,479,no,no,cellular,28,may,986,2,-1,0,failure,0
36,entrepreneur,single,primary,no,82,no,no,cellular,31,sep,130,2,-1,0,unknown,0
35,management,married,secondary,no,1150,yes,no,cellular,2,apr,613,5,-1,0,unknown,0
27,retired,married,secondary,no,2061,no,yes,cellular,23,jan,147,1,-1,0,unknown,0
39,retired,married,tertiary,no,361,yes,no,cellular,18,nov,196,2,199,0,unknown,0
34,admin.,married,tertiary,no,-160,no,no,unknown,22,jun,111,4,-1,2,unknown,0
18,admin.,married,tertiary,no,161,yes,no,cellular,29,nov,263,2,202,1,unknown,0
63,management,divorced,secondary,no,1520,yes,no,cellular,21,nov,346,1,-1,0,unknown,0
52,unemployed,single,secondary,no,6577,yes,yes,unknown,8,may,403,2,-1,0,failure,0
36,admin.,married,tertiary,no,-179,yes,no,cellular,22,oct,305,2,-1,0,failure,0
41,services,married,tertiary,no,348,no,no,cellular,12,mar,103,9,835,0,unknown,0
28,management,single,secondary,no,-103,no,no,cellular,23,nov,103,1,-1,0,unknown,0
59,self-employed,married,secondary,no,370,yes,yes,cellular,6,nov,110,3,-1,1,unknown,0
61,admin.,married,tertiary,no,581,yes,no,cellular,24,may,9,1,-1,0,unknown,0
42,services,married,secondary,no,3604,no,no,cellular,2,aug,739,2,-1,1,unknown,1
52,management,married,secondary,yes,-74,yes,no,unknown,12,jan,56,2,-1,1,unknown,0
42,admin.,single,secondary,no,2051,yes,yes,cellular,23,apr,44,5,-1,0,unknown,1
26,unemployed,married,secondary,no,555,yes,no,cellular,21,mar,207,2,431,0,unknown,0
36,retired,married,tertiary,no,2301,yes,no,cellular,30,apr,12,4,581,0,unknown,0
42,blue-collar,married,secondary,no,880,yes,no,telephone,12,feb,469,3,63,0,unknown,0
35,self-employed,single,secondary,no,-139,no,yes,cellular,13,feb,538,2,-1,0,unknown,0
38,blue-collar,married,secondary,no,4183,yes,no,telephone,31,feb,130,1,851,0,unknown,0
39,blue-collar,married,secondary,no,-70,no,no,telephone,9,mar,917,1,-1,0,unknown,0
40,blue-collar,divorced,tertiary,yes,1165,yes,no,cellular,15,dec,101,1,-1,0,unknown,0
41,self-employed,divorced,secondary,yes,2951,no,no,cellular,11,sep,77,1,-1,1,failure,0
29,management,divorced,tertiary,no,-75,yes,no,cellular,9,may,1180,1,-1,0,unknown,0
33,blue-collar,single,secondary,no,1010,no,no,cellular,24,apr,74,2,-1,0,unknown,1
26,retired,married,secondary,no,2408,yes,no,cellular,8,apr,151,8,-1,0,failure,0
51,admin.,married,secondary,no,6238,yes,no,unknown,30,mar,244,3,-1,0,unknown,0
18,blue-collar,married,secondary,no,1732,no,yes,telephone,20,sep,100,1,-1,2,unknown,1
53,services,married,tertiary,no,289,yes,no,cellular,28,nov,125,3,-1,0,unknown,0
56,self-employed,divorced,secondary,no,1603,no,no,telephone,24,oct,329,2,-1,1,unknown,0
37,management,single,primary,no,1635,no,no,cellular,18,jan,331,2,-1,0,unknown,1
18,entrepreneur,single,secondary,no,1605,yes,no,cellular,11,jun,419,2,-1,0,unknown,1
37,management,married,secondary,no,2688,yes,no,cellular,5,apr,232,1,-1,0,unknown,0
40,technician,divorced,secondary,no,-62,yes,no,cellular,4,aug,68,5,-1,0,other,0
29,blue-collar,single,tertiary,no,-27,no,yes,cellular,21,jul,104,2,212,0,unknown,0
35,services,married,secondary,no,1335,yes,no,cellular,5,mar,595,3,356,1,failure,0
57,services,single,secondary,no,4414,no,yes,unknown,21,may,341,1,-1,0,unknown,0
48,management,married,secondary,no,740,no,no,cellular,7,nov,23,1,-1,0,unknown,0
30,management,married,secondary,no,4649,yes,no,unknown,17,nov,361,3,-1,0,success,0
23,blue-collar,single,primary,no,3972,no,no,cellular,29,apr,103,6,-1,0,failure,0
37,blue-collar,single,tertiary,no,3298,yes,no,cellular,18,apr,6,2,-1,0,unknown,0
38,technician,married,tertiary,no,3409,yes,no,unknown,23,oct,170,1,-1,0,unknown,0
46,services,married,tertiary,no,3228,no,no,cellular,1,aug,554,2,870,0,unknown,0
35,self-employed,divorced,tertiary,no,2371,yes,no,unknown,16,sep,151,2,-1,0,unknown,0
46,entrepreneur,single,secondary,no,1581,yes,no,cellular,9,nov,1158,1,-1,0,unknown,0
62,services,single,tertiary,no,-162,no,no,unknown,12,apr,50,5,811,0,unknown,0
49,entrepreneur,married,secondary,no,12,no,no,cellular,19,dec,111,3,-1,0,unknown,0
40,admin.,married,secondary,no,16,yes,no,cellular,11,feb,4,2,-1,1,unknown,0
38,blue-collar,married,tertiary,no,-164,no,no,telephone,6,jan,13,2,-1,0,failure,0
37,management,married,tertiary,no,-13,yes,no,unknown,4,oct,112,1,-1,0,unknown,0
53,self-employed,married,tertiary,no,3583,no,no,cellular,16,apr,193,1,-1,0,unknown,0
34,blue-collar,married,tertiary,no,1435,no,yes,unknown,3,aug,69,2,-1,0,failure,1
41,admin.,married,secondary,yes,361,yes,no,telephone,8,may,46,1,-1,0,unknown,1
41,technician,married,secondary,no,2165,yes,no,cellular,16,feb,140,1,-1,0,unknown,0
35,management,single,secondary,no,805,no,no,cellular,29,nov,48,2,596,0,unknown,0
25,management,married,tertiary,yes,29,no,no,cellular,2,apr,257,2,-1,0,unknown,0
44,blue-collar,married,unknown,no,3037,yes,no,cellular,13,apr,801,3,-1,0,unknown,0
40,retired,married,secondary,no,420,yes,no,cellular,19,oct,423,1,-1,0,other,0
46,technician,married,secondary,no,1600,yes,no,unknown,24,may,62,1,-1,0,unknown,0
35,retired,married,secondary,no,314,yes,no,telephone,16,feb,778,1,-1,0,unknown,0
54,retired,divorced,primary,no,839,no,yes,cellular,19,jul,358,2,-1,0,unknown,0
31,retired,single,tertiary,no,2341,yes,no,cellular,8,may,43,2,-1,1,unknown,0
59,blue-collar,married,secondary,no,55,no,yes,unknown,23,apr,223,1,-1,0,unknown,0
21,services,married,unknown,no,5474,no,no,cellular,2,aug,876,3,-1,0,unknown,0
45,blue-collar,married,primary,no,-90,no,no,cellular,1,feb,26,3,-1,0,unknown,0
46,blue-collar,single,secondary,no,945,yes,no,cellular,17,jan,81,4,-1,0,unknown,0
32,management,married,primary,no,3515,no,no,unknown,18,jun,120,1,-1,0,unknown,0
45,technician,married,secondary,no,4169,no,no,unknown,7,oct,31,2,-1,0,failure,0
55,management,single,secondary,no,196,yes,no,unknown,9,oct,91,2,-1,1,unknown,0
18,unknown,single,secondary,no,33,yes,no,unknown,23,aug,304,1,767,0,unknown,0
46,technician,single,primary,no,1733,no,no,cellular,3,jul,167,7,-1,1,unknown,0
18,technician,single,tertiary,no,-135,yes,no,cellular,24,sep,141,4,-1,0,other,0
30,admin.,divorced,secondary,no,796,no,no,cellular,24,jan,145,1,-1,1,unknown,0
58,technician,married,unknown,no,2187,yes,no,cellular,25,mar,367,2,-1,0,unknown,0
34,technician,married,secondary,no,1032,yes,no,cellular,11,sep,1223,1,-1,1,failure,0
28,management,single,tertiary,no,112,yes,yes,cellular,28,may,229,5,-1,0,unknown,0
38,admin.,single,tertiary,no,801,yes,yes,cellular,16,jun,359,1,-1,0,unknown,0
63,management,divorced,secondary,no,3612,yes,no,cellular,29,nov,120,5,-1,0,other,0
20,blue-collar,married,secondary,no,1240,yes,no,cellular,9,jul,508,4,663,0,unknown,0
29,blue-collar,married,primary,no,1717,yes,no,cellular,12,mar,140,2,-1,0,unknown,0
57,retired,married,secondary,no,414,yes,no,unknown,14,jul,705,3,673,0,unknown,0
61,unknown,married,tertiary,no,113,yes,no,telephone,25,mar,351,1,-1,1,success,0
39,admin.,married,secondary,no,242,no,no,unknown,4,jun,317,1,-1,0,success,0
27,management,single,tertiary,no,942,yes,no,cellular,26,aug,88,1,-1,1,unknown,0
64,technician,married,secondary,no,293,no,no,cellular,4,jul,410,2,-1,0,unknown,0
58,technician,single,secondary,no,971,no,no,cellular,11,may,28,1,-1,0,failure,0
48,management,single,secondary,no,1645,yes,no,telephone,2,dec,199,1,730,0,unknown,0
32,technician,married,primary,no,1788,yes,no,unknown,31,jun,342,2,357,0,unknown,0
40,technician,married,secondary,no,69,no,no,cellular,24,apr,554,5,-1,1,unknown,0
39,blue-collar,single,secondary,no,1882,no,no,unknown,18,feb,217,2,-1,1,unknown,0
44,retired,single,primary,no,1475,yes,no,cellular,3,jul,77,4,-1,0,unknown,0
56,entrepreneur,single,tertiary,no,-181,no,no,cellular,25,apr,487,4,-1,0,unknown,0
50,admin.,single,secondary,no,-108,yes,no,cellular,2,jun,376,1,-1,0,unknown,1
29,technician,divorced,unknown,no,1358,yes,yes,cellular,1,oct,43,3,-1,0,unknown,0
56,technician,married,tertiary,no,526,yes,yes,cellular,5,dec,531,3,-1,0,unknown,0
44,blue-collar,divorced,secondary,no,36,yes,no,cellular,7,feb,829,2,105,0,unknown,0
48,management,single,secondary,no,-131,no,yes,unknown,20,feb,199,1,-1,0,unknown,0
57,management,divorced,tertiary,no,60,no,no,cellular,31,jun,10,2,-1,0,failure,0
28,blue-collar,married,tertiary,no,4537,no,no,cellular,4,aug,637,1,464,0,unknown,0
40,self-employed,divorced,secondary,no,1750,yes,no,unknown,27,jan,33,4,-1,0,unknown,0
35,admin.,married,secondary,no,925,yes,no,cellular,3,oct,258,6,174,0,other,0
23,management,single,secondary,no,4059,yes,no,cellular,6,jul,132,2,-1,1,unknown,0
44,services,married,tertiary,no,1247,yes,no,cellular,12,jun,1246,2,-1,1,success,0
68,admin.,married,secondary,no,1739,yes,no,unknown,29,may,642,2,-1,0,failure,0
20,blue-collar,married,secondary,no,298,no,no,cellular,16,oct,395,1,-1,0,unknown,0
40,admin.,married,tertiary,no,1133,yes,no,telephone,8,dec,57,1,-1,0,unknown,1
48,entrepreneur,married,tertiary,no,32,no,no,unknown,11,aug,309,6,-1,0,unknown,0
42,technician,single,secondary,no,577,no,no,unknown,13,jan,219,1,-1,0,unknown,0
39,blue-collar,married,secondary,no,-149,no,yes,cellular,14,may,37,2,-1,0,unknown,0
26,blue-collar,married,secondary,no,166,no,no,unknown,27,dec,408,3,-1,0,failure,0
43,blue-collar,married,secondary,no,-83,yes,yes,telephone,18,jun,23,5,-1,0,unknown,0
32,blue-collar,married,unknown,no,535,yes,no,cellular,22,apr,169,1,155,0,unknown,0
18,self-employed,married,tertiary,no,2577,no,no,cellular,8,oct,143,5,-1,0,unknown,0
54,services,married,secondary,no,512,no,no,telephone,1,nov,423,1,-1,0,unknown,0
51,services,married,secondary,no,2472,yes,no,cellular,4,dec,143,5,123,0,unknown,1
41,admin.,single,tertiary,no,1402,no,yes,cellular,17,oct,305,2,-1,0,unknown,0
43,self-employed,married,tertiary,no,868,no,no,telephone,30,feb,167,1,450,0,unknown,0
52,management,married,secondary,no,205,yes,yes,unknown,20,aug,225,1,-1,1,unknown,0
43,technician,married,primary,no,3629,yes,no,cellular,30,may,71,7,-1,1,unknown,0
50,blue-collar,divorced,tertiary,no,-116,no,no,cellular,27,oct,58,1,-1,0,unknown,1
37,services,married,secondary,no,1551,yes,yes,cellular,25,jun,319,2,-1,0,unknown,0
55,blue-collar,married,primary,no,1256,yes,no,telephone,22,sep,33,2,-1,0,unknown,0
44,admin.,married,tertiary,no,672,yes,no,unknown,6,feb,49,2,-1,1,unknown,0
43,management,married,tertiary,no,212,no,no,telephone,5,may,729,2,-1,0,unknown,0
27,technician,married,unknown,no,645,no,no,cellular,14,dec,75,2,-1,0,unknown,1
44,admin.,married,secondary,no,2892,yes,no,unknown,19,jan,100,1,-1,0,unknown,0
31,management,married,secondary,no,2518,yes,no,cellular,14,mar,258,4,-1,0,unknown,0
33,technician,married,primary,no,4055,yes,no,cellular,2,jun,149,1,-1,0,unknown,0
32,technician,married,tertiary,no,351,yes,no,cellular,9,aug,211,1,326,0,other,0
29,technician,single,primary,no,534,yes,yes,cellular,25,dec,40,1,-1,0,unknown,0
64,retired,divorced,secondary,no,-171,yes,no,cellular,7,may,287,2,-1,0,unknown,0
55,technician,married,tertiary,no,4095,yes,yes,cellular,18,dec,43,3,-1,0,unknown,0
62,blue-collar,single,secondary,no,399,no,yes,telephone,20,apr,355,1,-1,0,unknown,0
27,management,divorced,secondary,no,576,yes,yes,unknown,11,may,191,2,-1,1,unknown,0
41,admin.,single,secondary,no,3375,yes,no,cellular,8,apr,437,2,-1,0,unknown,0
26,technician,married,secondary,no,921,yes,no,cellular,26,feb,48,4,-1,1,unknown,0
33,unknown,single,secondary,no,1052,no,no,cellular,22,jan,122,6,-1,0,unknown,0
30,admin.,married,tertiary,no,90,yes,no,telephone,21,aug,484,3,-1,0,unknown,0
54,management,married,secondary,no,835,yes,no,cellular,27,jan,413,2,-1,0,unknown,0
36,services,married,secondary,no,3555,no,no,unknown,10,feb,870,3,-1,0,unknown,0
52,blue-collar,married,secondary,no,1027,no,no,cellular,18,may,64,2,12,0,success,0
47,blue-collar,married,secondary,no,241,no,no,cellular,17,aug,199,1,-1,0,unknown,0
66,management,married,primary,no,-152,yes,no,cellular,17,oct,4,3,-1,0,unknown,0
24,self-employed,single,secondary,no,414,yes,no,cellular,1,mar,866,2,-1,0,unknown,0
54,admin.,married,secondary,no,1075,no,yes,unknown,31,nov,49,1,-1,0,unknown,0
53,management,married,primary,no,-134,yes,no,unknown,27,nov,606,1,631,0,unknown,0
30,technician,married,tertiary,no,1211,yes,no,cellular,22,sep,292,1,-1,1,unknown,0
52,admin.,married,tertiary,no,911,no,no,unknown,4,jun,712,3,-1,0,unknown,0
44,retired,married,tertiary,no,2094,no,no,cellular,11,nov,73,2,630,0,other,0
38,admin.,divorced,primary,no,-156,no,no,cellular,9,mar,109,1,-1,0,unknown,0
31,blue-collar,married,secondary,no,2076,no,no,unknown,9,oct,46,4,-1,0,unknown,0
33,admin.,married,unknown,no,903,no,no,cellular,3,jul,141,3,-1,0,failure,0
63,entrepreneur,single,primary,no,494,no,no,cellular,6,dec,760,3,-1,0,unknown,0
41,technician,married,tertiary,yes,4845,yes,yes,cellular,6,jul,218,6,-1,0,unknown,0
49,unknown,single,tertiary,no,61,no,no,cellular,10,jul,138,1,-1,0,unknown,0
32,housemaid,married,tertiary,no,969,yes,yes,cellular,10,apr,101,2,-1,0,other,0
32,technician,married,secondary,no,380,no,no,unknown,17,jun,226,3,-1,2,unknown,0
52,blue-collar,married,secondary,no,924,yes,no,cellular,15,mar,331,2,-1,0,failure,0
26,retired,married,unknown,no,1005,yes,no,cellular,25,apr,134,2,509,0,unknown,1
36,blue-collar,married,tertiary,no,-59,no,no,cellular,4,mar,67,6,-1,0,unknown,0
41,services,divorced,secondary,no,1423,yes,no,cellular,22,mar,226,1,-1,0,unknown,0
42,admin.,single,tertiary,no,1309,no,no,telephone,10,jan,117,3,-1,0,unknown,1
39,management,single,tertiary,no,2001,yes,no,unknown,28,may,1334,7,259,0,unknown,0
45,student,single,secondary,no,-57,yes,no,unknown,8,dec,150,1,-1,0,unknown,0
48,admin.,married,tertiary,no,329,yes,no,cellular,1,mar,147,2,-1,0,success,0
49,services,single,tertiary,no,1375,yes,no,unknown,24,dec,471,8,-1,0,unknown,0
30,unknown,married,secondary,no,20,no,no,cellular,22,jan,74,1,532,0,unknown,0
37,services,single,unknown,no,1497,yes,no,cellular,17,sep,17,2,330,0,unknown,0
54,management,married,secondary,no,-108,yes,no,telephone,12,nov,496,2,-1,0,unknown,0
50,technician,single,secondary,no,411,yes,no,cellular,12,dec,229,3,-1,0,unknown,0
25,services,divorced,secondary,no,2613,no,no,cellular,25,apr,77,1,-1,0,unknown,1
44,management,married,tertiary,no,2032,no,no,unknown,13,dec,108,1,-1,2,unknown,0
19,management,married,secondary,no,1352,yes,no,unknown,25,sep,143,2,-1,0,failure,0
41,admin.,married,secondary,no,2865,no,no,cellular,26,feb,294,1,-1,0,unknown,0
61,services,married,primary,no,1653,no,no,unknown,14,feb,162,1,-1,0,failure,0
30,management,single,secondary,no,899,no,no,unknown,8,apr,130,1,-1,0,unknown,0
31,services,divorced,tertiary,no,5646,yes,no,unknown,14,apr,391,5,-1,0,unknown,1
49,retired,married,tertiary,no,1580,no,yes,cellular,7,may,19,1,-1,0,unknown,0
24,blue-collar,married,unknown,no,1179,yes,no,telephone,17,nov,272,5,-1,0,unknown,0
34,services,single,tertiary,no,588,no,no,telephone,11,jan,153,1,-1,1,unknown,0
47,blue-collar,married,secondary,no,3290,no,no,telephone,1,may,105,3,-1,0,unknown,0
34,management,married,secondary,no,325,no,yes,cellular,8,dec,677,3,-1,0,unknown,0
38,technician,divorced,primary,no,-186,yes,no,cellular,13,oct,388,1,773,0,unknown,0
49,blue-collar,single,primary,no,128,no,no,cellular,26,feb,63,2,-1,0,unknown,0
45,blue-collar,married,secondary,no,-26,yes,no,unknown,24,may,272,1,-1,0,unknown,0
43,admin.,married,tertiary,no,376,yes,no,cellular,17,oct,445,6,-1,0,unknown,0
37,admin.,single,secondary,no,2422,yes,no,cellular,24,oct,1171,2,356,0,unknown,0
45,blue-collar,single,unknown,no,1381,no,no,telephone,24,jun,309,1,-1,1,failure,1
39,admin.,single,primary,no,77,yes,no,cellular,12,mar,302,3,-1,1,success,0
46,management,married,unknown,no,2132,yes,no,cellular,31,apr,245,5,-1,0,unknown,0
35,management,divorced,primary,no,852,yes,no,cellular,26,may,10,3,406,0,success,0
38,services,married,primary,no,878,no,no,cellular,16,jun,226,1,-1,0,unknown,0
30,management,single,secondary,no,474,no,no,unknown,10,sep,421,2,-1,0,unknown,0
40,technician,married,primary,no,2799,no,no,telephone,29,sep,129,3,-1,0,unknown,0
32,retired,married,tertiary,no,374,yes,no,cellular,16,jun,228,4,583,0,failure,0
28,entrepreneur,divorced,unknown,no,-51,no,yes,unknown,30,dec,673,1,655,0,unknown,0
43,services,married,tertiary,no,340,no,no,cellular,28,jan,48,1,-1,0,unknown,0
43,technician,married,secondary,no,1684,no,no,cellular,3,jun,84,5,-1,0,unknown,0
49,management,single,tertiary,no,1407,no,no,cellular,1,oct,30,1,-1,0,unknown,0
36,technician,single,tertiary,no,112,no,no,unknown,19,mar,178,2,-1,0,failure,0
45,blue-collar,single,secondary,no,-22,no,no,cellular,24,may,472,3,-1,0,unknown,0
47,technician,married,secondary,no,1422,yes,no,telephone,30,may,147,9,-1,0,unknown,0
45,blue-collar,married,tertiary,no,1492,yes,no,cellular,8,oct,18,2,-1,0,success,0
31,services,divorced,secondary,no,483,no,no,cellular,16,apr,78,2,-1,0,unknown,0
42,services,married,secondary,no,2575,no,no,unknown,28,mar,568,2,-1,0,unknown,0
45,technician,single,secondary,no,5539,no,no,cellular,15,jan,210,1,-1,0,failure,0
41,blue-collar,married,primary,no,145,yes,no,telephone,7,jul,633,1,-1,1,unknown,0
18,blue-collar,single,tertiary,no,1090,yes,no,cellular,2,aug,463,2,-1,0,unknown,0
42,self-employed,married,secondary,no,-191,yes,no,telephone,13,may,138,1,-1,0,unknown,0
65,student,married,tertiary,no,1672,no,no,unknown,5,aug,259,1,-1,0,unknown,0
37,technician,divorced,tertiary,no,602,no,no,cellular,10,apr,281,1,-1,0,unknown,0
32,admin.,married,secondary,no,122,yes,yes,cellular,8,aug,354,2,-1,0,unknown,0
45,technician,single,secondary,no,1892,yes,no,unknown,13,mar,104,7,-1,1,unknown,1
44,management,single,tertiary,no,2296,yes,yes,unknown,19,aug,87,8,-1,0,unknown,0
54,management,single,secondary,no,-23,yes,no,cellular,6,jun,297,3,-1,0,unknown,0
27,blue-collar,divorced,tertiary,no,-137,yes,no,telephone,18,sep,440,4,613,0,unknown,0
49,blue-collar,married,secondary,no,409,no,no,unknown,8,may,137,5,-1,0,unknown,0
47,management,married,secondary,no,1275,no,no,cellular,9,jan,99,4,-1,0,unknown,0
39,retired,married,unknown,no,2165,yes,yes,cellular,17,aug,450,2,-1,0,failure,0
44,technician,married,secondary,no,984,no,yes,unknown,4,nov,299,3,-1,0,unknown,0
52,blue-collar,married,tertiary,no,1103,no,no,unknown,22,mar,108,1,-1,0,unknown,0
50,technician,married,secondary,no,2213,no,no,unknown,30,nov,194,3,-1,0,unknown,0
28,management,married,secondary,no,928,no,no,cellular,18,may,836,2,-1,0,unknown,0
50,entrepreneur,married,secondary,no,1216,yes,no,unknown,6,feb,357,3,-1,0,unknown,0
40,technician,married,secondary,no,889,yes,yes,cellular,11,jul,64,3,377,0,unknown,0
41,blue-collar,single,secondary,no,2986,yes,no,cellular,23,may,90,1,-1,0,failure,0
41,management,married,secondary,no,202,no,no,telephone,22,dec,79,5,-1,0,unknown,0
39,blue-collar,married,tertiary,no,259,no,no,unknown,10,jul,486,1,425,0,unknown,0
54,management,divorced,tertiary,no,5,yes,no,cellular,26,dec,264,1,-1,1,unknown,0
40,retired,married,secondary,no,2367,no,no,unknown,11,jul,725,2,-1,0,unknown,0
28,admin.,divorced,primary,no,595,yes,yes,unknown,8,may,24,1,-1,0,unknown,0
36,management,single,secondary,no,441,no,yes,cellular,21,may,13,7,235,0,unknown,0
42,blue-collar,married,secondary,no,5772,yes,yes,unknown,3,sep,290,1,-1,0,failure,0
54,management,single,tertiary,no,3721,yes,no,unknown,2,mar,80,1,-1,1,unknown,0
47,blue-collar,single,secondary,no,5162,yes,no,cellular,18,aug,293,1,-1,0,unknown,0
31,technician,married,secondary,no,30,yes,yes,cellular,2,jan,331,1,-1,0,unknown,0
68,blue-collar,single,secondary,no,3128,no,yes,cellular,26,apr,93,1,349,0,unknown,0
43,blue-collar,married,primary,no,397,yes,no,cellular,12,dec,787,2,-1,0,unknown,0
55,self-employed,married,tertiary,no,-180,no,no,telephone,31,feb,384,1,-1,0,success,0
39,blue-collar,married,secondary,no,544,yes,no,cellular,5,mar,118,3,503,1,unknown,0
46,blue-collar,married,secondary,no,867,yes,no,unknown,26,nov,137,3,-1,0,unknown,0
50,entrepreneur,married,primary,no,-28,no,no,unknown,4,jun,324,1,277,0,unknown,0
54,self-employed,divorced,tertiary,no,957,no,no,cellular,16,apr,93,7,-1,0,unknown,0
52,admin.,married,secondary,no,2367,yes,no,cellular,14,jan,90,3,-1,0,unknown,0
50,technician,married,secondary,no,511,no,no,cellular,2,may,252,1,-1,0,unknown,1
37,services,married,secondary,no,452,no,no,cellular,21,mar,37,8,-1,1,unknown,0
34,blue-collar,divorced,tertiary,no,420,yes,no,cellular,7,dec,1293,4,-1,0,unknown,0
44,admin.,divorced,primary,yes,3647,no,no,cellular,21,feb,87,3,-1,0,unknown,0
51,admin.,single,secondary,no,-125,yes,no,cellular,11,apr,124,3,-1,0,unknown,0
38,management,divorced,secondary,no,683,yes,no,cellular,24,apr,65,2,-1,0,failure,0
52,retired,single,primary,no,261,no,yes,unknown,12,mar,266,10,762,0,unknown,0
56,technician,divorced,tertiary,no,3163,yes,no,cellular,22,may,16,2,-1,0,unknown,0
30,technician,single,tertiary,no,-48,yes,no,cellular,29,may,678,1,235,0,unknown,0
31,technician,married,secondary,no,595,yes,no,cellular,25,aug,93,1,-1,1,unknown,0
39,admin.,married,tertiary,no,583,no,no,cellular,26,oct,676,1,126,0,unknown,1
44,technician,single,tertiary,no,3089,no,no,cellular,5,jul,75,1,608,0,failure,0
35,management,married,secondary,no,164,yes,yes,cellular,24,nov,186,1,826,0,unknown,0
55,admin.,married,unknown,no,1353,no,no,cellular,16,sep,306,1,-1,1,unknown,0
45,management,married,primary,no,16,yes,yes,cellular,30,jul,244,1,550,0,failure,0
41,management,divorced,tertiary,no,4417,no,no,cellular,22,feb,185,3,148,0,unknown,0
25,technician,married,tertiary,no,1148,no,no,cellular,7,mar,400,3,-1,0,unknown,0
26,technician,single,secondary,no,1276,no,no,cellular,28,jun,164,1,-1,0,unknown,0
44,blue-collar,single,secondary,no,653,yes,no,telephone,8,jan,104,1,79,0,failure,0
18,management,divorced,secondary,no,428,no,no,cellular,4,aug,327,1,-1,0,unknown,0
52,housemaid,divorced,tertiary,no,158,yes,no,cellular,4,jul,714,2,-1,0,unknown,1
39,admin.,single,secondary,no,1189,no,no,unknown,27,jun,237,1,-1,0,unknown,0
76,technician,married,primary,no,4437,yes,yes,unknown,6,may,84,4,-1,0,unknown,0
66,technician,married,secondary,no,468,yes,no,unknown,2,oct,371,5,-1,0,unknown,0
39,blue-collar,married,secondary,no,3020,yes,no,cellular,9,may,370,1,-1,0,unknown,0
39,unknown,single,tertiary,no,41,yes,no,cellular,28,aug,80,1,792,0,unknown,0
51,management,divorced,tertiary,no,3926,no,no,cellular,8,aug,125,4,-1,0,failure,0
59,management,single,primary,no,447,no,no,unknown,18,mar,39,2,-1,0,unknown,0
22,services,married,unknown,no,516,yes,no,unknown,28,sep,21,1,-1,0,unknown,0
21,technician,married,secondary,no,732,yes,no,cellular,12,mar,424,1,-1,0,unknown,0
34,entrepreneur,married,secondary,no,1700,yes,no,cellular,16,oct,120,2,-1,0,unknown,0
47,services,married,secondary,no,1707,no,no,cellular,30,aug,85,1,89,0,success,0
46,retired,married,tertiary,no,779,yes,no,cellular,1,jul,76,1,-1,0,success,1
52,technician,married,secondary,no,910,yes,yes,unknown,26,sep,20,2,-1,0,failure,0
27,retired,single,tertiary,no,-154,yes,no,cellular,20,nov,1081,2,4,0,unknown,0
18,management,married,secondary,no,344,no,no,cellular,30,sep,117,1,-1,0,unknown,0
50,admin.,married,tertiary,no,437,yes,no,unknown,27,nov,46,3,-1,0,failure,0
31,blue-collar,divorced,tertiary,no,1027,yes,no,cellular,4,jan,515,1,-1,0,unknown,0
18,admin.,married,tertiary,no,1025,no,no,cellular,14,jan,331,1,-1,0,unknown,1
42,unemployed,married,tertiary,yes,1656,yes,no,cellular,18,mar,280,1,-1,0,other,0
49,self-employed,married,secondary,no,1693,yes,no,cellular,5,jul,90,2,-1,0,unknown,1
39,services,married,secondary,no,202,yes,no,cellular,28,mar,138,2,-1,0,unknown,0
35,blue-collar,married,tertiary,no,2005,no,no,cellular,3,mar,474,4,-1,0,unknown,0
39,technician,married,secondary,no,-170,yes,no,cellular,19,apr,263,1,542,0,unknown,0
36,blue-collar,married,primary,no,1689,yes,no,cellular,12,aug,109,6,-1,0,unknown,0
26,retired,married,primary,no,-38,yes,yes,cellular,26,jan,29,2,-1,0,unknown,0
33,services,married,primary,no,1762,no,no,unknown,31,apr,594,1,-1,1,unknown,0
46,management,single,secondary,no,923,yes,no,cellular,28,apr,803,1,-1,0,unknown,0
44,services,married,tertiary,no,662,no,no,cellular,19,aug,327,1,-1,0,unknown,0
42,admin.,divorced,secondary,no,1560,no,no,cellular,20,jul,303,1,-1,0,unknown,0
30,housemaid,married,secondary,no,-144,no,no,cellular,11,apr,199,5,-1,3,success,0
39,services,married,secondary,no,179,no,no,cellular,21,dec,918,1,433,1,unknown,0
18,technician,single,secondary,no,1237,yes,no,unknown,20,aug,305,1,529,0,unknown,0
42,management,married,secondary,no,2618,yes,no,cellular,9,nov,20,2,-1,0,unknown,0
56,management,married,secondary,no,519,yes,no,telephone,20,mar,24,1,-1,0,unknown,0
24,technician,single,unknown,no,249,no,yes,cellular,27,oct,854,2,117,0,unknown,0
34,blue-collar,married,secondary,no,897,no,no,unknown,23,jul,740,1,-1,0,unknown,0
44,admin.,single,primary,no,1260,no,no,unknown,26,sep,210,1,-1,0,unknown,0
54,services,divorced,secondary,no,617,yes,yes,cellular,27,jun,62,4,399,0,unknown,0
36,unknown,married,secondary,no,2939,no,yes,cellular,5,apr,225,1,-1,0,unknown,0
33,management,married,tertiary,no,911,no,no,cellular,10,apr,372,1,-1,0,other,0
19,management,married,tertiary,no,-145,no,no,unknown,9,jan,2,1,-1,0,unknown,0
42,management,divorced,secondary,no,178,no,no,cellular,25,jun,446,1,-1,0,unknown,0
63,technician,single,secondary,no,698,no,no,telephone,13,mar,161,2,-1,0,unknown,1
44,blue-collar,divorced,secondary,no,1594,yes,no,telephone,29,mar,160,4,-1,0,unknown,0
40,management,married,secondary,no,172,yes,no,cellular,29,jan,146,1,-1,0,unknown,0
44,technician,single,tertiary,no,5410,yes,no,cellular,8,jul,303,2,-1,0,unknown,0
40,management,married,tertiary,no,375,yes,no,cellular,22,sep,60,3,-1,0,unknown,0
32,unknown,married,secondary,no,940,yes,no,unknown,13,mar,240,3,-1,0,unknown,1
50,blue-collar,divorced,primary,no,-171,no,no,cellular,28,jul,11,2,-1,1,success,0
43,blue-collar,married,secondary,no,3042,no,no,cellular,27,sep,430,2,-1,0,unknown,0
41,blue-collar,divorced,tertiary,no,2132,yes,no,cellular,22,mar,435,2,-1,0,unknown,0
30,unemployed,married,tertiary,no,126,yes,no,cellular,28,sep,96,2,-1,0,unknown,0
55,technician,single,unknown,no,3859,yes,yes,cellular,31,nov,28,1,-1,0,unknown,0
48,blue-collar,married,secondary,no,369,yes,no,unknown,18,feb,355,2,440,0,unknown,0
34,admin.,married,tertiary,no,1567,yes,no,cellular,23,mar,163,2,-1,0,other,0
52,blue-collar,married,secondary,no,2363,no,no,unknown,9,nov,668,1,-1,0,unknown,0
35,self-employed,married,tertiary,no,1825,yes,no,cellular,31,apr,112,1,-1,0,unknown,0
32,technician,married,secondary,no,3543,yes,yes,telephone,9,jul,475,2,-1,0,failure,0
32,blue-collar,single,secondary,no,2795,yes,no,cellular,2,nov,6,4,-1,0,unknown,0
21,management,married,primary,no,7635,no,no,unknown,25,sep,382,1,-1,0,unknown,0
46,blue-collar,married,secondary,no,102,no,no,cellular,7,jan,292,4,-1,0,unknown,0
20,technician,married,primary,no,345,yes,no,cellular,5,dec,192,3,-1,0,unknown,0
27,management,married,primary,no,1316,no,no,cellular,21,sep,622,1,-1,0,unknown,0
18,blue-collar,single,secondary,no,1781,no,no,cellular,6,oct,734,1,-1,0,unknown,0
40,blue-collar,divorced,secondary,no,947,yes,no,cellular,13,may,684,1,-1,0,unknown,0
39,management,married,secondary,no,-84,yes,no,cellular,24,apr,234,5,-1,0,unknown,0
37,retired,married,unknown,no,2563,yes,no,telephone,18,nov,189,4,-1,0,unknown,0
29,unknown,single,secondary,no,4661,yes,no,cellular,3,dec,80,1,-1,0,unknown,0
28,management,married,tertiary,no,580,no,no,cellular,10,jun,45,1,-1,1,unknown,0
46,blue-collar,married,tertiary,no,181,yes,no,unknown,23,oct,210,4,-1,0,other,0
34,admin.,married,primary,no,-170,yes,yes,cellular,3,may,41,1,306,0,unknown,0
44,blue-collar,married,tertiary,no,206,yes,no,cellular,1,may,48,6,-1,0,failure,0
31,entrepreneur,married,tertiary,no,1605,yes,yes,unknown,6,dec,113,2,-1,0,unknown,0
42,technician,married,secondary,no,3438,no,no,cellular,23,may,53,3,-1,0,unknown,0
55,blue-collar,single,secondary,no,-52,yes,yes,cellular,16,aug,179,2,-1,0,unknown,0
47,self-employed,married,secondary,no,1008,yes,no,cellular,25,oct,281,1,-1,0,unknown,0
36,retired,married,primary,no,1583,no,yes,cellular,17,aug,308,1,609,0,other,0
43,management,married,tertiary,no,285,yes,no,cellular,27,oct,196,8,-1,0,unknown,0
38,blue-collar,married,tertiary,no,1065,yes,no,cellular,16,apr,190,2,-1,0,unknown,0
41,services,married,tertiary,no,1684,yes,no,cellular,25,sep,166,1,-1,0,success,0
37,management,divorced,secondary,no,2527,yes,no,cellular,10,aug,72,3,-1,0,unknown,0
39,housemaid,married,secondary,yes,703,yes,no,unknown,7,dec,274,5,-1,0,unknown,0
43,self-employed,single,secondary,no,1866,yes,no,cellular,8,jun,276,1,-1,1,unknown,0
30,management,married,secondary,no,338,yes,no,unknown,3,feb,76,2,-1,0,unknown,0
29,self-employed,single,tertiary,no,159,no,no,cellular,5,sep,311,1,-1,0,unknown,0
25,technician,married,secondary,no,111,yes,no,telephone,31,jun,503,4,-1,0,other,0
23,services,married,tertiary,no,466,no,yes,cellular,19,aug,233,1,359,0,unknown,0
27,blue-collar,single,tertiary,no,-145,yes,no,cellular,7,jun,32,1,573,0,unknown,0
42,blue-collar,married,secondary,no,299,no,no,cellular,18,may,102,1,459,0,unknown,0
31,unknown,single,secondary,no,1384,no,no,unknown,22,jul,25,2,-1,0,unknown,0
46,admin.,married,secondary,no,1365,yes,no,cellular,26,dec,92,1,-1,0,unknown,0
41,management,divorced,secondary,no,-85,no,no,cellular,18,apr,61,2,-1,0,unknown,0
19,blue-collar,single,tertiary,no,308,no,no,cellular,25,oct,208,2,699,0,unknown,0
48,management,divorced,secondary,no,1064,yes,yes,cellular,31,nov,142,5,-1,0,unknown,0
49,technician,married,primary,no,375,no,no,cellular,6,mar,330,2,-1,0,unknown,0
30,technician,married,tertiary,no,611,yes,no,telephone,5,nov,116,1,781,0,success,1
45,blue-collar,single,secondary,no,1671,yes,yes,cellular,6,dec,43,1,-1,1,unknown,0
31,technician,divorced,tertiary,no,-186,no,no,cellular,29,jul,69,6,-1,0,unknown,0
42,management,divorced,tertiary,no,285,yes,no,cellular,28,feb,203,8,-1,0,success,0
27,management,married,tertiary,no,30,no,no,unknown,6,oct,154,1,-1,0,unknown,0
21,management,single,secondary,no,4,no,no,cellular,22,mar,11,3,-1,0,unknown,0
36,blue-collar,married,secondary,no,4592,no,no,cellular,31,jan,60,1,248,0,unknown,1
39,unemployed,married,secondary,no,508,yes,no,cellular,26,nov,90,4,768,0,unknown,0
36,management,married,secondary,no,923,no,yes,cellular,22,dec,333,1,-1,0,unknown,0
27,self-employed,married,tertiary,no,1785,yes,no,unknown,25,jan,338,2,-1,0,unknown,0
36,admin.,divorced,tertiary,no,-127,yes,no,cellular,23,feb,308,2,-1,0,failure,0
43,unknown,married,primary,no,213,yes,no,telephone,11,jan,440,4,-1,0,unknown,0
40,unknown,single,secondary,no,2477,no,no,cellular,17,feb,534,4,-1,1,failure,0
43,admin.,married,secondary,no,2770,yes,yes,cellular,26,jan,19,1,19,1,unknown,1
33,management,married,tertiary,no,500,no,no,cellular,9,mar,175,7,-1,0,unknown,0
53,blue-collar,married,secondary,no,504,yes,no,unknown,22,sep,41,2,65,0,unknown,0
28,retired,married,secondary,no,1921,yes,no,cellular,16,sep,112,3,-1,0,unknown,0
46,blue-collar,married,tertiary,no,324,no,yes,telephone,10,aug,280,5,-1,0,failure,0
54,services,single,secondary,no,-13,yes,no,unknown,15,sep,237,1,204,0,other,0
46,management,divorced,tertiary,yes,246,yes,no,cellular,8,dec,35,2,-1,0,unknown,0
38,retired,married,secondary,no,534,no,no,cellular,14,apr,365,9,-1,0,unknown,1
35,blue-collar,married,tertiary,no,-119,yes,no,unknown,16,aug,399,1,-1,0,unknown,0
52,technician,married,primary,no,777,no,no,cellular,19,nov,38,4,373,0,unknown,0
25,technician,single,secondary,no,1820,yes,no,unknown,3,may,246,4,-1,0,unknown,0
30,unknown,married,primary,no,881,yes,no,cellular,13,apr,749,1,-1,0,unknown,0
36,services,married,tertiary,no,-88,yes,no,cellular,30,apr,25,4,-1,1,unknown,0
54,blue-collar,married,primary,no,670,yes,no,cellular,28,feb,46,1,-1,0,unknown,0
45,admin.,divorced,secondary,no,1651,no,yes,cellular,9,oct,374,2,-1,0,unknown,0
30,entrepreneur,married,tertiary,no,-110,yes,yes,cellular,12,sep,106,2,412,0,unknown,0
37,management,married,secondary,no,-107,no,no,cellular,25,sep,803,1,-1,0,unknown,0
34,management,divorced,tertiary,no,494,yes,yes,unknown,5,jan,252,5,-1,1,unknown,1
33,management,single,tertiary,no,125,yes,yes,telephone,21,dec,170,2,605,0,unknown,0
51,entrepreneur,single,secondary,no,3895,no,no,cellular,19,apr,106,2,-1,0,unknown,0
25,technician,married,primary,no,1106,no,no,cellular,7,sep,70,5,-1,0,unknown,0
58,admin.,divorced,secondary,no,308,no,no,telephone,7,apr,270,1,-1,0,unknown,0
50,admin.,single,secondary,no,1630,no,no,cellular,19,feb,231,2,-1,1,unknown,0
52,management,divorced,tertiary,no,504,yes,no,unknown,8,feb,114,5,-1,1,unknown,0
35,technician,single,tertiary,no,12,no,yes,cellular,6,oct,644,1,-1,0,unknown,1
39,technician,single,secondary,no,206,yes,no,telephone,3,sep,370,4,-1,0,failure,0
25,blue-collar,married,secondary,no,1343,yes,no,cellular,22,nov,77,2,-1,0,unknown,0
35,management,married,unknown,no,-120,no,no,cellular,1,apr,740,1,-1,0,unknown,0
46,management,single,tertiary,no,277,yes,no,cellular,6,jan,363,1,-1,0,other,0
55,self-employed,married,secondary,no,150,no,no,cellular,23,dec,586,3,-1,0,unknown,0
28,admin.,married,secondary,no,136,yes,no,cellular,20,jan,37,1,-1,0,other,0
36,management,married,unknown,no,1522,yes,no,cellular,31,jan,8,4,134,0,unknown,0
39,entrepreneur,single,tertiary,no,2421,yes,yes,cellular,20,aug,175,1,-1,0,failure,0
25,technician,married,primary,no,1687,no,no,telephone,19,jan,153,2,-1,0,unknown,0
47,admin.,single,secondary,no,1356,yes,no,cellular,21,may,525,1,-1,0,unknown,0
33,blue-collar,single,tertiary,no,3523,yes,no,cellular,28,sep,48,3,310,0,unknown,0
38,management,married,tertiary,no,-109,no,no,cellular,13,apr,6,3,-1,0,unknown,0
36,admin.,married,secondary,no,74,yes,no,cellular,27,nov,194,5,-1,0,unknown,0
32,entrepreneur,married,tertiary,no,602,yes,no,unknown,17,sep,50,2,-1,0,unknown,0
40,technician,married,tertiary,no,498,no,no,telephone,22,may,13,1,-1,0,unknown,0
38,technician,married,secondary,no,612,no,no,unknown,18,sep,5,4,-1,0,unknown,0
36,blue-collar,married,primary,no,146,yes,no,unknown,20,feb,39,1,-1,0,unknown,0
32,technician,divorced,primary,no,42,no,no,unknown,30,aug,121,5,-1,0,unknown,0
44,technician,married,primary,no,867,yes,no,cellular,6,jul,555,8,-1,0,other,1
59,entrepreneur,single,primary,no,3747,yes,yes,cellular,11,jul,368,1,-1,0,failure,0
42,management,married,secondary,no,546,no,no,cellular,27,mar,194,1,-1,0,unknown,0
51,admin.,single,secondary,no,-133,no,no,unknown,6,oct,145,5,-1,0,unknown,0
25,management,married,primary,no,1637,yes,no,cellular,28,dec,156,5,-1,0,unknown,0
42,management,single,secondary,no,316,yes,no,cellular,26,feb,557,2,-1,0,unknown,0
28,unknown,single,secondary,no,221,yes,no,unknown,7,nov,332,5,397,0,unknown,0
24,admin.,single,secondary,no,387,yes,yes,cellular,1,oct,48,6,-1,0,failure,0
32,admin.,married,secondary,no,1730,no,no,telephone,28,jan,724,2,-1,1,unknown,0
54,blue-collar,single,tertiary,no,2362,yes,no,unknown,22,jan,382,3,-1,0,unknown,0
51,management,married,secondary,no,1130,yes,no,unknown,25,jul,8,2,-1,0,unknown,0
43,admin.,married,secondary,no,383,no,no,unknown,24,sep,179,1,405,0,unknown,1
24,retired,married,unknown,no,357,no,yes,unknown,8,jan,272,2,683,1,unknown,1
38,technician,married,tertiary,no,0,yes,no,telephone,27,oct,16,3,-1,0,success,0
44,services,married,tertiary,no,3861,no,no,cellular,14,apr,112,2,-1,0,unknown,0
42,management,single,tertiary,no,1324,no,no,telephone,22,feb,269,1,-1,0,success,0
20,housemaid,married,primary,no,-158,yes,no,unknown,20,aug,436,5,-1,0,unknown,0
31,services,married,tertiary,no,1428,no,no,cellular,1,sep,974,4,383,0,unknown,1
40,retired,married,tertiary,no,689,no,yes,cellular,5,mar,33,1,-1,0,unknown,0
46,self-employed,single,unknown,no,5193,yes,no,cellular,29,mar,258,1,-1,0,failure,0
18,admin.,married,secondary,no,2364,yes,no,cellular,5,jul,576,11,-1,0,unknown,1
39,management,married,primary,no,81,no,no,cellular,14,sep,325,1,48,0,unknown,0
42,blue-collar,single,secondary,no,1710,yes,no,unknown,7,jul,258,3,-1,0,unknown,0
50,management,married,tertiary,no,797,yes,no,cellular,17,dec,62,1,-1,0,success,0
48,entrepreneur,married,secondary,no,110,yes,no,cellular,29,jul,435,1,-1,0,unknown,0
47,admin.,married,tertiary,no,1599,no,no,cellular,11,feb,213,5,-1,0,unknown,0
32,entrepreneur,single,tertiary,no,989,yes,yes,cellular,22,dec,30,2,-1,0,unknown,0
20,technician,single,unknown,no,-153,yes,no,cellular,31,nov,707,4,-1,1,unknown,0
36,blue-collar,married,unknown,no,1360,yes,no,cellular,7,jan,1149,1,-1,0,unknown,0
52,services,married,unknown,no,1311,no,no,unknown,1,feb,199,3,-1,0,unknown,0
56,management,married,secondary,no,33,yes,no,unknown,15,dec,386,1,-1,0,unknown,0
48,entrepreneur,single,unknown,no,443,yes,no,unknown,19,jun,225,4,-1,0,unknown,1
45,management,single,secondary,no,1122,yes,yes,cellular,10,dec,141,6,-1,0,unknown,0
45,retired,married,primary,no,24,yes,no,unknown,9,dec,135,3,-1,0,unknown,0
34,management,married,secondary,no,2673,yes,no,unknown,13,oct,859,1,-1,1,unknown,0
39,retired,single,secondary,no,-158,no,yes,unknown,24,aug,118,2,735,0,unknown,0
59,technician,single,unknown,no,-37,no,no,cellular,13,aug,173,2,-1,1,failure,0
30,management,divorced,primary,no,-14,no,no,cellular,30,jun,73,4,-1,1,unknown,0
58,self-employed,single,tertiary,no,926,yes,no,cellular,26,feb,75,2,558,0,failure,0
37,management,single,tertiary,no,1251,yes,yes,unknown,6,sep,113,1,-1,0,unknown,0
55,blue-collar,married,secondary,no,575,no,no,cellular,8,oct,667,2,381,0,success,0
25,management,married,tertiary,no,310,yes,yes,cellular,12,apr,130,3,-1,0,unknown,0
47,blue-collar,married,tertiary,no,2285,no,yes,cellular,2,may,207,4,-1,0,unknown,0
32,blue-collar,single,secondary,no,-93,no,no,unknown,29,jan,203,5,26,0,unknown,0
25,technician,married,secondary,no,293,no,no,unknown,16,sep,225,5,-1,0,unknown,0
43,management,married,secondary,no,-140,yes,yes,telephone,29,nov,442,2,-1,1,unknown,0
52,technician,married,tertiary,no,-179,yes,no,telephone,12,nov,597,2,-1,0,unknown,0
31,retired,married,secondary,no,453,yes,no,cellular,23,nov,60,4,728,1,unknown,0
24,admin.,single,secondary,no,125,no,no,cellular,18,oct,508,1,862,0,unknown,0
39,blue-collar,married,secondary,no,268,no,no,unknown,3,jan,204,3,-1,0,unknown,0
40,blue-collar,married,tertiary,no,2380,no,no,unknown,18,jul,666,2,-1,0,other,0
47,management,single,tertiary,no,66,yes,no,telephone,11,nov,639,1,-1,0,unknown,0
51,technician,married,tertiary,no,2072,no,no,cellular,5,sep,127,3,-1,0,unknown,0
40,management,single,tertiary,no,1486,no,no,cellular,13,mar,272,3,-1,0,unknown,0
61,technician,single,secondary,no,392,yes,no,cellular,10,feb,529,1,175,0,unknown,0
43,technician,divorced,secondary,no,986,yes,no,cellular,21,oct,125,2,-1,1,unknown,0
37,blue-collar,single,primary,no,681,no,yes,cellular,22,aug,11,2,-1,2,unknown,0
23,blue-collar,married,secondary,yes,6,yes,no,unknown,15,apr,115,3,-1,0,unknown,0
38,self-employed,married,secondary,no,3365,yes,no,telephone,6,jan,117,3,-1,0,unknown,0
37,management,married,tertiary,no,1064,yes,no,cellular,16,aug,424,1,-1,0,unknown,0
51,unknown,married,secondary,no,2983,no,yes,cellular,31,jun,95,1,-1,0,unknown,0
46,admin.,married,primary,no,2404,yes,no,unknown,23,jun,578,4,-1,0,unknown,0
28,blue-collar,married,secondary,no,-75,yes,no,cellular,30,apr,205,8,277,0,unknown,0
42,technician,single,tertiary,no,148,no,no,telephone,8,jun,227,6,-1,0,unknown,0
48,technician,married,secondary,no,35,no,no,cellular,20,feb,424,2,-1,0,unknown,0
57,management,married,secondary,no,2464,no,no,cellular,25,jun,37,2,65,0,unknown,0
50,technician,married,secondary,no,2775,yes,no,cellular,3,feb,4,6,-1,1,unknown,0
49,admin.,married,primary,no,926,no,yes,cellular,5,jun,15,2,-1,0,unknown,0
41,management,divorced,unknown,no,-34,no,no,cellular,31,sep,8,1,-1,1,unknown,0
45,technician,married,secondary,no,18,no,no,telephone,15,jul,310,3,-1,0,unknown,0
54,retired,single,primary,no,2319,yes,no,cellular,3,dec,72,2,-1,0,unknown,0
26,admin.,married,tertiary,no,3771,yes,no,unknown,15,dec,502,4,-1,0,unknown,0
37,blue-collar,married,unknown,no,133,yes,no,unknown,2,apr,553,3,-1,1,unknown,0
32,retired,married,primary,no,-183,no,no,cellular,12,jan,113,6,-1,0,unknown,0
45,entrepreneur,single,secondary,no,402,yes,yes,cellular,27,sep,55,1,-1,0,unknown,0
54,management,married,tertiary,no,-153,yes,yes,telephone,5,jan,178,2,-1,0,unknown,0
34,entrepreneur,married,tertiary,no,2440,yes,yes,cellular,9,may,436,4,176,0,unknown,0
18,blue-collar,married,secondary,no,814,yes,no,unknown,22,jul,297,2,-1,0,unknown,0
36,self-employed,single,secondary,no,1340,yes,no,cellular,4,oct,6,2,652,0,unknown,0
51,management,single,primary,no,595,no,no,unknown,23,oct,1,4,-1,1,unknown,0
46,blue-collar,married,primary,no,435,no,no,unknown,26,jun,31,2,48,0,failure,0
45,technician,married,tertiary,no,176,yes,no,cellular,21,mar,105,2,-1,0,unknown,1
37,blue-collar,divorced,unknown,no,2007,yes,yes,cellular,28,nov,198,1,819,0,failure,0
26,management,single,primary,no,1583,yes,no,cellular,7,aug,438,4,-1,0,unknown,0
46,technician,single,secondary,no,471,no,no,cellular,16,nov,39,4,-1,0,unknown,0
31,admin.,single,secondary,no,380,yes,no,unknown,13,jul,42,3,-1,0,unknown,0
65,blue-collar,single,secondary,no,-198,no,no,cellular,2,sep,514,1,208,0,unknown,0
47,blue-collar,married,secondary,no,-101,no,no,cellular,2,jan,664,2,-1,0,unknown,0
34,technician,single,secondary,no,1264,yes,no,unknown,9,aug,206,1,-1,0,failure,0
34,technician,divorced,secondary,no,884,no,no,unknown,15,apr,396,1,-1,0,unknown,0
39,entrepreneur,married,primary,no,655,no,no,cellular,31,jul,108,2,-1,0,unknown,0
38,services,married,primary,no,2436,yes,no,unknown,4,jul,754,1,-1,0,unknown,0
53,unemployed,divorced,tertiary,no,851,yes,no,cellular,17,apr,606,1,-1,0,unknown,1
43,blue-collar,married,primary,no,527,yes,no,unknown,9,aug,488,4,-1,0,unknown,0
32,entrepreneur,single,secondary,no,63,yes,yes,cellular,15,dec,3,7,-1,1,unknown,0
61,services,married,primary,no,2377,yes,no,unknown,1,jan,191,1,-1,1,unknown,0
41,blue-collar,married,secondary,no,1087,yes,yes,telephone,30,may,6,1,-1,0,unknown,0
49,blue-collar,married,secondary,no,-54,yes,no,cellular,31,apr,291,6,-1,0,unknown,0
34,technician,married,primary,no,1370,yes,no,cellular,27,apr,52,5,-1,0,unknown,0
44,admin.,married,secondary,no,630,no,no,cellular,2,mar,263,3,602,0,unknown,0
44,blue-collar,married,secondary,no,2302,no,yes,telephone,9,jan,26,1,-1,0,unknown,0
20,admin.,single,secondary,no,3568,no,no,unknown,11,may,364,1,-1,0,unknown,0
63,admin.,divorced,tertiary,no,1176,no,no,telephone,19,aug,334,6,-1,0,unknown,0
55,technician,married,unknown,no,1772,no,yes,unknown,27,oct,1,5,-1,0,failure,0
36,admin.,married,secondary,no,-112,no,no,unknown,1,jun,405,3,-1,0,unknown,0
28,admin.,married,primary,no,1032,yes,no,unknown,19,dec,46,6,-1,1,unknown,0
44,technician,married,secondary,no,1911,no,no,telephone,9,jan,29,1,-1,0,unknown,0
41,management,married,secondary,no,830,yes,no,cellular,28,may,178,1,-1,1,unknown,0
44,management,married,secondary,no,1150,no,no,unknown,2,jun,230,1,118,0,unknown,0
43,blue-collar,married,tertiary,no,3238,no,no,cellular,5,sep,28,1,-1,0,unknown,1
46,technician,married,secondary,no,131,no,no,unknown,17,sep,93,4,-1,1,unknown,0
56,blue-collar,married,tertiary,no,-44,yes,no,cellular,26,may,135,5,-1,0,unknown,0
47,management,single,secondary,no,1559,yes,no,cellular,1,mar,741,1,-1,1,unknown,0
29,services,married,secondary,no,2396,yes,no,cellular,14,jun,74,2,-1,0,unknown,0
55,technician,divorced,tertiary,no,2650,yes,no,telephone,12,nov,77,2,-1,1,unknown,0
59,technician,divorced,secondary,no,1339,yes,no,cellular,23,aug,277,1,823,0,unknown,0
75,blue-collar,divorced,secondary,no,2486,yes,no,unknown,26,dec,335,4,262,0,unknown,0
28,blue-collar,divorced,secondary,no,1609,no,no,cellular,10,nov,2,2,-1,0,unknown,0
43,technician,married,tertiary,no,-62,yes,no,cellular,19,dec,37,2,-1,0,unknown,0
18,technician,married,tertiary,no,1953,no,no,cellular,15,dec,114,1,760,0,unknown,1
47,management,married,secondary,no,96,yes,yes,cellular,1,may,257,2,-1,0,unknown,0
34,admin.,single,secondary,no,204,yes,no,cellular,1,aug,37,4,-1,0,unknown,0
62,admin.,divorced,secondary,no,552,no,no,cellular,29,jan,113,1,-1,0,unknown,0
32,blue-collar,single,secondary,no,366,no,yes,cellular,11,aug,21,1,219,0,unknown,0
22,admin.,married,primary,no,382,yes,no,cellular,31,feb,218,2,-1,0,failure,0
35,admin.,single,tertiary,no,78,no,no,cellular,11,jul,143,2,-1,0,unknown,1
19,management,married,tertiary,no,321,no,no,unknown,5,feb,400,1,-1,0,unknown,0
49,unemployed,married,secondary,no,-170,no,no,cellular,3,mar,220,1,-1,0,unknown,0
18,admin.,single,tertiary,no,760,no,no,cellular,11,may,277,1,-1,0,unknown,0
41,management,married,primary,no,1995,yes,no,cellular,4,oct,286,5,-1,0,unknown,0
18,management,divorced,tertiary,no,2773,no,no,cellular,6,jul,229,1,-1,1,unknown,0
37,management,married,tertiary,no,2375,no,no,cellular,18,sep,4,1,-1,0,other,0
59,management,single,tertiary,no,607,no,no,cellular,7,dec,460,4,-1,0,unknown,0
44,admin.,married,tertiary,no,1766,no,no,unknown,21,dec,641,4,-1,0,unknown,1
31,blue-collar,single,secondary,no,309,no,no,cellular,24,may,197,2,268,1,unknown,1
40,admin.,single,tertiary,no,-114,yes,no,cellular,4,nov,30,4,-1,1,unknown,0
41,admin.,divorced,secondary,yes,1490,yes,no,cellular,14,jan,274,2,-1,0,unknown,0
46,blue-collar,married,tertiary,no,1369,no,yes,cellular,28,nov,116,1,-1,0,unknown,0
25,retired,divorced,primary,no,2226,no,no,cellular,8,mar,19,2,-1,0,unknown,0
47,management,married,primary,no,1236,yes,yes,cellular,20,may,496,2,-1,0,unknown,0
18,technician,married,secondary,no,55,yes,no,unknown,11,dec,320,1,-1,0,unknown,0
34,unknown,married,secondary,no,2677,no,yes,cellular,30,mar,421,1,-1,0,unknown,0
35,management,single,secondary,no,1280,yes,no,cellular,14,aug,410,5,-1,1,unknown,0
47,management,married,tertiary,no,2272,yes,no,telephone,21,aug,114,1,438,0,unknown,1
41,services,single,primary,no,2031,yes,yes,cellular,3,nov,169,1,-1,0,unknown,0
25,retired,single,tertiary,no,330,no,no,cellular,11,jan,68,5,-1,0,failure,0
30,technician,married,secondary,no,-83,yes,no,cellular,4,aug,362,1,-1,0,unknown,0
43,retired,divorced,primary,no,91,yes,no,cellular,9,apr,191,1,-1,0,failure,0
40,admin.,married,unknown,no,-53,no,no,unknown,5,nov,270,4,-1,1,unknown,0
34,technician,divorced,secondary,no,218,no,no,cellular,13,jun,113,1,68,0,unknown,0
35,management,married,tertiary,no,722,yes,yes,cellular,20,oct,293,2,-1,0,unknown,0
48,self-employed,married,tertiary,no,3359,yes,yes,telephone,4,aug,286,3,-1,0,other,0
35,technician,married,tertiary,no,2883,no,no,cellular,7,feb,379,1,-1,0,unknown,0
40,management,married,unknown,no,1701,no,no,cellular,2,aug,43,1,-1,0,unknown,0
64,blue-collar,married,secondary,no,-163,yes,no,cellular,20,jul,252,2,-1,0,failure,0
25,admin.,married,tertiary,no,426,yes,no,unknown,19,apr,545,4,-1,0,failure,0
20,technician,married,tertiary,no,1520,no,yes,telephone,7,dec,25,2,-1,0,unknown,0
49,technician,married,primary,no,7,no,no,cellular,20,may,835,1,467,1,unknown,0
33,technician,married,primary,no,2222,yes,no,telephone,24,jun,60,1,-1,0,unknown,0
37,student,single,unknown,no,3490,yes,no,telephone,21,mar,711,1,828,0,unknown,0
32,management,married,tertiary,no,455,yes,no,unknown,25,feb,522,4,269,1,unknown,0
38,blue-collar,divorced,primary,no,1635,yes,no,cellular,9,feb,379,1,-1,0,unknown,0
58,self-employed,single,secondary,no,40,yes,no,unknown,19,apr,60,5,-1,1,unknown,0
49,management,single,secondary,no,1560,yes,no,cellular,25,jul,62,1,-1,0,unknown,0
50,housemaid,single,secondary,no,-167,no,no,unknown,20,dec,77,1,-1,0,unknown,0
25,self-employed,married,primary,no,45,yes,no,cellular,25,jan,429,2,-1,0,failure,0
28,services,single,unknown,no,1656,no,no,cellular,28,jan,53,1,-1,0,unknown,1
18,technician,married,secondary,no,1666,no,yes,unknown,30,apr,224,3,467,1,failure,0
32,unknown,single,secondary,no,1337,no,no,unknown,2,sep,387,5,323,0,failure,0
51,admin.,single,primary,no,773,no,yes,cellular,21,dec,159,6,-1,0,unknown,0
46,housemaid,married,tertiary,no,1485,no,no,cellular,16,dec,474,1,67,0,unknown,1
38,management,single,unknown,no,2029,no,no,cellular,6,may,213,1,786,0,success,0
40,admin.,married,secondary,no,4893,yes,no,cellular,19,jan,233,6,-1,0,unknown,0
33,technician,married,secondary,no,3092,yes,no,cellular,18,mar,291,4,-1,0,unknown,0
43,management,married,secondary,no,2173,yes,no,cellular,17,nov,482,1,-1,0,unknown,0
49,blue-collar,single,secondary,no,1579,yes,no,cellular,11,jun,1,4,-1,0,unknown,0
23,admin.,single,secondary,no,1080,yes,no,cellular,23,mar,128,3,-1,0,failure,0
44,blue-collar,single,secondary,no,-7,no,no,cellular,4,nov,850,1,-1,0,unknown,0
51,blue-collar,married,secondary,no,71,yes,no,unknown,24,jun,26,5,-1,0,unknown,0
36,student,married,secondary,no,2374,no,no,cellular,8,jun,68,1,-1,0,unknown,0
48,entrepreneur,single,unknown,no,2239,yes,no,telephone,24,may,218,2,-1,0,unknown,0
71,blue-collar,married,secondary,no,1229,no,no,unknown,18,oct,503,2,-1,0,unknown,0
39,technician,single,secondary,no,666,yes,no,cellular,13,may,26,1,-1,0,unknown,1
45,entrepreneur,married,primary,no,-160,no,no,cellular,21,sep,1,2,40,0,unknown,0
32,retired,married,tertiary,no,394,yes,no,cellular,8,mar,299,3,-1,0,unknown,0
42,self-employed,married,tertiary,no,618,no,no,cellular,10,nov,234,1,-1,0,unknown,0
46,blue-collar,single,tertiary,no,797,yes,no,cellular,18,oct,81,1,-1,0,unknown,0
43,admin.,married,primary,no,3774,no,no,cellular,18,jul,815,2,-1,0,unknown,0
29,management,married,primary,no,-27,yes,no,unknown,17,apr,211,6,-1,0,failure,0
43,technician,married,tertiary,no,897,no,no,cellular,16,feb,280,5,-1,0,unknown,0
57,blue-collar,married,primary,no,488,no,no,telephone,6,oct,122,1,-1,0,unknown,0
45,management,married,tertiary,no,6722,no,no,cellular,14,mar,656,2,-1,1,failure,0
51,technician,married,secondary,no,2769,yes,no,cellular,30,mar,83,1,-1,0,unknown,0
38,blue-collar,single,primary,no,666,no,no,cellular,5,mar,356,1,-1,0,failure,0
49,management,married,tertiary,no,11945,yes,yes,cellular,15,mar,32,2,-1,0,unknown,0
44,technician,single,primary,yes,882,yes,no,unknown,13,oct,199,1,-1,0,success,0
30,blue-collar,single,secondary,yes,74,yes,no,cellular,16,jun,222,5,-1,1,unknown,0
44,blue-collar,married,secondary,no,1017,yes,no,cellular,16,jun,53,4,-1,2,other,0
30,self-employed,married,primary,no,184,no,no,cellular,17,nov,100,2,-1,0,unknown,0
34,unknown,single,secondary,no,1317,yes,no,cellular,27,sep,50,2,-1,0,unknown,0
43,blue-collar,married,primary,yes,3957,yes,no,telephone,24,aug,481,5,-1,0,unknown,0
44,self-employed,married,unknown,no,2114,no,no,unknown,24,oct,276,1,-1,0,unknown,0
27,admin.,married,primary,no,278,no,no,unknown,5,jul,152,1,-1,0,unknown,0
52,management,single,tertiary,no,328,no,no,cellular,11,dec,209,1,835,0,failure,1
47,management,married,tertiary,no,-92,no,no,cellular,15,dec,108,1,-1,1,unknown,0
33,retired,divorced,primary,no,305,no,yes,cellular,3,feb,144,9,-1,0,unknown,0
24,blue-collar,divorced,tertiary,yes,-54,no,no,telephone,8,oct,249,1,-1,0,unknown,0
39,admin.,married,tertiary,no,838,no,no,cellular,3,feb,61,1,-1,0,unknown,1
36,admin.,married,unknown,no,1648,yes,no,unknown,29,jan,37,4,-1,1,unknown,0
42,unknown,married,tertiary,no,1886,yes,no,unknown,4,jul,745,4,784,0,other,0
37,housemaid,married,unknown,no,-107,no,no,unknown,27,jul,69,3,18,0,unknown,0
18,blue-collar,married,secondary,no,423,no,no,cellular,14,jan,176,1,736,0,unknown,0
36,management,married,secondary,no,309,yes,no,cellular,23,jun,369,1,-1,0,unknown,0
37,admin.,married,secondary,no,-34,no,no,unknown,23,nov,209,9,-1,0,unknown,0
47,technician,married,secondary,no,475,no,no,telephone,20,dec,259,1,-1,0,failure,1
33,admin.,married,tertiary,no,333,yes,no,telephone,25,jul,46,4,2,1,unknown,0
59,unemployed,divorced,secondary,no,1309,yes,no,cellular,6,jan,129,5,-1,0,unknown,0
19,retired,married,unknown,no,3022,no,no,unknown,24,dec,302,2,-1,0,unknown,0
55,blue-collar,divorced,secondary,no,710,yes,yes,cellular,23,jun,60,4,-1,1,unknown,0
38,blue-collar,married,secondary,no,1859,yes,yes,cellular,4,oct,170,1,-1,1,unknown,0
50,technician,married,secondary,no,36,no,yes,unknown,12,sep,229,5,-1,0,unknown,0
41,technician,married,tertiary,no,3180,no,no,cellular,2,dec,401,2,297,0,unknown,0
53,unknown,married,secondary,no,48,no,no,telephone,27,jan,62,1,703,0,success,0
36,admin.,married,secondary,no,119,no,yes,cellular,29,feb,985,4,-1,0,unknown,0
28,retired,divorced,tertiary,no,-31,no,no,cellular,18,feb,883,5,-1,2,unknown,0
56,management,divorced,secondary,no,355,no,no,cellular,14,oct,3,2,277,0,unknown,0
39,blue-collar,married,secondary,no,1005,yes,no,cellular,8,mar,118,3,-1,0,unknown,0
43,admin.,married,tertiary,no,6433,no,no,cellular,8,apr,18,4,-1,0,unknown,0
54,blue-collar,married,secondary,no,2165,no,no,cellular,12,jul,98,4,607,0,success,0
29,blue-collar,married,secondary,no,518,no,yes,unknown,1,mar,240,2,-1,0,success,0
47,admin.,married,secondary,no,1086,yes,yes,cellular,29,jul,242,3,-1,0,unknown,0
34,retired,married,secondary,no,1264,yes,no,unknown,1,may,26,2,-1,0,unknown,0
39,entrepreneur,married,tertiary,no,2395,yes,no,cellular,4,may,291,2,-1,0,unknown,0
41,services,married,secondary,no,1800,no,no,telephone,17,jul,483,1,-1,0,unknown,0
24,management,married,primary,no,1063,no,no,cellular,10,jul,257,5,-1,0,unknown,0
32,student,married,primary,no,1459,no,no,cellular,1,jul,95,2,-1,0,failure,0
55,management,married,secondary,no,1855,yes,no,telephone,26,sep,0,1,756,0,unknown,1
50,management,divorced,unknown,no,14,yes,no,cellular,11,jan,269,1,-1,0,success,0
40,services,married,secondary,no,135,yes,no,unknown,31,jan,292,1,-1,1,other,0
43,technician,single,secondary,no,1549,yes,no,cellular,21,mar,318,1,-1,0,unknown,0
37,admin.,single,secondary,no,2649,no,no,unknown,17,jun,10,2,510,0,unknown,0
55,admin.,divorced,secondary,no,589,no,no,cellular,10,feb,187,5,-1,0,unknown,0
38,services,single,tertiary,no,5659,yes,no,cellular,28,sep,137,1,-1,0,unknown,0
43,student,single,secondary,no,165,yes,no,cellular,6,jan,376,7,-1,0,unknown,0
53,technician,single,primary,no,608,yes,no,cellular,31,may,330,1,-1,0,unknown,0
32,admin.,married,tertiary,no,513,yes,no,cellular,4,jul,776,3,-1,0,unknown,0
58,management,married,secondary,no,3795,no,no,cellular,26,oct,587,4,-1,0,unknown,0
24,entrepreneur,divorced,tertiary,no,304,no,no,cellular,13,mar,210,3,-1,0,unknown,0
58,services,single,primary,no,754,no,no,telephone,27,feb,1015,1,-1,1,unknown,1
36,technician,divorced,secondary,no,110,no,no,unknown,11,mar,41,3,-1,0,unknown,1
38,blue-collar,single,secondary,no,904,yes,no,cellular,5,dec,1,2,-1,0,unknown,0
20,blue-collar,single,secondary,no,2721,yes,no,cellular,14,jul,29,1,-1,0,unknown,0
35,unknown,single,secondary,no,343,yes,no,cellular,25,jan,113,1,-1,0,failure,0
29,housemaid,single,tertiary,no,2297,no,yes,unknown,2,aug,363,1,-1,0,unknown,0
34,management,married,secondary,no,3433,no,no,cellular,3,mar,124,1,-1,0,unknown,0
39,blue-collar,divorced,tertiary,no,-86,no,no,cellular,29,may,391,3,-1,0,unknown,1
51,services,single,tertiary,no,1918,yes,no,cellular,3,oct,350,7,-1,0,unknown,0
43,blue-collar,single,tertiary,no,242,no,no,cellular,11,nov,408,1,-1,0,unknown,0
44,management,single,secondary,no,89,yes,yes,cellular,9,may,53,1,-1,0,unknown,0
28,blue-collar,married,secondary,no,1178,yes,no,cellular,19,jun,187,1,-1,0,other,0
31,technician,married,secondary,no,1634,yes,no,cellular,10,jul,321,3,-1,0,unknown,0
60,management,divorced,secondary,no,553,yes,no,telephone,21,nov,86,5,-1,0,failure,0
32,services,married,primary,no,-140,no,no,cellular,6,jan,469,1,588,0,unknown,0
59,blue-collar,married,secondary,no,3390,no,no,cellular,22,jun,389,5,-1,0,unknown,0
38,self-employed,married,secondary,no,1768,yes,no,telephone,6,feb,32,1,733,0,unknown,0
41,admin.,single,secondary,no,275,yes,no,cellular,1,oct,63,1,-1,0,unknown,0
52,retired,single,primary,no,830,yes,no,cellular,22,mar,69,1,-1,0,unknown,0
54,management,single,tertiary,no,-157,yes,no,telephone,1,may,543,1,-1,0,unknown,0
39,blue-collar,single,tertiary,no,421,yes,no,cellular,22,jan,53,1,-1,0,unknown,0
36,management,married,secondary,no,908,no,no,cellular,29,jul,251,2,-1,0,unknown,0
40,services,married,secondary,no,892,yes,no,telephone,26,jan,17,3,-1,0,unknown,0
44,management,married,tertiary,no,150,no,yes,cellular,31,aug,207,1,423,0,unknown,0
50,technician,single,unknown,no,2049,yes,yes,cellular,22,nov,39,1,-1,0,unknown,0
41,blue-collar,married,tertiary,no,332,yes,no,cellular,19,dec,221,1,209,0,unknown,0
47,technician,single,tertiary,no,1102,yes,no,cellular,3,jun,118,4,-1,0,unknown,0
59,management,married,secondary,no,275,no,yes,unknown,6,nov,240,1,-1,0,unknown,0
45,blue-collar,married,secondary,no,630,yes,no,telephone,2,jan,129,1,422,0,unknown,0
44,management,divorced,primary,no,148,yes,no,cellular,15,jul,496,1,-1,0,unknown,0
24,management,married,secondary,no,1303,no,no,cellular,12,oct,364,1,-1,0,unknown,1
18,technician,single,unknown,no,631,yes,no,unknown,21,mar,480,2,-1,0,unknown,0
45,admin.,married,secondary,no,-175,no,no,unknown,10,jul,64,1,-1,0,success,0
39,blue-collar,married,secondary,no,-157,yes,yes,cellular,19,nov,41,1,-1,0,unknown,1
35,blue-collar,married,tertiary,no,755,no,no,cellular,21,aug,210,4,-1,0,unknown,0
43,blue-collar,married,secondary,no,103,yes,no,telephone,30,oct,532,7,-1,0,other,0
40,technician,single,secondary,no,1119,yes,no,telephone,13,mar,30,4,331,0,failure,0
53,self-employed,married,secondary,no,586,yes,no,cellular,3,may,68,7,-1,0,unknown,0
41,management,married,tertiary,no,1393,yes,no,telephone,18,oct,353,3,-1,0,unknown,0
32,retired,married,secondary,no,4367,no,no,cellular,20,feb,161,9,300,0,unknown,0
51,services,single,secondary,no,928,no,no,cellular,5,feb,238,2,-1,0,unknown,0
38,admin.,single,tertiary,no,2122,yes,no,cellular,22,jan,231,4,-1,0,unknown,0
46,management,married,secondary,no,1897,yes,no,cellular,13,mar,137,7,-1,0,unknown,0
35,technician,married,primary,yes,3622,yes,no,unknown,29,apr,315,3,-1,0,failure,0
33,admin.,single,secondary,no,161,no,no,cellular,14,mar,493,7,234,1,unknown,0
41,management,single,tertiary,no,2434,yes,no,cellular,30,nov,614,1,-1,0,unknown,0
41,admin.,married,secondary,no,3339,yes,no,unknown,30,aug,12,1,-1,0,unknown,0
46,admin.,single,tertiary,no,548,no,no,cellular,15,jan,208,1,-1,0,unknown,0
38,admin.,single,tertiary,no,364,yes,no,unknown,18,may,10,2,-1,0,unknown,0
20,management,single,primary,no,4355,yes,no,unknown,29,jul,596,5,-1,0,unknown,0
36,admin.,single,secondary,no,1281,yes,no,cellular,14,sep,144,5,-1,0,unknown,0
49,retired,divorced,secondary,no,518,no,no,cellular,19,jan,595,3,-1,1,unknown,1
37,services,married,tertiary,no,2154,yes,no,unknown,3,sep,53,1,-1,0,unknown,0
38,management,divorced,secondary,no,344,no,no,cellular,22,nov,45,1,-1,0,unknown,0
51,management,married,secondary,no,91,yes,no,cellular,1,sep,616,2,182,0,unknown,0
33,technician,single,primary,no,977,yes,yes,unknown,23,apr,718,2,-1,0,unknown,0
24,management,married,secondary,no,1052,no,no,cellular,29,oct,375,1,-1,0,unknown,0
39,blue-collar,married,unknown,no,2420,yes,yes,cellular,24,may,64,1,-1,0,unknown,0
35,services,single,secondary,no,716,yes,no,cellular,7,jun,48,3,-1,0,unknown,0
30,entrepreneur,single,tertiary,no,2327,yes,no,telephone,20,apr,355,4,-1,0,unknown,0
39,services,married,tertiary,no,359,yes,no,cellular,7,jun,259,1,-1,0,unknown,1
46,management,married,secondary,no,1084,no,no,cellular,17,may,530,2,-1,0,success,0
40,management,married,unknown,no,150,yes,no,cellular,29,mar,83,3,-1,1,unknown,0
44,management,divorced,secondary,no,530,no,no,cellular,15,mar,90,2,-1,0,failure,0
60,technician,divorced,primary,no,2723,no,no,unknown,13,sep,339,7,-1,1,unknown,0
37,services,married,tertiary,no,164,no,no,cellular,24,may,80,1,-1,0,unknown,0
44,management,single,secondary,no,2292,no,yes,cellular,30,nov,160,4,-1,0,unknown,0
35,blue-collar,divorced,primary,no,298,no,no,cellular,26,mar,189,1,-1,0,unknown,0
31,blue-collar,married,secondary,no,-147,yes,no,unknown,15,aug,285,3,-1,0,other,0
34,self-employed,single,primary,no,-25,yes,no,cellular,26,aug,108,1,-1,0,unknown,0
35,management,married,secondary,no,1854,yes,no,cellular,3,mar,504,7,248,0,unknown,0
44,technician,single,primary,no,255,no,no,unknown,25,jul,132,1,220,1,unknown,0
66,management,married,tertiary,no,1392,no,no,unknown,17,sep,10,2,-1,1,failure,0
33,blue-collar,married,secondary,no,1601,yes,no,cellular,16,mar,17,5,-1,0,unknown,0
36,technician,married,tertiary,no,434,no,no,telephone,22,aug,918,2,-1,0,unknown,1
40,services,married,secondary,no,766,no,yes,unknown,1,dec,251,4,-1,0,unknown,0
45,blue-collar,single,secondary,no,575,yes,no,unknown,24,dec,174,6,-1,0,other,0
43,blue-collar,married,secondary,no,4216,yes,yes,cellular,14,jan,525,1,-1,0,unknown,0
55,blue-collar,married,secondary,no,378,yes,yes,telephone,3,dec,325,2,-1,0,unknown,0
18,management,divorced,secondary,no,103,no,no,cellular,20,mar,51,3,-1,0,unknown,0
18,blue-collar,married,tertiary,no,482,yes,no,cellular,28,dec,1,4,121,0,failure,1
35,student,married,secondary,no,1460,yes,no,cellular,22,apr,1038,1,-1,0,success,0
53,services,divorced,secondary,no,1592,no,no,cellular,4,mar,255,2,-1,1,unknown,0
23,services,divorced,secondary,no,3666,no,no,telephone,30,sep,167,1,-1,0,unknown,0
18,admin.,married,tertiary,no,3002,yes,no,cellular,24,dec,746,3,-1,0,failure,0
47,management,married,tertiary,no,310,yes,no,cellular,9,oct,118,1,-1,0,unknown,0
43,technician,divorced,secondary,no,710,yes,no,cellular,21,may,330,1,-1,0,unknown,0
29,management,married,primary,no,1863,no,yes,cellular,1,mar,286,3,-1,0,unknown,0
30,technician,married,tertiary,no,3525,no,no,cellular,24,mar,291,4,-1,1,unknown,0
30,management,married,tertiary,no,416,no,no,unknown,14,nov,291,1,-1,0,unknown,1
42,blue-collar,married,secondary,no,681,yes,no,telephone,13,feb,2,2,-1,0,unknown,1
34,retired,single,secondary,no,3246,yes,no,cellular,15,oct,448,3,-1,0,unknown,1
46,services,single,primary,no,465,yes,no,cellular,18,jun,661,3,32,0,unknown,0
18,admin.,divorced,primary,no,782,yes,no,cellular,16,sep,153,3,-1,1,unknown,0
31,self-employed,single,secondary,no,3323,yes,no,telephone,6,jul,212,1,-1,0,unknown,0
28,management,married,secondary,no,2231,no,no,cellular,22,feb,101,2,-1,0,unknown,0
38,management,married,tertiary,no,218,yes,yes,cellular,16,sep,396,1,-1,0,unknown,0
35,retired,divorced,tertiary,no,389,yes,yes,cellular,11,mar,344,6,275,0,unknown,0
49,technician,married,primary,no,453,no,no,cellular,7,jul,346,3,-1,0,failure,0
20,technician,married,secondary,no,3458,yes,no,cellular,28,oct,342,1,-1,0,unknown,0
41,technician,divorced,secondary,no,10065,no,no,unknown,9,jul,63,1,-1,0,unknown,0
47,technician,married,secondary,no,2030,yes,no,unknown,1,apr,30,1,-1,0,other,0
61,blue-collar,married,secondary,no,793,yes,no,cellular,10,apr,96,2,-1,0,unknown,0
35,blue-collar,divorced,secondary,no,-184,yes,no,unknown,29,dec,220,3,-1,1,unknown,0
44,blue-collar,divorced,primary,no,1593,no,yes,unknown,28,feb,131,6,-1,0,unknown,0
21,retired,married,tertiary,no,539,no,no,telephone,8,feb,73,3,-1,0,unknown,0
18,entrepreneur,single,primary,no,1303,yes,no,telephone,11,feb,5,3,-1,0,unknown,0
50,technician,married,secondary,no,1199,yes,no,unknown,5,dec,33,4,507,0,unknown,0
40,management,married,secondary,no,783,no,no,cellular,29,nov,28,2,74,1,unknown,0
53,technician,divorced,secondary,no,4134,yes,no,cellular,6,may,809,1,-1,0,unknown,0
25,admin.,divorced,secondary,no,-164,no,no,unknown,24,mar,389,5,-1,1,unknown,0
46,admin.,married,primary,no,1667,no,no,cellular,24,oct,33,2,-1,1,unknown,0
61,retired,married,secondary,no,591,no,no,unknown,12,jul,162,9,-1,0,unknown,0
45,technician,married,secondary,no,1676,no,no,unknown,11,jul,274,2,-1,0,unknown,0
44,blue-collar,married,secondary,no,1486,yes,no,cellular,7,jun,837,3,-1,1,other,0
41,blue-collar,married,secondary,no,-184,yes,yes,cellular,7,aug,80,2,-1,0,unknown,0
23,blue-collar,married,tertiary,no,303,yes,yes,cellular,12,nov,79,1,668,0,unknown,0
55,blue-collar,married,secondary,no,114,yes,no,cellular,12,apr,216,6,-1,0,unknown,1
34,blue-collar,married,tertiary,no,74,no,yes,cellular,1,sep,502,2,-1,0,success,0
46,blue-collar,married,tertiary,no,1755,yes,no,cellular,24,dec,84,2,-1,1,unknown,0
23,admin.,single,secondary,no,210,no,no,cellular,19,dec,34,1,51,0,unknown,0
28,management,married,secondary,yes,765,no,no,cellular,21,oct,79,14,-1,0,unknown,0
56,admin.,married,tertiary,no,225,yes,no,cellular,4,oct,153,5,-1,0,unknown,0
37,management,single,tertiary,no,1102,yes,no,telephone,26,may,115,2,-1,0,unknown,0
56,management,single,secondary,no,1712,yes,no,unknown,19,apr,509,1,-1,0,unknown,0
40,housemaid,married,secondary,no,403,yes,no,cellular,26,mar,738,1,-1,1,unknown,0
20,unemployed,married,secondary,no,1185,yes,no,cellular,21,sep,122,1,-1,0,unknown,0
50,management,single,secondary,no,2413,yes,no,unknown,19,dec,447,2,622,0,unknown,0
34,blue-collar,married,secondary,no,-51,no,no,cellular,25,apr,18,4,-1,0,unknown,0
48,management,single,secondary,yes,1660,no,yes,cellular,11,sep,208,1,-1,0,success,0
41,blue-collar,married,secondary,no,385,yes,no,cellular,29,nov,459,2,758,0,unknown,0
24,services,married,secondary,no,-3,yes,no,cellular,9,jan,139,2,-1,0,unknown,0
42,unemployed,married,secondary,no,983,no,yes,cellular,13,may,39,1,-1,0,unknown,0
65,unknown,single,primary,no,184,yes,yes,cellular,22,jan,86,1,438,0,unknown,0
46,technician,divorced,tertiary,no,2383,yes,no,cellular,19,sep,174,2,347,0,unknown,0
40,blue-collar,married,primary,no,-134,no,no,cellular,5,dec,478,1,-1,0,unknown,0
52,technician,married,secondary,no,-44,no,no,cellular,11,jul,356,2,-1,0,unknown,0
43,services,married,tertiary,no,904,no,no,cellular,24,dec,22,1,595,1,unknown,1
43,services,married,secondary,no,1133,yes,no,cellular,25,oct,203,4,-1,0,failure,0
28,blue-collar,divorced,tertiary,no,1763,yes,yes,cellular,3,sep,531,3,-1,0,unknown,0
43,technician,married,secondary,no,250,yes,no,unknown,5,may,222,3,588,0,unknown,0
52,technician,divorced,secondary,no,2565,no,no,cellular,13,oct,17,2,-1,0,unknown,0
31,management,single,primary,no,4390,yes,no,cellular,30,sep,446,1,-1,0,failure,0
56,admin.,divorced,tertiary,no,836,yes,yes,cellular,31,apr,612,3,-1,0,unknown,0
39,blue-collar,single,primary,no,1943,no,no,unknown,14,mar,127,3,-1,0,unknown,0
31,technician,married,secondary,no,916,no,yes,telephone,13,feb,95,4,-1,0,unknown,1
51,blue-collar,married,secondary,no,-92,no,yes,cellular,2,apr,202,1,-1,0,unknown,0
37,admin.,married,secondary,no,392,yes,no,cellular,2,mar,1068,1,-1,1,success,0
49,management,married,tertiary,no,-62,yes,no,cellular,18,sep,468,1,455,0,unknown,0
37,services,married,tertiary,no,6548,no,no,cellular,28,dec,429,1,496,1,unknown,0
40,services,married,primary,no,190,no,no,unknown,6,dec,55,2,346,0,unknown,0
46,self-employed,divorced,secondary,no,1315,yes,no,cellular,19,dec,581,1,-1,0,unknown,0
44,entrepreneur,married,tertiary,no,301,yes,no,cellular,10,aug,209,4,-1,0,success,0
19,technician,single,secondary,no,1388,no,no,cellular,21,dec,641,3,-1,1,unknown,0
28,technician,divorced,secondary,no,154,yes,no,cellular,8,jan,272,1,-1,0,unknown,0
51,technician,single,tertiary,no,2107,no,no,telephone,5,feb,463,1,-1,0,unknown,0
39,management,married,secondary,no,-23,yes,no,cellular,2,mar,46,2,208,0,unknown,0
35,blue-collar,married,secondary,no,3182,yes,no,cellular,6,jun,316,2,-1,0,unknown,0
26,blue-collar,married,secondary,no,2552,no,no,telephone,18,may,76,3,-1,0,unknown,0
29,services,married,secondary,no,1503,yes,no,cellular,29,nov,47,7,-1,0,unknown,0
18,management,married,secondary,no,-95,no,no,telephone,8,may,220,3,-1,1,unknown,0
39,unknown,single,secondary,no,150,yes,no,cellular,2,jun,238,2,-1,1,unknown,0
34,admin.,married,secondary,no,2742,yes,yes,cellular,23,dec,174,2,-1,0,unknown,0
30,admin.,married,secondary,no,-4,no,no,unknown,30,aug,24,3,-1,0,unknown,0
40,services,divorced,unknown,no,54,no,no,telephone,20,jan,72,6,-1,0,unknown,0
45,admin.,married,primary,no,977,no,no,cellular,4,may,69,2,-1,0,unknown,0
64,self-employed,married,secondary,no,280,yes,no,unknown,15,jun,97,2,-1,0,unknown,0
24,technician,single,unknown,no,176,yes,no,telephone,30,nov,255,1,-1,0,unknown,0
53,blue-collar,married,tertiary,no,1086,no,yes,unknown,24,oct,148,4,-1,0,unknown,0
51,management,single,secondary,no,499,yes,no,cellular,20,nov,891,3,545,0,unknown,0
32,management,married,secondary,no,27,no,no,cellular,24,jun,4,1,-1,0,unknown,0
43,technician,single,primary,no,948,yes,no,cellular,9,sep,62,5,-1,0,unknown,0
35,management,married,tertiary,no,534,no,no,telephone,24,oct,219,7,-1,0,unknown,0
43,technician,married,primary,no,1789,no,no,cellular,20,jul,545,1,-1,0,unknown,0
57,management,married,primary,no,-37,yes,no,unknown,21,apr,8,1,-1,0,unknown,0
47,management,married,secondary,no,1253,no,no,cellular,6,jul,554,4,-1,0,unknown,0
46,services,married,secondary,no,660,yes,no,cellular,31,jul,182,2,249,0,unknown,0
36,management,married,secondary,no,581,yes,no,cellular,9,nov,397,5,-1,0,unknown,0
24,admin.,married,secondary,no,196,yes,no,cellular,13,nov,766,1,-1,0,unknown,0
38,management,married,secondary,no,-153,no,no,telephone,5,jun,62,2,-1,0,unknown,0
54,services,married,secondary,no,2622,yes,no,cellular,14,aug,228,2,-1,0,unknown,0
24,services,married,secondary,no,392,no,no,cellular,14,aug,555,1,-1,0,unknown,0
29,unknown,single,secondary,no,1514,yes,no,cellular,18,oct,480,10,-1,1,unknown,0
42,retired,married,secondary,no,4222,yes,no,unknown,7,dec,189,3,-1,0,unknown,0
30,management,married,secondary,no,1048,no,no,unknown,6,jun,770,3,-1,0,unknown,0
32,housemaid,single,secondary,no,559,yes,yes,cellular,27,nov,317,1,237,0,unknown,0
36,services,single,secondary,no,268,no,yes,cellular,12,feb,191,3,-1,0,unknown,1
25,services,married,tertiary,yes,3878,no,yes,cellular,14,may,15,4,-1,0,unknown,0
30,unknown,married,primary,no,1518,no,no,unknown,19,jan,172,4,788,0,unknown,0
48,technician,married,secondary,no,1441,yes,no,cellular,16,oct,141,5,576,0,unknown,1
26,services,married,secondary,no,633,yes,no,cellular,24,oct,93,1,-1,0,unknown,0
23,technician,single,primary,no,2596,no,no,cellular,19,dec,738,1,-1,0,unknown,0
34,blue-collar,married,secondary,no,1675,no,yes,telephone,10,oct,670,3,647,0,unknown,0
49,management,single,tertiary,no,299,yes,no,unknown,11,dec,106,4,-1,0,unknown,0
38,self-employed,married,secondary,no,1172,no,no,cellular,4,nov,147,3,-1,0,failure,0
35,management,married,primary,no,643,yes,no,cellular,25,sep,359,1,-1,0,unknown,0
41,technician,single,primary,no,-190,yes,no,cellular,29,apr,464,2,-1,0,unknown,1
21,blue-collar,married,tertiary,no,2272,no,yes,cellular,20,jan,30,3,303,0,unknown,1
46,admin.,married,secondary,no,-3,yes,no,cellular,2,mar,174,1,-1,1,unknown,0
45,blue-collar,divorced,primary,no,869,yes,no,unknown,9,oct,634,1,-1,0,unknown,0
36,technician,divorced,tertiary,no,414,yes,no,unknown,10,feb,281,1,685,0,unknown,1
52,management,single,tertiary,yes,428,yes,no,unknown,8,sep,202,1,-1,0,unknown,0
28,admin.,married,secondary,no,773,no,no,cellular,31,jul,326,1,-1,0,unknown,0
53,housemaid,married,tertiary,no,8525,yes,no,cellular,4,oct,279,1,-1,0,unknown,0
42,admin.,divorced,secondary,no,587,no,no,telephone,13,oct,735,2,-1,0,failure,0
37,blue-collar,married,secondary,no,101,no,no,cellular,27,dec,628,1,126,0,success,0
40,services,single,tertiary,no,1226,yes,no,cellular,6,jun,130,2,-1,1,unknown,0
39,entrepreneur,married,secondary,no,204,yes,no,cellular,6,apr,8,1,-1,0,unknown,0
54,blue-collar,married,tertiary,no,-32,yes,yes,unknown,27,nov,104,1,-1,0,unknown,0
29,blue-collar,divorced,tertiary,no,-122,no,no,telephone,2,apr,58,7,-1,0,unknown,0
32,blue-collar,married,secondary,no,-165,yes,no,cellular,9,dec,36,4,539,0,unknown,0
52,admin.,married,tertiary,no,646,yes,yes,cellular,6,dec,564,2,-1,0,unknown,0
34,blue-collar,married,primary,no,634,yes,no,unknown,5,jul,319,2,-1,0,unknown,0
50,technician,married,secondary,no,107,no,no,unknown,2,aug,8,1,627,0,unknown,0
59,technician,married,tertiary,no,2098,no,no,telephone,29,apr,650,4,-1,0,unknown,0
36,management,married,secondary,no,7,no,no,cellular,14,jul,601,1,-1,0,failure,0
48,blue-collar,married,secondary,no,3503,no,no,cellular,10,mar,769,1,-1,0,failure,0
28,technician,single,secondary,no,1128,yes,no,cellular,31,dec,456,2,-1,0,failure,0
49,management,married,secondary,no,-157,no,yes,unknown,15,dec,21,1,-1,0,unknown,0
43,unknown,divorced,secondary,no,4744,yes,no,cellular,17,sep,251,2,-1,0,unknown,0
46,retired,married,unknown,no,352,yes,no,cellular,7,dec,22,1,-1,0,unknown,0
33,admin.,married,tertiary,no,696,no,no,cellular,20,mar,322,1,244,0,unknown,0
22,blue-collar,married,secondary,no,301,yes,no,cellular,11,mar,56,3,-1,0,unknown,0
46,services,single,secondary,no,1755,yes,yes,cellular,13,oct,708,2,-1,0,success,0
18,self-employed,divorced,tertiary,no,797,no,no,unknown,23,dec,701,1,-1,0,unknown,0
37,admin.,single,secondary,no,12,yes,no,cellular,21,feb,232,1,380,0,unknown,1
51,unknown,married,secondary,no,-34,yes,no,cellular,17,mar,360,1,-1,0,unknown,0
43,technician,married,secondary,no,1738,no,no,cellular,5,aug,503,4,-1,0,unknown,0
62,housemaid,single,secondary,no,205,yes,no,unknown,12,feb,127,2,-1,0,unknown,0
52,technician,divorced,secondary,no,22,no,yes,telephone,4,jan,223,2,-1,0,other,0
33,management,divorced,tertiary,no,838,no,no,cellular,1,may,49,1,-1,0,unknown,0
41,blue-collar,married,primary,no,2235,yes,no,cellular,10,aug,1092,3,-1,0,unknown,0
40,management,divorced,secondary,no,290,yes,no,cellular,2,jun,683,1,-1,0,unknown,0
23,housemaid,married,secondary,no,285,no,no,cellular,13,feb,170,2,-1,0,failure,0
30,blue-collar,married,secondary,no,2492,no,no,cellular,31,dec,207,2,-1,0,other,0
34,blue-collar,married,unknown,no,39,yes,no,unknown,13,sep,148,4,-1,2,unknown,0
18,unknown,married,primary,no,1238,yes,no,cellular,25,apr,0,4,-1,0,unknown,0
41,blue-collar,single,tertiary,no,4452,yes,yes,unknown,31,mar,67,1,-1,0,other,0
38,management,single,primary,no,2561,no,no,cellular,12,apr,27,5,36,0,unknown,0
22,blue-collar,single,secondary,no,-104,yes,no,cellular,1,mar,100,1,577,1,unknown,0
45,admin.,single,unknown,no,378,no,no,cellular,10,aug,69,1,33,0,unknown,0
48,blue-collar,married,secondary,no,30,no,no,cellular,20,jan,369,1,-1,0,unknown,0
43,admin.,single,secondary,no,4270,no,no,cellular,24,jan,181,3,-1,1,unknown,0
37,technician,married,tertiary,no,6196,no,no,telephone,5,sep,438,2,123,1,unknown,0
47,technician,single,secondary,no,201,yes,no,cellular,10,jul,260,1,-1,0,success,0
48,management,single,tertiary,no,1461,yes,no,cellular,7,sep,275,1,-1,0,unknown,0
44,technician,single,secondary,no,2564,no,yes,unknown,15,mar,539,1,-1,1,unknown,0
31,services,married,tertiary,no,199,yes,no,unknown,27,mar,484,5,859,0,unknown,0
44,admin.,divorced,secondary,no,111,yes,no,cellular,18,feb,16,3,-1,0,unknown,0
54,entrepreneur,married,secondary,no,-183,no,no,unknown,20,feb,222,1,-1,0,unknown,0
34,blue-collar,married,primary,no,596,yes,no,cellular,4,nov,137,5,-1,0,unknown,0
64,admin.,single,primary,no,3245,no,no,cellular,1,sep,236,1,-1,0,unknown,1
35,technician,married,unknown,no,3299,yes,no,cellular,28,feb,512,3,-1,0,unknown,0
41,management,divorced,tertiary,no,5,yes,no,unknown,8,apr,3,2,-1,0,unknown,0
33,housemaid,married,tertiary,no,142,yes,no,cellular,11,nov,2,1,-1,0,unknown,0
43,blue-collar,married,tertiary,no,586,no,no,cellular,3,apr,16,1,-1,0,unknown,0
21,housemaid,divorced,secondary,no,2075,no,no,cellular,31,sep,536,2,-1,0,unknown,0
34,technician,married,secondary,no,1219,yes,no,cellular,28,mar,112,6,-1,1,unknown,0
28,retired,married,secondary,no,881,yes,no,cellular,29,oct,119,3,-1,0,unknown,0
42,technician,married,primary,yes,1144,no,no,cellular,12,feb,109,3,-1,0,unknown,0
51,technician,married,secondary,no,-48,yes,no,cellular,13,dec,67,5,-1,0,unknown,0
48,blue-collar,single,primary,no,774,yes,no,cellular,20,mar,10,2,29,0,unknown,0
18,technician,married,tertiary,no,7054,yes,no,cellular,18,sep,611,1,-1,0,unknown,0
63,management,single,tertiary,no,-61,no,no,cellular,12,may,68,8,-1,0,unknown,1
44,technician,single,secondary,no,898,yes,no,telephone,10,may,578,2,-1,1,unknown,0
32,management,married,secondary,no,325,yes,no,cellular,21,jul,804,1,-1,0,unknown,0
42,retired,single,unknown,no,964,no,no,telephone,28,jan,221,3,-1,0,unknown,0
42,blue-collar,single,secondary,no,1079,yes,no,cellular,21,oct,120,2,-1,0,unknown,0
33,management,married,secondary,no,1092,no,no,cellular,15,may,374,1,-1,0,unknown,0
43,management,married,secondary,no,2667,yes,yes,unknown,3,sep,6,1,-1,2,unknown,0
34,management,married,secondary,no,540,yes,no,cellular,30,jun,681,2,-1,0,unknown,0
36,blue-collar,single,secondary,no,889,yes,no,cellular,24,dec,135,1,-1,1,unknown,0
33,management,single,tertiary,no,-183,no,no,unknown,15,aug,95,2,16,0,unknown,0
25,admin.,married,secondary,no,2137,yes,no,cellular,17,oct,35,1,-1,0,failure,0
42,management,single,tertiary,no,250,yes,no,cellular,29,aug,801,2,-1,0,unknown,0
47,technician,single,secondary,no,2343,no,no,unknown,16,jan,429,9,-1,0,unknown,0
46,services,single,primary,no,263,no,no,cellular,2,aug,332,3,-1,0,unknown,0
50,admin.,single,tertiary,no,-183,yes,no,telephone,1,jun,689,3,-1,0,unknown,0
44,management,married,secondary,no,52,yes,no,cellular,22,apr,829,1,-1,0,failure,0
35,admin.,divorced,secondary,no,6169,yes,no,cellular,31,mar,80,2,-1,0,unknown,0
50,blue-collar,single,secondary,no,378,no,no,cellular,4,may,398,4,-1,0,unknown,0
26,services,single,tertiary,no,-27,no,no,cellular,26,may,375,1,595,0,unknown,0
31,blue-collar,married,tertiary,no,-10,no,no,unknown,17,jul,210,1,-1,0,unknown,0
30,retired,married,primary,no,357,no,no,unknown,7,sep,42,3,526,1,unknown,0
52,student,married,secondary,no,-142,no,yes,cellular,25,nov,727,3,-1,0,unknown,0
51,technician,married,secondary,no,874,yes,no,unknown,5,jan,97,4,586,0,other,0
46,unknown,single,secondary,no,160,yes,no,cellular,23,sep,223,2,-1,0,unknown,0
52,blue-collar,married,secondary,no,898,no,no,cellular,4,mar,5,4,-1,0,other,0
31,management,single,tertiary,no,27,yes,no,unknown,20,jun,144,1,-1,0,unknown,0
44,management,single,secondary,no,642,yes,no,cellular,20,jun,247,1,841,0,unknown,0
39,management,single,tertiary,no,1166,yes,no,cellular,29,apr,123,3,-1,0,unknown,0
50,unknown,married,tertiary,no,-103,no,no,cellular,5,feb,167,1,-1,0,unknown,0
39,blue-collar,divorced,primary,no,563,yes,no,cellular,8,may,55,1,536,0,unknown,0
36,blue-collar,single,secondary,no,340,yes,no,cellular,20,mar,111,1,-1,1,unknown,0
46,management,single,primary,no,212,no,no,cellular,23,apr,331,3,-1,0,unknown,0
50,blue-collar,married,unknown,no,1191,yes,yes,unknown,9,jun,902,4,-1,0,unknown,0
33,self-employed,married,primary,no,1132,no,no,cellular,6,nov,163,1,-1,0,unknown,0
40,entrepreneur,married,tertiary,no,1294,yes,no,cellular,4,jul,298,5,-1,1,unknown,0
29,unknown,married,primary,no,59,no,yes,cellular,5,feb,964,2,-1,0,unknown,1
18,admin.,married,tertiary,no,304,yes,yes,cellular,8,nov,384,6,-1,0,unknown,0
43,admin.,married,secondary,no,152,no,no,unknown,20,mar,2,9,-1,1,unknown,0
47,blue-collar,single,tertiary,no,966,no,no,unknown,13,dec,707,4,-1,0,unknown,0
43,services,married,tertiary,no,727,no,no,telephone,4,jul,519,1,-1,1,unknown,0
19,entrepreneur,married,unknown,no,401,no,no,cellular,7,may,81,1,-1,1,unknown,0
37,services,single,tertiary,no,2112,yes,no,unknown,22,apr,51,2,-1,0,unknown,0
18,technician,married,secondary,no,-51,no,yes,cellular,1,apr,592,1,-1,1,unknown,0
56,technician,single,tertiary,no,5327,no,no,cellular,31,sep,301,4,-1,0,unknown,0
29,management,married,unknown,no,-14,no,no,cellular,9,sep,69,6,764,0,unknown,0
54,admin.,married,secondary,no,2024,no,no,unknown,29,oct,322,9,-1,0,other,0
51,blue-collar,married,secondary,no,488,yes,no,cellular,5,jul,236,1,-1,1,unknown,0
31,technician,single,tertiary,no,2806,no,no,cellular,10,jan,95,1,-1,0,unknown,0
28,technician,married,secondary,no,-84,yes,no,cellular,11,jan,209,1,41,1,unknown,0
44,services,single,secondary,no,504,no,no,cellular,18,mar,193,1,-1,0,unknown,0
31,services,married,secondary,no,412,yes,no,unknown,5,mar,183,1,489,0,unknown,0
42,blue-collar,married,primary,no,7276,yes,no,cellular,24,jul,187,1,-1,0,unknown,0
35,blue-collar,single,secondary,no,6155,no,no,cellular,22,dec,0,1,-1,0,failure,0
21,blue-collar,married,secondary,no,115,no,no,cellular,24,feb,80,1,-1,0,unknown,0
18,entrepreneur,single,tertiary,no,1291,no,yes,unknown,21,aug,145,4,-1,1,unknown,0
43,services,married,unknown,no,950,no,no,cellular,4,jan,35,2,267,0,unknown,1
34,management,married,unknown,no,51,no,yes,cellular,26,nov,356,2,112,0,unknown,0
34,blue-collar,single,secondary,no,75,no,no,cellular,19,aug,484,2,11,0,unknown,0
48,technician,divorced,unknown,no,6599,yes,no,cellular,16,sep,439,1,-1,0,unknown,0
53,blue-collar,married,secondary,no,704,no,no,unknown,2,may,158,6,-1,1,unknown,0
38,blue-collar,single,tertiary,no,1,no,no,unknown,15,nov,302,1,-1,0,unknown,0
37,blue-collar,married,tertiary,no,162,no,no,cellular,9,apr,20,3,-1,1,unknown,0
46,management,single,secondary,no,268,no,yes,cellular,31,jun,57,1,-1,0,unknown,0
26,blue-collar,single,secondary,no,872,yes,no,telephone,17,jun,12,9,761,0,unknown,0
43,technician,married,secondary,no,413,yes,no,cellular,26,aug,868,5,-1,1,unknown,0
47,management,married,primary,no,710,no,no,cellular,30,aug,220,1,-1,0,unknown,0
48,management,married,secondary,no,73,yes,no,cellular,31,jan,49,9,-1,0,failure,0
19,admin.,married,tertiary,no,393,no,no,unknown,2,sep,317,2,-1,0,unknown,0
32,blue-collar,married,secondary,no,-90,yes,no,unknown,22,oct,173,3,-1,1,unknown,0
31,unknown,single,secondary,no,3106,no,no,unknown,29,jan,146,1,-1,0,unknown,0
42,admin.,divorced,unknown,no,132,no,yes,cellular,6,mar,631,1,-1,0,unknown,0
46,retired,married,tertiary,no,1921,no,no,telephone,28,jul,317,4,-1,0,unknown,1
57,blue-collar,married,unknown,no,445,yes,no,cellular,1,may,302,1,-1,0,unknown,0
35,entrepreneur,married,secondary,no,764,yes,no,cellular,8,jun,26,5,636,0,unknown,1
35,technician,divorced,secondary,no,316,no,no,unknown,11,aug,24,1,636,0,failure,0
53,unknown,married,secondary,no,1588,no,no,unknown,20,apr,281,1,455,1,unknown,0
44,blue-collar,married,secondary,no,2592,yes,no,unknown,30,apr,43,2,-1,1,unknown,0
54,services,married,secondary,no,305,yes,no,unknown,23,aug,155,1,-1,0,unknown,0
44,services,married,tertiary,no,216,yes,no,telephone,26,mar,217,8,-1,0,other,0
28,management,married,secondary,no,1515,no,no,telephone,31,jun,126,1,76,0,unknown,0
26,management,married,secondary,no,125,no,no,unknown,15,apr,22,1,-1,0,unknown,0
23,unknown,married,secondary,no,1331,no,no,cellular,9,jun,350,2,-1,1,unknown,0
48,technician,married,tertiary,no,-51,no,yes,cellular,2,apr,558,3,-1,0,failure,0
54,management,married,tertiary,no,1251,yes,no,telephone,7,feb,45,7,-1,0,unknown,0
61,services,married,secondary,no,880,no,no,unknown,17,oct,496,1,-1,0,unknown,0
50,technician,married,tertiary,no,-18,yes,no,cellular,3,nov,401,2,-1,0,unknown,0
53,self-employed,divorced,secondary,no,1370,yes,no,unknown,4,nov,214,3,-1,0,unknown,0
34,admin.,divorced,primary,no,687,yes,no,cellular,3,mar,233,1,-1,0,unknown,0
28,admin.,married,primary,no,167,yes,no,unknown,8,nov,272,2,354,0,failure,0
50,management,married,tertiary,no,454,yes,no,telephone,11,aug,191,4,-1,0,unknown,0
45,technician,single,secondary,no,816,yes,no,cellular,28,jan,479,1,-1,0,unknown,0
42,blue-collar,married,tertiary,no,-55,yes,no,unknown,30,nov,165,1,-1,0,unknown,0
45,management,married,tertiary,no,4541,yes,no,unknown,16,oct,204,2,-1,0,unknown,0
44,technician,married,unknown,no,1442,no,yes,unknown,28,jun,9,3,-1,0,unknown,0
55,technician,divorced,unknown,no,-37,yes,no,unknown,14,sep,51,1,-1,0,unknown,0
55,management,single,primary,no,2396,yes,no,cellular,23,jan,604,1,-1,0,unknown,0
46,management,married,secondary,no,384,yes,no,cellular,19,apr,33,1,-1,1,other,0
50,admin.,married,unknown,no,1162,yes,no,unknown,23,jul,604,11,-1,0,unknown,0
46,management,divorced,tertiary,no,286,no,no,unknown,2,jun,260,2,-1,0,failure,0
35,management,divorced,primary,no,1783,no,no,cellular,12,jun,652,1,-1,0,unknown,1
49,unknown,divorced,secondary,no,1725,no,no,cellular,11,sep,434,1,-1,1,unknown,0
25,housemaid,married,secondary,no,1004,yes,yes,cellular,16,aug,517,1,-1,0,unknown,0
52,technician,married,secondary,no,213,yes,no,cellular,11,may,191,1,-1,0,unknown,0
27,management,single,secondary,no,238,yes,no,telephone,3,nov,450,3,-1,0,unknown,0
44,blue-collar,married,secondary,no,523,no,no,cellular,23,dec,159,2,-1,0,failure,0
31,services,married,primary,no,35,no,yes,cellular,10,nov,11,3,-1,0,unknown,0
47,admin.,married,secondary,no,417,yes,no,unknown,29,feb,271,1,-1,1,unknown,0
40,unknown,divorced,secondary,no,1529,yes,no,cellular,5,dec,336,1,-1,1,failure,0
23,technician,single,secondary,no,2465,yes,no,telephone,28,mar,27,2,-1,0,unknown,1
45,blue-collar,married,secondary,no,406,yes,no,cellular,31,dec,436,2,-1,0,unknown,1
34,management,divorced,unknown,no,199,no,no,telephone,13,oct,20,1,-1,0,unknown,0
50,retired,married,secondary,no,2481,no,no,cellular,25,mar,150,2,-1,1,unknown,1
41,admin.,single,secondary,no,3120,no,no,cellular,24,apr,172,1,-1,0,unknown,0
45,unemployed,married,primary,no,591,yes,no,cellular,6,feb,9,1,-1,2,unknown,0
30,technician,married,primary,no,-159,yes,no,unknown,28,aug,17,3,-1,0,unknown,0
34,management,married,secondary,no,1580,no,no,cellular,20,aug,154,1,-1,0,unknown,0
35,blue-collar,married,tertiary,no,2098,no,no,cellular,3,dec,96,4,-1,0,success,0
50,retired,married,tertiary,no,-172,yes,no,unknown,22,aug,436,5,-1,0,unknown,0
59,admin.,married,tertiary,no,1155,yes,no,cellular,9,oct,137,1,-1,0,unknown,0
32,management,divorced,secondary,no,1131,no,no,unknown,21,may,28,9,-1,0,unknown,0
52,technician,married,unknown,no,513,yes,no,cellular,28,oct,44,2,-1,0,failure,0
18,blue-collar,married,secondary,no,1878,yes,no,cellular,7,jun,288,7,-1,1,unknown,1
27,technician,married,secondary,no,638,yes,no,cellular,23,jun,773,9,-1,0,success,0
30,services,married,secondary,no,1494,no,yes,cellular,30,jul,525,4,-1,0,unknown,0
26,blue-collar,married,secondary,no,891,yes,no,cellular,7,jan,35,1,-1,0,success,0
23,admin.,single,primary,no,228,no,no,cellular,25,oct,4,2,-1,0,failure,0
45,blue-collar,married,tertiary,no,1199,yes,no,cellular,2,mar,6,3,-1,0,failure,0
38,admin.,single,secondary,no,1802,yes,no,unknown,8,nov,208,1,315,0,failure,0
45,technician,single,secondary,no,5269,no,yes,unknown,18,mar,171,5,384,0,failure,1
48,services,married,secondary,no,517,no,no,cellular,31,nov,3,4,-1,0,unknown,0
43,technician,married,unknown,no,-100,no,yes,cellular,27,jul,15,6,686,1,failure,0
48,blue-collar,divorced,tertiary,no,6430,yes,no,telephone,1,jun,2144,2,-1,0,unknown,0
40,technician,married,tertiary,no,1266,yes,no,cellular,28,sep,864,1,-1,0,other,0
27,blue-collar,married,tertiary,no,4190,no,yes,unknown,10,sep,34,2,-1,0,unknown,1
52,technician,divorced,tertiary,no,-35,yes,no,cellular,6,sep,46,3,-1,0,unknown,0
34,technician,married,tertiary,no,427,yes,no,telephone,18,apr,594,2,-1,0,unknown,0
30,unemployed,married,secondary,no,15,yes,no,cellular,30,mar,182,1,-1,0,failure,0
39,management,divorced,primary,no,2507,yes,no,cellular,13,apr,817,1,-1,0,unknown,0
30,admin.,married,tertiary,no,2984,yes,no,unknown,21,mar,189,2,-1,0,unknown,0
36,housemaid,married,tertiary,no,843,no,no,cellular,1,jul,222,1,-1,0,unknown,0
44,management,single,unknown,no,109,no,no,telephone,23,nov,64,3,-1,0,unknown,0
44,retired,single,primary,no,3,no,no,cellular,29,mar,538,2,-1,0,unknown,0
31,technician,married,primary,no,1130,no,no,cellular,1,jan,449,1,-1,1,failure,0
35,management,married,unknown,no,858,yes,no,cellular,12,aug,106,2,-1,0,failure,0
